Agudo,RS,Post,2022-09-19 17:11:22,prefagudo,"PrÃ¡ticas esportivas esportiva para a gurizada âš½ğŸ

No Ãºltimo sÃ¡bado, 17, aconteceu o Festival de Esportes na Grama, que contou com 135 participantes, entre crianÃ§as e adolescentes, da rede de ensino municipal, que praticaram as modalidades de Fut-3 e MinivolÃªi.

Atividades como estas sÃ£o de grande importÃ¢ncia para o desenvolvimento motor, alÃ©m de socializaÃ§Ã£o e cooperaÃ§Ã£o das crianÃ§as.

A 1Âª ediÃ§Ã£o do Festival de Esportes na Grama ocorreu no AtlÃ©tico Clube Avenida e Ã© uma parceria entre a Prefeitura Municipal e JAVILA Eventos.",,37
Agudo,RS,Post,2022-09-19 12:18:26,prefagudo,"â€œCaminhada pela Vidaâ€ mobiliza comunidade pelo Setembro Amarelo ğŸš¶ğŸ»ğŸ’›ğŸ—ï¸

ğŸ˜Š Atividade alusiva ao Setembro Amarelo, foi realizada no Ãºltimo sÃ¡bado, 17, a Caminhada pela Vida. A iniciativa foi promovida pela Secretaria de SaÃºde e reuniu autoridades, servidores pÃºblicos, idosos, adultos e crianÃ§as, que percorreram trechos no centro da cidade.

A concentraÃ§Ã£o aconteceu na PraÃ§a do Clube CentenÃ¡rio, onde autoridades falaram sobre a temÃ¡tica do Setembro Amarelo e foi realizada uma atividade de alongamento e relaxamento com a professora Elenara Steuernagel. â€œNeste perÃ­odo destacamos a importÃ¢ncia da prevenÃ§Ã£o e conscientizaÃ§Ã£o de assuntos relacionados Ã  saÃºde mental e prevenÃ§Ã£o do suicÃ­dio, por isso precisamos incentivar eventos que engajem a populaÃ§Ã£oâ€, diz Graciela Barchet, SecretÃ¡ria Municipal de SaÃºde. ğŸ’­ğŸ‘ğŸ»

ğŸ™ŒğŸ»ğŸ¥° Durante a caminhada, ocorreu a primeira parada, na PraÃ§a da Comunidade Luterana. Na ocasiÃ£o a Coordenadora do EspaÃ§o SER, VerÃ´nica Scardoelli, destacou que quando a pessoa estiver vivendo momentos de crise Ã© preciso procurar ajuda, seja de psicÃ³logo, amigos ou familiares e converse sobre o que sente. 

ğŸ§ ğŸ’š ApÃ³s um lanche, os participantes da caminhada relataram entre si situaÃ§Ãµes de felicidade e esperanÃ§a, com a orientaÃ§Ã£o da psicÃ³loga Aline Braga Rissi. A aromaterapia, prÃ¡tica integrativa que utiliza de Ã³leos essenciais e fragrÃ¢ncias com o intuito de melhorar o bem-estar fÃ­sico e psicolÃ³gico de uma pessoa, tambÃ©m foi aplicada com os presentes.

Para o prefeito LuÃ­s Henrique Kittel, o trabalho precisa estar focado principalmente em prevenir as doenÃ§as, garantindo saÃºde para todos. â€œA nossa caminhada, bem como as demais atividades que estÃ£o sendo realizadas no setembro amarelo tÃªm um papel fundamentalâ€, destacou o prefeito. â€œGratidÃ£o a todos que estÃ£o engajados nesse trabalho de prevenÃ§Ã£o com os nossos munÃ­cipesâ€, complementou Kittel. ğŸ˜„ğŸ‘ğŸ»

ğŸ“ğŸš¶ğŸ»â€â™€ï¸ A caminhada foi finalizada no Largo Aldo Berger, com uma aula de danÃ§a com a professora Tais Meneghetti. 

#AgudoDeTodos #AgudoRS #CaminhadaPelaVida #SetembroAmarelo #SaÃºde #PICS #SUS",,70
Agudo,RS,Comentario,2022-09-19 13:09:09,pousada_mate_e_cafe,,"ğŸ‘ğŸ‘ğŸ‘ğŸ˜como APLAUDIR  aos que fazem,aos que se importam,aos que realizam.ğŸ‘ğŸ‘ğŸ‘ğŸ‘ğŸ‘ğŸŒ¹ğŸ˜˜",
Agudo,RS,Comentario,2022-09-19 13:31:16,veramariakittel,,Que showwww!ğŸ’›ğŸ’›ğŸ‘ğŸ»ğŸ‘ğŸ»ğŸ‘ğŸ»ğŸ‘ğŸ»,
Agudo,RS,Comentario,2022-09-19 14:11:52,meneghettitais,,"Foi uma tarde de aprendizado, interaÃ§Ã£o e muito movimento! Movimento esse que dÃ¡ Ã¢nimo, previne doenÃ§as e dÃ¡ sentido a vida , com amizades, parcerias e diversÃ£o! Sou parceira dessas atividades ğŸ™ŒğŸ˜ğŸ‘ğŸ‘ğŸ‘",
Agudo,RS,Post,2022-09-16 20:11:08,prefagudo,"Um sonho que estÃ¡ se concretizando ğŸ¥°ğŸ 

ğŸŒ¾ğŸ‘ğŸ¼ O Volksgarten Ã© a concretizaÃ§Ã£o de um sonho para a comunidade agudense, principalmente para os agricultores familiares e artesÃ£os.

As cabanas no estilo germÃ¢nico, que ficarÃ£o disponÃ­veis aos pequenos produtores coloniais e artesÃ£os do municÃ­pio para a venda das suas mercadorias jÃ¡ estÃ¡ em fase de construÃ§Ã£o, e a previsÃ£o Ã© que em breve seja entregue Ã  populaÃ§Ã£o. ğŸ‡©ğŸ‡ªğŸ˜

ğŸ˜„ğŸ™ŒğŸ» Na totalidade, o projeto Volksgarten tambÃ©m prevÃª outros atrativos como, quiosque, chimarrÃ³dromo, pÃ³rtico de entrada e concha acÃºstica. No local, jÃ¡ hÃ¡ o â€œEspaÃ§o dos Dinosâ€, inaugurado em marÃ§o deste ano, onde estÃ£o expostas as rÃ©plicas de dinossauros encontrados em Agudo.

Veja o vÃ­deo abaixo e confira a visita realizada por feirantes na obra do Volksgarten. ğŸ‘‡ğŸ»ğŸ˜‰",,319
Agudo,RS,Comentario,2022-09-16 22:57:40,marileneprader,,ğŸ‘ğŸ‘ğŸ‘,
Agudo,RS,Comentario,2022-09-17 20:44:15,elianelehr20,,ParabÃ©ns ğŸ‘ğŸ‘ğŸ‘,
Agudo,RS,Comentario,2022-09-16 20:24:00,renatacarvalhok,,ğŸ‘ğŸ‘ğŸ‘ğŸ‘ğŸ‘ğŸ‘,
Agudo,RS,Comentario,2022-09-16 21:01:44,dasilvapuhl,,ğŸ‘ğŸ‘ğŸ‘ğŸ‘,
Agudo,RS,Comentario,2022-09-17 01:58:18,camilaaunfer,,ParabÃ©ns!!! ğŸ‘ğŸ‘ğŸ‘,
Agudo,RS,Comentario,2022-09-17 10:50:59,jefersonstahl,,ğŸ‘ğŸ‘ğŸ‘ğŸ‘,
Agudo,RS,Comentario,2022-09-16 23:09:06,eder.eliana_,,Kkkkkkk,
Agudo,RS,Comentario,2022-09-17 22:13:41,lisaniseiffert,,ğŸ‘ğŸ‘ğŸ‘,
Agudo,RS,Comentario,2022-09-18 01:03:09,simone_hoppee,,ParabÃ©ns!!!ğŸ‘ğŸ‘ğŸ‘,
Agudo,RS,Comentario,2022-09-16 22:30:56,elisamb_,,ğŸ‘ğŸ‘ğŸ‘,
Agudo,RS,Comentario,2022-09-18 02:07:26,evelyn.aguirre.2022,,Grande  evoluÃ§Ã£o  sin,
Agudo,RS,Comentario,2022-09-16 21:20:44,lucibeling,,ğŸ‘ğŸ‘ğŸ‘ğŸ‘ğŸ‘ğŸ‘â¤ï¸,
Agudo,RS,Comentario,2022-09-17 22:15:44,astadrescher,,"Orgulho desse nosso AGUDO, graÃ§as ao nosso Prefeito e Vice. PARABÃ‰NS ğŸ‘",
Agudo,RS,Comentario,2022-09-17 00:02:22,denisecavalheirobartmann,,"Que maravilha, nosso municÃ­pio estÃ¡ evoluindo,  parabÃ©ns administraÃ§Ã£o pelo Ã³timo trabalho desenvolvido para o progresso do nosso municÃ­pio ğŸ™ğŸ‘ğŸ‘ğŸ‘",
Agudo,RS,Comentario,2022-09-18 16:39:47,fabianeboeck,,ParabÃ©ns a administraÃ§Ã£o. Valorizando a todos Agudenses.,
Agudo,RS,Comentario,2022-09-16 22:07:04,wendt_simone,,ğŸ‘ğŸ‘ğŸ‘ğŸ‘ğŸ‘,
Agudo,RS,Comentario,2022-09-16 22:42:28,pretzellisiane,,ParabÃ©ns vai ficar muito bonito ğŸ‘ğŸ‘,
Agudo,RS,Comentario,2022-09-17 11:48:53,rosanepotter,,Vai ficar bom. Mas pergunto.... Agudo nÃ£o tem outras prioridades bÃ¡sicas????,
Agudo,RS,Post,2022-09-16 17:58:33,prefagudo,"Iniciam as instalaÃ§Ãµes das placas nos geossÃ­tios de Agudo ğŸï¸

Na manhÃ£ de hoje, 16, foram iniciadas as instalaÃ§Ãµes de  placas no municÃ­pio de Agudo. No Cerro da Figueira, foi instalado um painel interpretativo e prÃ³ximo ao Morro Agudo um totem informativo.

#geoparkquartacolonia #AgudoDeTodos #turismo",,87
Agudo,RS,Comentario,2022-09-16 18:07:50,renatacarvalhok,,ğŸ‘ğŸ‘ğŸ‘ğŸ‘ğŸ‘ğŸ‘,
Agudo,RS,Comentario,2022-09-16 18:13:59,elen_m_m,,Pode fazer visitas?,
Agudo,RS,Post,2022-09-15 22:56:17,prefagudo,"InauguraÃ§Ã£o da mais nova agroindÃºstria de Agudo ğŸ£ğŸ¥š

Nesta quinta-feira (15), foi realizada em Agudo a inauguraÃ§Ã£o oficial da agroindÃºstria de ovos coloniais Granja AvÃ­cola Novo, situada na localidade de Novo SÃ£o Paulo, de propriedade dos irmÃ£os AlÃ©cio e Cristina Knirsch. 

A propriedade jÃ¡ possui seu comÃ©rcio consolidado na cidade e estÃ¡ em fase de ampliaÃ§Ã£o das instalaÃ§Ãµes, que conta com mais de 200 aves poedeiras em sua estrutura, com previsÃ£o de aumento para mil aves atÃ© o inÃ­cio de 2023.

Na oportunidade, o prefeito LuÃ­s Henrique Kittel parabenizou a famÃ­lia pelo empreendedorismo, â€œÃ© mais uma grande aÃ§Ã£o realizada em prol do produtor rural, fazendo com que a agricultura seja cada vez mais forte e consistente e motivando os nossos agricultores ao empreendedorismoâ€. JÃ¡ o secretÃ¡rio municipal de agricultura, Giovane Neu, falou sobre a importÃ¢ncia de estar ao lado do produtor rural, incentivando atravÃ©s dos programas municipais, que dÃ£o suporte necessÃ¡rio para que o agricultor tenha qualidade de vida no meio rural.

O mÃ©dico veterinÃ¡rio do municÃ­pio, Bruno Soares, reforÃ§ou a importÃ¢ncia da agroindÃºstria, que possibilita a seguranÃ§a alimentar dos produtos comercializados e o desenvolvimento para produtores rurais. Na sequÃªncia, a presidente do Sindicato do Rural de Trabalhadores Rurais, HÃ©lio Hoffmann, parabenizou os irmÃ£os pela grande conquista e reforÃ§ou que a ampliaÃ§Ã£o serÃ¡ um importante passo para a agroindÃºstria.

â„¹ï¸ A agroindÃºstria contou com o apoio do governo municipal atravÃ©s dos programas ProAves e Ãgua Para Todos.

#ProAves #ÃguaParaTodos #AgudoDeTodos #agroindustriafamiliar",,64
Agudo,RS,Comentario,2022-09-15 23:27:23,veramariakittel,,ParabÃ©ns!ğŸ‘ğŸ‘ğŸ‘ğŸ‘ğŸ‘,
Agudo,RS,Comentario,2022-09-16 01:21:28,elen_m_m,,ğŸ‘ğŸ‘ğŸ‘ğŸ‘ğŸ‘ğŸ‘ğŸ‘ parabÃ©ns,
Agudo,RS,Post,2022-09-15 21:12:38,prefagudo,"E veio aÃ­â€¦ ğŸ™ŒğŸ»ğŸŒ

Depois de muito aguardado, agora Agudo conta com um termÃ´metro e relÃ³gio digital. ğŸ¤©ğŸ‘ğŸ¼

ğŸ¤ğŸ˜„ O equipamento foi adquirido pela CRESOL e estÃ¡ localizado no Largo Aldo Berger, onde estÃ¡ sendo construÃ­da o Volksgarten - Jardim do Povo.

Lindo demais, nÃ£o Ã© mesmo!? ğŸ¥°ğŸ˜",,264
Agudo,RS,Comentario,2022-09-15 23:23:45,veramariakittel,,Muito bom!ğŸ‘ğŸ»ğŸ‘ğŸ»ğŸ‘ğŸ»ğŸ‘ğŸ»,
Agudo,RS,Comentario,2022-09-15 21:15:47,gabrielspuhl,,ğŸ‘ğŸ‘ğŸ‘,
Agudo,RS,Comentario,2022-09-15 21:31:55,djulines,,Ficou lindoooo ğŸ‘ğŸ‘ğŸ§¡ğŸ’š,
Agudo,RS,Comentario,2022-09-15 21:57:37,pyetrastahl,,ğŸ‘ğŸ»ğŸ‘ğŸ»ğŸ‘ğŸ»,
Agudo,RS,Comentario,2022-09-15 23:17:38,kerlenroos,,Ficou top demais!!,
Agudo,RS,Comentario,2022-09-16 01:02:12,sirlei.bender.7,,AtÃ© que enfim Agudo tem um termÃ´metro desses.ğŸ‘ğŸ‘ğŸ‘,
Agudo,RS,Post,2022-09-15 17:51:31,prefagudo,"Caminhada pela Vida ğŸ’›ğŸ¤

Atividade organizada pela Secretaria de SaÃºde e alusiva ao Setembro Amarelo, a Caminhada pela Vida acontece neste sÃ¡bado, a partir das 14h30, com saÃ­da em frente ao EspaÃ§o SER.

E ao final da atividade, haver aula de danÃ§a no estilo MIxturado, no gramado em frente o Centro Administrativo.

ğŸ—“ï¸ 17 de Setembro
â° Ã€s 14h30
ğŸ“  EspaÃ§o SER - 
Rua General Flores, 500",,9
Agudo,RS,Post,2022-09-14 19:28:44,prefagudo,"Equipes na etapa regional do JERGS ğŸ

No dia 09 de setembro, aconteceu em Novo Cabrais e em ParaÃ­so do Sul, a etapa de CRE do Jergs de Voleibol. Nesta etapa, Agudo consagrou-se campeÃ£ em duas categorias: Juvenil Masculino - Escola Willy Roos e Infantil Feminino - Escola Santos Reis.

Em mais uma etapa do CRE do Jergs de Voleibol, que ocorreu no dia 13 de setembro na cidade de Arroio do Tigre, as equipes de Agudo obtiveram Ãªxito. Em 3Â° lugar, na categoria Infantil Masculino ficou EMEF Santos Reis e na categoria Juvenil Feminino ficou campeÃ£ a EEEB Willy Roos.

ğŸ… No dia 05 de outubro, as equipes Juvenil Feminino e Juvenil Masculino da EEEB Willy Roos e a equipe Infantil Feminino da EMEF Santos Reis estarÃ£o participando da etapa regional, que acontece na cidade de BagÃ©",,111
Agudo,RS,Comentario,2022-09-16 16:12:57,veramariakittel,,ParabÃ©ns!ğŸ‘ğŸ»ğŸ‘ğŸ»ğŸ‘ğŸ»ğŸ‘ğŸ»,
Agudo,RS,Post,2022-09-14 12:54:25,prefagudo,"Ã‰ neste sÃ¡bado!!!
Festival de Esporte na Grama âš½ğŸ¤©ğŸ

ğŸ“£ğŸ Gurizada, preparem-se! Com o objetivo de promover um evento esportivo escolar diferenciado, no prÃ³ximo sÃ¡bado, 17, acontece o I Festival de Esporte na Grama, nas competiÃ§Ãµes de VÃ´lei (3x3) e Futebol (3x3).

PoderÃ£o participar crianÃ§as e adolescentes, entre 9 e 14 anos, pertencentes a rede de ensino de Agudo, e as inscriÃ§Ãµes estÃ£o sob responsabilidade das escolas. ğŸ¤âœ…
ğŸ“Œâ° O evento acontece no AtlÃ©tico Clube Avenida, no turno da manhÃ£ (das 10h Ã s 12h) e da tarde (das 14h Ã s 16h).",,8
Agudo,RS,Post,2022-09-13 18:47:42,prefagudo,"Papo de Responsa ğŸ“¢ğŸ’›

No dia de hoje, 13, comeÃ§ou a sÃ©rie de palestras do Papo de Responsa, voltado aos alunos e professoras das escolas de Agudo, que aborda a importÃ¢ncia das escolhas na vida e faz parte da programaÃ§Ã£o do Setembro Amarelo.

As primeiras escolas, que receberam foram EMEF TrÃªs de Maio e EMCMEF Santos Dumont. Confira o roteiro das palestras do Papo de Responsa:

ğŸ—“ï¸13/09
ManhÃ£
8h - EMEF TrÃªs de maio
10h- EMCMEF Santos Dumont
Tarde:
13h30: EMCMEF Santos Dumont
15h30: EMEF TrÃªs de maio

ğŸ—“ï¸15/09
ManhÃ£:
08h - EMEF Santos Reis
10h - EEEB Prof. Wiily Roos
Tarde:
13h30 -EEEB Prof. Wiily Roos
15h30 -EMEF Santos Reis

ğŸ—“ï¸16/09
ManhÃ£
08h - EMEF Alberto Pasqualini
10h - EEEB Dom Ã‰rico Ferrari
Tarde:
13h30 - EEEB Dom Ã‰rico Ferrari
15h30 - EMEF Alberto Pasqualini

ğŸ—“ï¸21/09
ManhÃ£:
08h - EMEF 7 de Setembro
10h - EMEF Olavo Bilac
Tarde:
13h30 - EMEF Olavo Bilac
15h30 - EMEF 7 de Setembro

ğŸ—“ï¸ 26/09
EMEF Santo AntÃ´nio

O Papo de Responsa surgiu em meados de 2003, no estado do Rio de Janeiro, atravÃ©s da PolÃ­cia Civil, com orientaÃ§Ã£o, acolhimento e escuta com assuntos especÃ­ficos propostos pelo coordenaÃ§Ã£o pedagÃ³gica das instituiÃ§Ãµes de ensino.

#setembroamarelo #AgudoDeTodos",,34
Agudo,RS,Comentario,2022-09-14 17:19:18,moacirherbstrith,,â¤ï¸,
Agudo,RS,Comentario,2022-09-14 17:19:27,moacirherbstrith,,â¤ï¸,
Agudo,RS,Post,2022-09-12 16:13:07,prefagudo,"Tira dÃºvidas sobre LicenÃ§as Florestais ğŸ’¡ğŸŒ³

Na prÃ³xima sexta-feira, dia 16 de setembro, das 14h Ã s 16h, disponibilizarÃ¡ de espaÃ§o para esclarecimentos de dÃºvidas de produtores e comunidade acerca das LicenÃ§as Florestais.

â„¹ï¸ DÃºvidas como corte de Ã¡rvores nativas, corte de mata nativa para abertura de lavouras, retirada de lenha de mata nativa, entre outros assuntos relacionados poderÃ£o ser esclarecidas neste dia e serÃ¡ realizado no Departamento de Meio Ambiente, junto a Secretaria de Desenvolvimento Rural e GestÃ£o Ambiental.

ğŸ—“ï¸16 de Setembro
â°14h Ã s 16h
ğŸ“  Departamento de Meio Ambiente, SecretÃ¡ria da Agricultura",,11
Agudo,RS,Post,2022-09-09 18:07:54,prefagudo,"FREUNDSCHAFT ESTÃ RETORNANDO! ğŸ–¤ğŸ’›â™¥ï¸

O GDFA Freundschaft estÃ¡ voltando as suas atividades e seu primeiro encontro serÃ¡ no dia 16 de setembro. A reuniÃ£o Ã© aberta aos novos membros e aos atuantes.

ğŸ“…16 de Setembro
â° Ã€s 19h
ğŸ“ Biblioteca Municipal Aldo Berger",,58
Agudo,RS,Comentario,2022-09-09 21:37:58,martharoos,,ğŸ‘ğŸ‘ğŸ‘ğŸ‘ğŸ‡©ğŸ‡ªğŸ‡©ğŸ‡ªğŸ‡©ğŸ‡ªğŸ‡©ğŸ‡ª,
Agudo,RS,Comentario,2022-09-12 01:04:51,glaucia_heffel2022,,"ğŸ‘ğŸ‘ğŸ‘ğŸ‘quero muito que minha filha participe, como faÃ§o?",
Agudo,RS,Comentario,2022-09-17 01:30:05,rafael_klein_muller_,,ğŸ‡©ğŸ‡ªğŸ‡©ğŸ‡ªğŸ‡©ğŸ‡ªğŸ‡©ğŸ‡ªğŸ‡©ğŸ‡ªğŸ‡©ğŸ‡ªğŸ‡©ğŸ‡ªğŸ‘ğŸ‘,
Agudo,RS,Post,2022-09-08 11:40:49,prefagudo,"TCHÃŠ!!! Escuta este recado de Cesar Oliveira e RogÃ©rio Melo! ğŸ“¢

O Bah!Lance Agudo teve seu prazo prorrogado, confira as datas:

âœï¸O perÃ­odo de envio dos vÃ­deos serÃ¡ atÃ© o dia 15 de setembro de 2022 pelo  seguinte link https://bit.ly/Bahlanceagudo . A entrega da premiaÃ§Ã£o serÃ¡ no dia 30 de setembro.

ğŸ–ï¸PremiaÃ§Ã£o:
1Âº Lugar: - Celular XIAOMI redmi note 8 64GB
2Âº lugar: copo TÃ©rmico STANLEY mais livros da Cultura GaÃºcha
3Âº lugar: copo TÃ©rmico STANLEY mais livros da Cultura GaÃºcha

ğŸ“„ Confira o regulamento: https://bit.ly/3x9n0mB

Caso, haja dificuldade para fazer a inscriÃ§Ã£o, poderÃ¡ ser solicitada ajuda na escola, que o aluno frequenta.",,96
Agudo,RS,Comentario,2022-09-08 13:10:31,veramariakittel,,ğŸ‘ğŸ‘ğŸ‘ğŸ‘ğŸ‘ğŸ‘ğŸ‘ğŸ‘ğŸ‘,
Agudo,RS,Comentario,2022-09-08 12:21:54,acf_futsal.ofc,,Os home sÃ£o d mais ğŸ‘ğŸ‘,
Agudo,RS,Post,2022-09-06 14:31:23,prefagudo,"17Â° Torneio InterseleÃ§Ãµes de Futebol de Campo - Veterano 40 anos
ğŸ† TrofÃ©u Wipasa VeÃ­culos 

ğŸ—“ï¸Data: 11/09/2022
â°Abertura Ã s 9h, com inÃ­cio dos jogos Ã s 9h30
ğŸ“Local: AtlÃ©tico Clube Avenida

âš½SeleÃ§Ãµes confirmadas:
Agudo, Restinga, Formigueiro, Dona Francisca,  Faxinal, Nova Palma, Polesine e Pinhal Grande",,11
Agudo,RS,Post,2022-09-06 13:25:32,prefagudo,"PÃ¡tria Amada, Brasil! ğŸ‡§ğŸ‡·

Acontece amanhÃ£ (7) o Desfile CÃ­vico em homenagem a IndependÃªncia do Brasil, que encerra a Semana da PÃ¡tria no municÃ­pio de Agudo.

ğŸ“† Quarta-feira, 7
â° A partir das 14h
ğŸ“ Trajeto do Sicredi, em direÃ§Ã£o Ã  Caixa, com palanque em frente na PraÃ§a da EmancipaÃ§Ã£o 

Pegue sua bandeira do Brasil e prestigie! ğŸ˜‰

#AgudoDeTodos #AgudoRS #SemanaDaPatria",,14
Agudo,RS,Comentario,2022-09-07 17:47:06,veramariakittel,,ğŸ‡§ğŸ‡·ğŸŸ¢ğŸŸ¡ğŸ‘ğŸ»ğŸ‘ğŸ»ğŸ‘ğŸ»ğŸ‘ğŸ»,
Agudo,RS,Post,2022-09-05 14:52:00,prefagudo,"E teve produtos agudenses como destaques na Expointer! ğŸ‘ğŸ»ğŸ†

ğŸğŸ‘¨ğŸ¼â€ğŸŒ¾ A AgroindÃºstria Kleinert Alimentos foi reconhecida com o 2Â° lugar no Concurso de Produtos da AgroindÃºstria Familiar, na categoria Cuca Italiana.

ğŸšğŸŒ¾ A indÃºstria Dickow Alimentos foi uma das premiadas no programa RS Innovation Agro Stage na categoria produto premium, com um novo arroz integral para sushi e risotos.

Nossa gratidÃ£o a todos aqueles que levam tÃ£o bem o nome do municÃ­pio de Agudo para todo o Rio Grande do Sul. 

#AgudoDeTodos #AgudoRS #Expointer",,92
Agudo,RS,Comentario,2022-09-05 17:51:17,veramariakittel,,ParabÃ©ns!ğŸ‘ğŸ‘ğŸ‘ğŸ‘,
Agudo,RS,Comentario,2022-09-05 19:04:31,sekaaguirre,,ParabÃ©ns e sucesso sempre pra vcs!,
Agudo,RS,Comentario,2022-09-05 23:04:16,bleymuller,,ParabÃ©ns ğŸ‘,
Agudo,RS,Post,2022-09-02 14:51:11,prefagudo,"SETEMBRO AMARELO ğŸ¤ğŸ’›

A campanha do Setembro Amarelo teve seu lanÃ§amento na noite de ontem, 01, com a palestra do Lenon Goulart sobre o Papo de Responsa. 

O Papo de Responsa Ã© um programa da PolÃ­cia Civil do Estado do Rio Grande do Sul que tem como pÃºblico alvo crianÃ§as e adolescentes, com a finalidade de estabelecer diÃ¡logo acessÃ­vel.

Diversas atividades destinadas Ã  prevenÃ§Ã£o do suicÃ­dio e preservaÃ§Ã£o da vida serÃ£o realizadas pelo governo municipal durante o mÃªs de setembro.

As aÃ§Ãµes alusivas ao Setembro Amarelo, contarÃ¡ com a seguinte programaÃ§Ã£o:

â¡ï¸DIAS 13, 15, 16, 21, E 26: atividades de prevenÃ§Ã£o, atravÃ©s do programa Papo de Responsa da PolÃ­cia Civil. Local: escolas municipais e estaduais de Agudo/RS.
â¡ï¸17/09: 1Âª Caminhada pela Vida, Ã s 14 horas, com saÃ­da do EspaÃ§o Ser, com distribuiÃ§Ã£o de camisetas para os 30 primeiros participantes.
â¡ï¸19/09: Roda de Conversa, destinada as mulheres que realizam Oficinas do CRAS, Ã s 14 horas. Local: CRAS, no Bairro CaiÃ§ara.
â¡ï¸ 21/09: Roda de Conversa aberta para as comunidades, no EspaÃ§o Ser.
â¡ï¸27/09: Roda de Conversa com moradores do interior, Ã s 14 horas. Local: ainda a ser definido.

As atividades do Setembro Amarelo Ã© uma parceria do Governo Municipal, PolÃ­cia Civil e CooperAgudo.",,49
Agudo,RS,Post,2022-09-02 00:58:09,prefagudo,"ABERTURA DA SEMANA DA PÃTRIA ğŸ‡§ğŸ‡·ğŸ¤

Na manhÃ£ desta quinta-feira, 01 de setembro de 2022, na PraÃ§a da EmancipaÃ§Ã£o, aconteceu a abertura da Semana da PÃ¡tria, a qual este ano tem como tema nacional e estadual â€œBicentenÃ¡rio da IndependÃªncia do Brasilâ€ e tema municipal ""Meu Agudo, minha terra, meu chÃ£o"".

O momento Ã­mpar de amor Ã  pÃ¡tria contou com a participaÃ§Ã£o de autoridades, gestores, membros da Escola Municipal Santos Reis e representantes da Brigada Militar.

O acendimento do Fogo SimbÃ³lico, foi executado pela Prefeito LuÃ­s Henrique Kittel, que recebeu das mÃ£os da Sd Hintz e ficarÃ¡ aceso na pira da pÃ¡tria atÃ© o prÃ³ximo dia 07 de setembro.

O primeiro hasteamento da Semana da PÃ¡tria foi realizado pelo Prefeito LuÃ­s Henrique Kittel, Tenente Egleton e a Diretora da Escola Santos Reis, Ilana Dalmolin.

â„¹ï¸ No dia 07 de setembro, quarta-feira, ocorrerÃ¡ o Desfile CÃ­vico, Ã s 14h, e a programaÃ§Ã£o segue com a Guarda do Fogo SimbÃ³lico da PÃ¡tria, diariamente, a cargo das escolas, Ã³rgÃ£os pÃºblicos e entidades do municÃ­pio.",,96
Agudo,RS,Comentario,2022-09-02 14:01:52,veramariakittel,,ğŸ‡§ğŸ‡·ğŸŸ¢ğŸŸ¡ğŸ‘ğŸ»ğŸ‘ğŸ»ğŸ‘ğŸ»ğŸ‘ğŸ»ğŸ‘ğŸ»ğŸ‘ğŸ»ğŸ‘ğŸ»,
Agudo,RS,Post,2022-08-31 21:03:26,prefagudo,"NOTA DE PESAR 

Recebemos com pesar o falecimento do Sr. LÃ­dio BÃ¶ck. 

O Sr. LÃ­dio foi um grande lÃ­der no municÃ­pio e exerceu importantes funÃ§Ãµes na AssociaÃ§Ã£o de Idosos e grupos representativos. 

A Prefeitura de Agudo se solidariza com os amigos e familiares. ğŸ™ğŸ»",,95
Agudo,RS,Post,2022-08-31 13:28:24,prefagudo,"Agudo te espera nos dias 7, 8 e 9 de Outubro na 24 Festa do Moranguinho e da Cuca! ğŸ“ğŸ»ğŸ°

ğŸŸ¢ Gastronomia
ğŸŸ¢ Cultura
ğŸŸ¢ Shows Gratuitos
ğŸŸ¢ Agricultura
ğŸŸ¢ Artesanato 

Em breve mais informaÃ§Ãµes! ğŸ˜Š",,309
Agudo,RS,Comentario,2022-09-18 02:46:14,julianavargasdeoliveira,,Eu vou â¤ï¸,
Agudo,RS,Post,2022-08-27 15:37:55,prefagudo,"Linha AraÃ§Ã¡ Ã© campeÃ£ do Municipal de Bocha em Cancha SintÃ©tica 2022 ğŸ†ğŸ¥‡

A Sociedade SÃ£o Roque, da Linha AraÃ§Ã¡, consagrou-se campeÃ£ da ediÃ§Ã£o da TaÃ§a Nelson Grutzmacher de Bocha em Cancha SintÃ©tica. A final aconteceu na noite desta sexta-feira, 26, na cancha de Aldo Hoppe, em Nova BoÃªmia. 

A equipe de Aldo Hoppe precisava vencer as 3 partidas e ainda a Sociedade SÃ£o Roque nÃ£o poderia somar mais do que a soma de 29 bochas. A equipe da casa venceu as partidas de duplas por 15 a 12 e 15 a 8, e na partida de trios, a Sociedade SÃ£o Roque atingiu o necessÃ¡rio para a conquista do tÃ­tulo.

O Prefeito LuÃ­s Henrique Kittel e a SecretÃ¡ria Municipal de EducaÃ§Ã£o e Desporto, Emanueli Unfer, estiverem presentes no evento e parabenizaram os participantes.
 
#AgudoDeTodos #AgudoRS #Bocha #Esporte #CampeÃ£o",,65
Agudo,RS,Comentario,2022-08-28 00:16:26,neuzamarialves,,ParabÃ©ns!!ğŸ‘ğŸ‘ğŸ‘ğŸ‘,
Agudo,RS,Post,2022-08-27 13:16:19,prefagudo,"ğŸ“ Cascata Raddatz
ğŸ Agudo/RS

#turismo #quartacolonia #riograndedosul #travelgram #instatravel #worldtravel #tourist #travel #travels #travelphotography #vacation #traveltips #traveling #trip #traveler #traveller #travelphoto #mytravelgram #travelpics #tourism #traveltheworld #getaway #viagem #aroundtheworld #cityscape #photooftheday",,394
Agudo,RS,Comentario,2022-09-10 13:35:29,saa_senger,,Que lugar fantÃ¡stico ğŸ˜ğŸ˜ğŸ˜,
Agudo,RS,Comentario,2022-08-30 15:58:09,prefagudo,,ğŸ˜ğŸ˜ğŸ˜,
Agudo,RS,Comentario,2022-08-28 02:38:28,sandymullersoares,,ğŸ‘ğŸ‘ğŸ‘,
Agudo,RS,Comentario,2022-08-27 13:19:27,marlene38damaceno,,Top quero voltar lÃ¡. ğŸ™Œ,
Agudo,RS,Comentario,2022-08-27 19:14:32,liangeflores,,Como chegar ai?,
Agudo,RS,Comentario,2022-08-27 13:36:53,greice.falk,,Lugar lindo! Vale muito a pena conhecer ğŸ‘ğŸ‘ğŸ‘,
Agudo,RS,Comentario,2022-08-27 14:14:17,cabreraaudiovisual,,Esse lugar e essa vista do valeeeee ğŸ˜ğŸ˜ğŸ˜,
Agudo,RS,Comentario,2022-08-27 14:39:37,camilaaunfer,,Eu amo esse lugar!!!!! ğŸ˜â¤ï¸,
Agudo,RS,Comentario,2022-08-27 15:19:06,eduluissulzbacher,,Quando vai ter de novo ? ğŸ˜–,
Agudo,RS,Comentario,2022-09-01 01:28:27,ivanianafriedrich,,"Tenho momentos muito significativos e de realizaÃ§Ã£o pessoal nessa cascata. Onde, na dÃ©cada de 90 houve um concurso de Rei e de Rainha da Cascata. E eu fui e ainda sou a Rainha dessa lindeza, com muito orgulho.",
Agudo,RS,Comentario,2022-08-30 23:34:28,annemw8,,BelÃ­ssimo lugar! ğŸ‘ğŸ‘ğŸ‘,
Agudo,RS,Comentario,2022-09-01 01:19:01,ivanianafriedrich,,Linda essa cascata.,
Agudo,RS,Comentario,2022-08-27 14:48:56,recanto.dasfrutas,,Essa cascata Ã© um dos pontos turÃ­sticos mais lindos aqui de Agudo e Ã© pertinho aqui do Recanto das Frutas! Venham conhecer ğŸ’š,
Agudo,RS,Comentario,2022-08-27 13:34:46,brunaflo21,,@maiconalves1989,
Agudo,RS,Post,2022-08-26 14:12:38,prefagudo,"BRECHÃ“ DA APAE ğŸ‘—ğŸ¥¾ğŸ¥°

Acontece nesta sexta-feira, 26, mais uma atividade da Semana das Pessoas com DeficiÃªncia. 

â° O BrechÃ³ e Loja do Artesanato da APAE funcionarÃ¡ atÃ© Ã s 16h, na PraÃ§a Francisco Schuster, ao lado da Igreja CatÃ³lica.
 
As peÃ§as de roupas e calÃ§ados tem custo de R$ 1,00 a unidade. As de artesanato tem custos variados. ğŸ˜‰

ğŸ¤ğŸ» A aÃ§Ã£o tem parceria com o gabinete da primeira dama. Prestigie!

#AgudoDeTodos #AgudoRS #APAE #GabineteDaPrimeiraDama",,27
Agudo,RS,Post,2022-08-25 10:43:56,prefagudo,"Agosto LilÃ¡s pelo fim da violÃªncia ğŸ’œâœŠğŸ»

â˜ğŸ»ğŸŒ¼ Acontece nesta quinta-feira (25) o Ãºltimo encontro do Ciclo de Palestras â€œAgosto LilÃ¡s pelo fim da violÃªnciaâ€. 

O evento acontece no GinÃ¡sio da Escola Dom Pedro II, a partir das 19h.

Durante o mÃªs, os encontros estÃ£o abordando temas inerentes aos conceitos de violÃªncia domÃ©stica e familiar contra mulheres, questÃµes relacionadas Ã  lei Maria da Penha e os impactos da violÃªncia na saÃºde mental das mulheres. As palestrantes convidadas tÃªm experiÃªncia nas Ã¡reas discutidas e tambÃ©m Ã© ofertado um momento de meditaÃ§Ã£o. 

O ciclo de palestras Ã© organizado pelo Gabinete da Primeira Dama, em parceria com a PolÃ­cia Civil e demais secretarias municipais. ğŸ¤

ğŸ’­ â€œO objetivo Ã© fazer com que o maior nÃºmero de mulheres consiga identificar os tipos de violÃªncia que possam, por ventura, estar sofrendo ou que alguÃ©m prÃ³ximo possa estar enfrentandoâ€, disse a Primeira Dama, Tanusa Dumke.

â„¹ï¸ Veja mais informaÃ§Ãµes em bit.ly/3P8FhXe

#AgudoDeTodos #AgudoRS #AssistenciaSocial #AgostoLilas #MariaDaPenha",,12
Agudo,RS,Post,2022-08-24 10:54:12,prefagudo,"Estamos juntos ::: Setembro Amarelo ğŸ—ï¸ğŸ’›

Durante o mÃªs de setembro, Ã© celebrado as atividades do ""Setembro Amarelo"", onde sÃ£o abordadas temÃ¡ticas relacionadas Ã  valorizaÃ§Ã£o da vida e de prevenÃ§Ã£o ao suicÃ­dio.

ğŸ˜‰ğŸ¤ğŸ» Diversas atividades e aÃ§Ãµes estÃ£o sendo planejadas para o mÃªs de setembro, a serem realizadas Prefeitura de Agudo em parceria com entidades e demais organizaÃ§Ãµes.

O evento de lanÃ§amento das atividades de PreservaÃ§Ã£o e ValorizaÃ§Ã£o da Vida, e de PrevenÃ§Ã£o ao SuicÃ­dio serÃ¡ o primeiro deles! ğŸ™ğŸ»âœŒğŸ»

â˜ğŸ»â˜ºï¸ Dia 1Âº de setembro, a partir das 19h30, no Clube CentenÃ¡rio de Agudo.

Toda comunidade estÃ¡ convidada a participar! Contamos com a sua prestigiosa presenÃ§a.

#AgudoDeTodos #AgudoRS #SetembroAmarelo #ValorizacaoDaVida #Vida",,18
Agudo,RS,Comentario,2022-08-24 20:51:14,veramariakittel,,ğŸ’›ğŸ‘ğŸ»ğŸ‘ğŸ»ğŸ‘ğŸ»ğŸ‘ğŸ»ğŸ‘ğŸ»ğŸ‘ğŸ»,
Agudo,RS,Post,2022-08-23 20:05:21,prefagudo,"O aniversÃ¡rio Ã© dela, mas o presente Ã© todo nosso! ğŸ¤©ğŸ“–ğŸ‰

ğŸ˜Š No dia 23 de Agosto de 1960, era inaugurada a Biblioteca Municipal de Agudo. Hoje, o espaÃ§o chega aos seus 62 anos de histÃ³ria, mas quem recebe o presente Ã© a comunidade agudense.

Com um acervo renovado, a Biblioteca Aldo Berger apresenta agora livros com temÃ¡ticas relacionadas Ã  paleontologia, direitos sociais, tradiÃ§Ã£o gaÃºcha e literatura contemporÃ¢nea. ğŸ‘ğŸ»

ğŸ¥° ParabÃ©ns, Biblioteca Aldo Berger, pelos seus 62 anos de preservaÃ§Ã£o do conhecimento e refÃºgio para cultivar e alimentar a imaginaÃ§Ã£o e a criatividade!",,91
Agudo,RS,Comentario,2022-08-23 20:19:53,nadia.adriana,,ğŸ‘ğŸ‘ğŸ‘,
Agudo,RS,Comentario,2022-08-24 01:59:10,neuzamarialves,,ParabÃ©ns!!â¤ï¸ğŸ‚ğŸ¶ğŸ‰ğŸˆğŸ‰ğŸ“–ğŸ“°ğŸ“„ğŸ—ğŸ“‘ğŸ¥‚ğŸ¾ğŸ‘ğŸ‘ğŸ‘ğŸ‘,
Agudo,RS,Post,2022-08-23 19:11:55,prefagudo,"Tem mudanÃ§a no atendimento da FarmÃ¡cia! ğŸ’ŠğŸ˜·

Para melhor funcionamento dos fluxos de trabalho, os atendimentos da FarmÃ¡cia BÃ¡sica de Agudo acontecerÃ£o nos seguintes horÃ¡rios. ğŸ‘‡ğŸ» 

ğŸ“ De segunda a sexta-feira, de manhÃ£ das 7h30 Ã s 12h e das 13h30 Ã s 17h.

#AgudoDeTodos #AgudoRS #SaÃºde #FarmÃ¡cia #SUS",,21
Agudo,RS,Post,2022-08-23 18:40:41,prefagudo,"Profissionais da educaÃ§Ã£o participam de cursos de formaÃ§Ã£o ğŸ‘©ğŸ»â€ğŸ«ğŸ“–

ğŸ“’ğŸ’» Nesta terÃ§a-feira, 23, professores da rede municipal de ensino de Agudo estavam sob outra perspectiva na sala de aula. Os profissionais, que atuam com alunos do ensino fundamental, participaram de cursos de formaÃ§Ã£o sobre o Sistema de Ensino Aprende Brasil. 

O objetivo principal foi aprimorar os conhecimentos e expandir as possibilidades de utilizaÃ§Ã£o do material didÃ¡tico. â€œCom esta formaÃ§Ã£o, podemos incentivar os professores no uso do material e apresentar os recursos, para que possam explorar das melhores maneiras as questÃµes digitais e tecnolÃ³gicasâ€, destacou a Coordenador PedagÃ³gica da Secretaria Municipal de EducaÃ§Ã£o, Carla Medianeira Costa Domingues. ğŸ’­ğŸ¤ğŸ»

ğŸ¤©ğŸ‘ğŸ» ""Agora serÃ¡ melhor ainda para trabalhar, os recursos sÃ£o maravilhosos"", disse a professora de anos iniciais da Escola TrÃªs de Maio, Clauzia Dotto. Para Giberto Beskow, professor deste mesmo educandÃ¡rio, a atividade serve para aperfeiÃ§oar a parte metodolÃ³gica e usar da melhor forma os livros com os alunos.

Conforme a professora Emanuele Santos, que atua na Escola Santos Dumont, a formaÃ§Ã£o auxilia para qualificar o uso do novo material didÃ¡tico. ""Esse material reÃºne o concreto e o lÃºdico, fazendo o processo de aprendizagem nÃ£o se tornar algo mecÃ¢nico, podendo aplicar na prÃ¡tica o que se aprende na sala de aula"", destacou Emanuele. ğŸ§®ğŸ‘¨ğŸ»â€ğŸ’»",,63
Agudo,RS,Comentario,2022-08-24 01:45:23,prof.flaviafernandes,,"Profs maravilhosas!! Foi um prazer estar com vcs hoje, neste ambiente de troca de aprendizagens! ğŸ™Œâ¤ï¸",
Agudo,RS,Post,2022-08-23 17:54:42,prefagudo,"Mais conhecimento para a merenda escolar ğŸğŸ“ğŸ¥—

Nesta terÃ§a-feira, 23, as merendeiras da rede municipal de ensino de Agudo participaram de um curso de formaÃ§Ã£o, em SÃ£o Vicente do Sul. ğŸ‘©ğŸ»â€ğŸ³ğŸ“š

ğŸ˜â˜ğŸ» Promovida pela EMATER-RS, a atividade abordou temas relacionados ao papel dos manipuladores de alimentos e gestores escolares, como por exemplo, boas prÃ¡ticas de fabricaÃ§Ã£o de alimentos em ambiente escolar.

O evento foi avaliado positivamente pelas participantes. ğŸ¥°ğŸ‘ğŸ¼",,46
Agudo,RS,Comentario,2022-08-23 21:19:56,elen_m_m,,ğŸ‘ğŸ‘ğŸ‘ğŸ‘,
Agudo,RS,Post,2022-08-23 11:44:29,prefagudo,"Mais oportunidades! ğŸ’ƒğŸ¼ğŸ¤ğŸ‘

Torna-se pÃºblico o edital de Processo Seletivo Simplificado para formaÃ§Ã£o de banca de Professor(a) de DanÃ§a FolclÃ³rica e de Maestro. â˜ğŸ»

ğŸ“… As inscriÃ§Ãµes estÃ£o prorrogadas atÃ© 25/08/2022.

ğŸ“Œ As inscriÃ§Ãµes podem ser realizadas unicamente atravÃ©s do https://forms.gle/cEjgj5pAynawo6fh6.

â¡ï¸ Para maiores informaÃ§Ãµes, confira o edital bit.ly/3T3LWW5

#AgudoDeTodos #AgudoRS #EducaÃ§Ã£o",,12
Agudo,RS,Post,2022-08-22 13:09:11,prefagudo,"AudiÃªncia PÃºblica ğŸ˜ƒğŸ“£

EstÃ£o convidados cidadÃ£os, instituiÃ§Ãµes pÃºblicas e privadas e representativas dos diversos segmentos da sociedade para AudiÃªncia PÃºblica, para debater a ampliaÃ§Ã£o da zona industrial do municÃ­pio de Agudo, conforme Lei Complementar 10/2011. 

ğŸ“… Dia 30 de Agosto de 2022 Ã s 19h
ğŸ“ Na Sala de ReuniÃµes da Prefeitura

â¡ï¸ Confira o edital de convocaÃ§Ã£o em bit.ly/3QNMLko

#AgudoDeTodos #AgudoRS #AudienciaPublica",,13
Agudo,RS,Post,2022-08-22 11:12:27,prefagudo,"Oportunidades! ğŸ˜„ğŸ‘

EstÃ£o abertas as inscriÃ§Ãµes ao Processo Seletivo Simplificado, visando Ã  formaÃ§Ã£o de Banca de Candidatos para contrato emergencial de Professor(a) de Anos Iniciais e de Professor(a) de EducaÃ§Ã£o Infantil, para o exercÃ­cio de 2022.

ğŸ‘©â€ğŸ« Professor(a) de Anos Iniciais
InscriÃ§Ãµes em https://forms.gle/R7jWqKCGj364P5AF9, atÃ© 24/08
Acesse o edital em https://bit.ly/3AdqvJr 

ğŸ‘©â€ğŸ« Professor(a) de EducaÃ§Ã£o Infantil
InscriÃ§Ãµes em https://forms.gle/VvvmWHfLxcZmfiqn6, atÃ© 24/08
Acesse o edital em https://bit.ly/3QYidMj 

Para os candidatos que nÃ£o dispÃµem de acesso Ã  internet, serÃ¡ disponibilizado o Polo UAB Agudo, na Avenida Borges de Medeiros, nÂ° 1194. O atendimento Ã© das 07h30 Ã s 09h30 e das 15h Ã s 19h. ğŸ“ŒğŸ’»

#AgudoDeTodos #AgudoRS #Oportunidades",,25
Agudo,RS,Post,2022-08-19 20:54:27,prefagudo,"A produÃ§Ã£o de material a partir da britagem Ã© essencial para garantir a manutenÃ§Ã£o de estradas e  acessos Ã s propriedades rurais. â˜ğŸ»ğŸ˜ƒ

ğŸš›âœ… No Complexo da Serra, o maquinÃ¡rio da Prefeitura atua constantemente e a produÃ§Ã£o na cascalheira chega a 40 cargas por semana, que atendem demandas tanto no interior, quanto na cidade.

O objetivo agora Ã© estudar possibilidades de ampliar a capacidade de produÃ§Ã£o, sempre dentro das normas jurÃ­dicas e ambientais. ğŸ˜‰ğŸ¤",,67
Agudo,RS,Comentario,2022-08-20 00:20:44,neuzamarialves,,Perfeito!ğŸ‘ğŸ‘ğŸ‘,
Agudo,RS,Comentario,2022-08-19 21:01:20,gabrielspuhl,,ğŸ‘ğŸ‘ğŸ‘,
Agudo,RS,Post,2022-08-19 19:26:32,prefagudo,"Ã‰ AMANHÃƒ! ğŸ’‰ğŸ˜ƒ

AmanhÃ£, sÃ¡bado (20), serÃ¡ de dia ""D"" de vacinaÃ§Ã£o da poliomielite e de multivacinaÃ§Ã£o para atualizar a caderneta de crianÃ§as e adolescentes.

ğŸ“ Onde? Nos postos de saÃºde da cidade e do interior.
Posto de SaÃºde Central, das 8h Ã s 15h
Posto Tia Laurinha, das 8h Ã s 11h30
Posto da Nova BoÃªmia, das 8h Ã s 10h
Posto das Picada do Rio, das 10h15 Ã s 11h30
Posto da Linha dos Pomeranos, das 13h Ã s 14h30

ğŸ—“ï¸ Quando? No sÃ¡bado, 20.
ğŸ§’ğŸ» Para quem? A campanha contra a polio Ã© para crianÃ§as de 1 a 4 anos e a atualizaÃ§Ã£o da caderneta de vacinaÃ§Ã£o para adolescentes atÃ© 14 anos.

Ã‰ necessÃ¡rio levar caderneta de vacina e usar mÃ¡scara! ğŸ˜‰

ğŸ™ğŸ»ğŸ¤© Ah, e a campanha estÃ¡ vigente tambÃ©m nos dias de atendimento de todos os postos.

#AgudoDeTodos #AgudoRS #SaÃºde #Vacina",,9
Agudo,RS,Post,2022-08-19 16:36:49,prefagudo,"Campanha quadruplicou captaÃ§Ã£o de recursos do imposto de renda para projetos sociais ğŸ¤ğŸ¤©

â˜ğŸ»ğŸ‡§ğŸ‡· Todos os inÃ­cios de anos, os brasileiros tÃªm compromisso com a Receita Federal na declaraÃ§Ã£o do Imposto de Renda. PorÃ©m, poucos sabem que parte do dinheiro arrecadado pode ser utilizado para ajudar diversas crianÃ§as, jovens e idosos agudenses. 

Este ano, a campanha â€œImposto Daqui, Fica Aquiâ€, criada pela Prefeitura de Agudo, em articulaÃ§Ã£o de contadores do municÃ­pio e conselhos municipais, buscou sensibilizar o contribuinte a ajudar crianÃ§as, adolescentes e idosos e ao mesmo tempo acertar as contas com a Receita Federal. ğŸ‘‡ğŸ»âœ…

ğŸ“ˆğŸ¤ Foram arrecadados R$ 117.817,72, dos quais R$ 60.133,46 para o Fundo Municipal da InfÃ¢ncia e AdolescÃªncia e a quantia de R$ 57.684,26 para o Fundo Municipal de Apoio Ã  PolÃ­tica do Idoso. No total, o montante representa quatro vezes a mais que o ano anterior. O total de contribuintes que foi de 21 no Ãºltimo, chegou a 96 doadores nesta ediÃ§Ã£o. 

 â€œCom esses recursos poderemos atender necessidades e solicitaÃ§Ãµes de instituiÃ§Ãµes que realizam trabalhos com a crianÃ§as, a adolescentes e idososâ€, afirmou o prefeito LuÃ­s Henrique Kittel. âš½ğŸ¥°

 ğŸ’­ğŸ‘ğŸ¼ â€œSÃ£o doaÃ§Ãµes legais, previstas na legislaÃ§Ã£o tributÃ¡riaâ€, disse o contador, MaurÃ­cio Barchet, que tambÃ©m comemora os resultados e agradece a parceria dos contadores do municÃ­pio que atuaram em prol da campanha. â€œA partir destes recursos, os Conselhos poderÃ£o investir em projetos na comunidadeâ€, finalizou Barchet.

Os recursos direcionados aos fundos agora serÃ£o aplicados em projetos sociais voltados Ã  promoÃ§Ã£o e Ã  defesa dos direitos da populaÃ§Ã£o infantojuvenil e idosa. As aÃ§Ãµes envolvem educaÃ§Ã£o, esporte, cultura e lazer. ğŸ­ğŸ

â„¹ï¸ Veja mais informaÃ§Ãµes em bit.ly/3AwizV6

#AgudoDeTodos #AgudoRS #ImpostoDeRenda #IRPF #ImpostoDaquiFicaAqui",,40
Agudo,RS,Post,2022-08-19 14:03:29,prefagudo,"Oportunidades! ğŸ‘¨ğŸ¼â€ğŸ”¬ğŸ”¬ğŸ‘©ğŸ»â€ğŸ”¬

EstÃ£o abertas as inscriÃ§Ãµes para formaÃ§Ã£o de Banca de Candidatos ao cargo de Professor(a) de CiÃªncias FÃ­sicas e BiolÃ³gicas para contrataÃ§Ã£o por tempo determinado. âœ…

â¡ï¸ As inscriÃ§Ãµes podem ser realizadas em https://forms.gle/ZjE89s7wy1vBQCs48, atÃ© dia 23 de Agosto.

Para os candidatos que nÃ£o dispÃµem de acesso Ã  internet, serÃ¡ disponibilizado o Polo UAB Agudo, na Avenida Borges de Medeiros, nÂ° 1194.

â„¹ï¸ Acesse o edital completo em https://bit.ly/3T1BWws.

#AgudoDeTodos #AgudoRS #ProcessoSeletivo",,6
Agudo,RS,Post,2022-08-19 13:42:21,prefagudo,"Vagas de emprego! ğŸ˜ƒâ˜ğŸ»

AtenÃ§Ã£o para vagas de empregos disponÃ­veis em empresa do municÃ­pio. ğŸ‘‡ğŸ»

ğŸ‘·ğŸ»â€â™€ï¸ ManutenÃ§Ã£o Predial - Pintor
Requisito obrigatÃ³rio Ã© ser alfabetizado e os requisitos desejÃ¡veis sÃ£o ter experiÃªncia com pintura predial e conhecimento de BPF e 5S.

ğŸ‘¨ğŸ»â€ğŸ­ ManutenÃ§Ã£o Industrial
SÃ£o requisitos obrigatÃ³rios ter Ensino fundamental completo e conhecimento na Ã¡rea de manutenÃ§Ã£o mecÃ¢nica. DesejÃ¡vel ter experiÃªncia em indÃºstria de grÃ£os, NR 35 e NR 33.

ğŸš› MOTORISTA DE CAMINHÃƒO
SÃ£o requisitos obrigatÃ³rios ter Ensino fundamental completo e Carteira Nacional de HabilitaÃ§Ã£o (CNH) categorias D ou E. DesejÃ¡vel ter experiÃªncia em safra de grÃ£os.

RemuneraÃ§Ãµes compatÃ­veis com os cargos, vale alimentaÃ§Ã£o, uniforme e plano assistencial de saÃºde. ğŸ˜‰â˜‘ï¸

âš ï¸ğŸ‘ğŸ» Interessados, favor fazer ficha na empresa Dickow Alimentos, ou enviar currÃ­culo para rh@dickow.com.br, atÃ© dia 28/08/22.",,9
Agudo,RS,Post,2022-08-18 17:02:52,prefagudo,"Mais apoio aos produtores de leite ğŸ‘ğŸ¼ğŸ„ğŸ¥›

ğŸ¤ Por meio do Pro-Leite Agudo, mais produtores agudenses receberÃ£o apoio e suporte tÃ©cnico, com a consultoria da TechVet Jr, da UFSM.

Veja alguns relatos no vÃ­deo abaixo! ğŸ˜ŠğŸ‘‡ğŸ»

#AgudoDeTodos #AgudoRS #MedicinaVeterinaria #Bovinocultura",,130
Agudo,RS,Comentario,2022-08-18 19:11:28,renatacarvalhok,,ğŸ‘ğŸ‘ğŸ‘ğŸ‘,
Agudo,RS,Post,2022-08-18 13:35:49,prefagudo,"Oportunidades! ğŸ“£â˜‘ï¸

ğŸšŒ EstÃ£o abertas as inscriÃ§Ãµes para formaÃ§Ã£o de Banca de Candidatos ao cargo de Motorista do Transporte Escolar para contrataÃ§Ã£o por tempo determinado. 

âœ… As inscriÃ§Ãµes podem ser realizadas das 08h Ã s 11h e 13h Ã s 16h30, na Secretaria Municipal de EducaÃ§Ã£o e Desporto â€“ Sala 16, do Centro Administrativo Municipal.

 O perÃ­odo de inscriÃ§Ã£o Ã© atÃ© 23 de Agosto. ğŸ—“ï¸

 â„¹ï¸ Acesse o edital completo em https://bit.ly/3dxJBlL

#AgudoDeTodos #AgudoRS #ProcessoSeletivo #Motorista #EducaÃ§Ã£o",,15
Agudo,RS,Post,2022-08-16 20:01:06,prefagudo,"Programa Progredir forma turma de curso de qualificaÃ§Ã£o profissional ğŸ˜ƒâœ…

ğŸ‘ğŸ»ğŸ“ Mais agudenses agora estÃ£o certificados com capacitaÃ§Ã£o profissional. AtravÃ©s do Programa Progredir, 26 alunos de Agudo formaram-se nesta terÃ§a-feira, 16. 

As certificaÃ§Ãµes foram nos cursos de Bordado Livre, InterpretaÃ§Ã£o PaleontolÃ³gica para guias e receptivos da Quarta ColÃ´nia, Empreendedorismo e Economia SolidÃ¡ria e DomÃ­nio Comum. ğŸ¦•ğŸ§¶

ğŸ’­ â€œÃ‰ uma felicidade e uma honra poder participar deste momento tÃ£o importante de formalizar uma etapa de conhecimentoâ€, disse Angelita Zimmerman, uma das responsÃ¡veis pela organizaÃ§Ã£o dos cursos oferecidos pelo Progredir. O projeto Ã© realizado em parceria da Prefeitura de Agudo e coordenado pela Universidade Federal de Santa Maria (UFSM) a partir da PrÃ³-Reitoria de ExtensÃ£o (PRE).

Conforme a SecretÃ¡ria Municipal de AssistÃªncia Social e HabitaÃ§Ã£o, Maria Rosangela Roubuste, a pretensÃ£o Ã© aderir a novos cursos, visto que as oportunidades beneficiam a populaÃ§Ã£o, com mais trabalho e renda. â€œHoje tambÃ©m Ã© momento de parabenizar os formandos pela ousadia e pelo empenho com os cursosâ€, ressaltou a secretÃ¡ria. â˜ğŸ»

ğŸ‘ğŸ» O prefeito LuÃ­s Henrique Kittel tambÃ©m participou da cerimÃ´nia, e destacou a importÃ¢ncia da parceria para promover as oportunidades de qualificaÃ§Ã£o. ""Temos um potencial de desenvolvimento regional imensurÃ¡vel, que talvez ainda nÃ£o enxergamos, mas com certeza Agudo estÃ¡ cada mais inserido nisso"", finalizou Kittel.

#AgudoDeTodos #AgudoRS #Progredir #GeoparqueQuartaColonia #UFSM",,96
Agudo,RS,Comentario,2022-08-16 20:02:56,gabrielspuhl,,ğŸ‘ğŸ‘ğŸ‘ğŸ‘,
Agudo,RS,Comentario,2022-08-16 20:15:25,veramariakittel,,"ParabÃ©ns formandos! ğŸ‘ğŸ»ğŸ‘ğŸ»ğŸ‘ğŸ»ğŸ‘ğŸ»
ParabÃ©ns a todos os envolvidos!",
Agudo,RS,Comentario,2022-08-16 22:25:39,mariarosangelaribeiror,,Demais esses momentos!,
Agudo,RS,Comentario,2022-08-17 01:25:33,andreiaclaudiohoppe,,ğŸ‘ğŸ‘ğŸ‘ğŸ‘,
Agudo,RS,Post,2022-08-16 16:57:10,prefagudo,"Ã‰ hora da vacina! ğŸ’‰ğŸ˜ƒ

Este sÃ¡bado serÃ¡ de dia ""D"" de vacinaÃ§Ã£o da poliomielite e de multivacinaÃ§Ã£o para atualizar a caderneta de crianÃ§as e adolescentes.

ğŸ“ Onde? Nos postos de saÃºde da cidade e do interior.

Posto de SaÃºde Central, das 8h Ã s 15h
Posto Tia Laurinha, das 8h Ã s 11h30
Posto da Nova BoÃªmia, das 8h Ã s 10h
Posto das Picada do Rio, das 10h15 Ã s 11h30
Posto da Linha dos Pomeranos, das 13h Ã s 14h30

ğŸ—“ï¸ Quando? No sÃ¡bado, 20.

ğŸ§’ğŸ» Para quem? A campanha contra a polio Ã© para crianÃ§as de 1 a 4 anos e a atualizaÃ§Ã£o da caderneta de vacinaÃ§Ã£o para adolescentes atÃ© 14 anos.

Ã‰ necessÃ¡rio levar caderneta de vacina e usar mÃ¡scara! ğŸ˜‰

#AgudoDeTodos #AgudoRS #SaÃºde #Vacina",,8
Agudo,RS,Comentario,2022-08-16 19:39:58,veramariakittel,,Vacinar Ã© importante!ğŸ‘ğŸ»ğŸ‘ğŸ»ğŸ‘ğŸ»ğŸ‘ğŸ»,
Agudo,RS,Post,2022-08-15 21:03:44,prefagudo,"OU FICAR A PÃTRIA LIVRE OU MORRER PELO BRASIL ğŸ”¥âš”ï¸ğŸ‡§ğŸ‡·

ğŸ˜ƒ Ser patriota Ã© lutar por tudo que acreditamos e trabalhar em prol da liberdade e de um paÃ­s com mais oportunidades.

Cumprindo a missÃ£o de difundir os valores cÃ­vicos e patriÃ³ticos, recebemos em Agudo, nesta segunda-feira (15), o Fogo SimbÃ³lico da PÃ¡tria. Este momento marca a difusÃ£o e o inÃ­cio dos festejos em comemoraÃ§Ã£o Ã  IndependÃªncia do Brasil. ğŸ‘ğŸ»

ğŸ¤ A atividade tambÃ©m promoveu integraÃ§Ã£o entre entidades pÃºblicas e civis e contou com apresentaÃ§Ã£o da Banda Marcial da Santos Dumont!",,305
Agudo,RS,Comentario,2022-08-15 23:30:08,neuzamarialves,,ğŸ‘ğŸ‘ğŸ‘ğŸ‘ğŸ‡§ğŸ‡·ğŸ‡§ğŸ‡·ğŸ‡§ğŸ‡·,
Agudo,RS,Comentario,2022-08-15 23:04:23,elianelehr20,,ğŸ‘ğŸ‘ğŸ‘,
Agudo,RS,Comentario,2022-08-15 21:15:43,opedrolorentz,,ğŸ‘ğŸ‘ğŸ‘,
Agudo,RS,Comentario,2022-08-16 00:23:57,gabrielspuhl,,ğŸ‘ğŸ‘ğŸ‘,
Agudo,RS,Comentario,2022-08-18 09:43:28,semildoclair,,ğŸ‘,
Agudo,RS,Comentario,2022-08-15 21:09:10,elen_m_m,,Que lindeza!!! Ser patriota Ã© isso. ğŸ‡§ğŸ‡·ğŸ‡§ğŸ‡·ğŸ‡§ğŸ‡·ğŸ‡§ğŸ‡·,
Agudo,RS,Comentario,2022-08-15 22:18:38,martaeleonora73,,Grande @lhkittel,
Agudo,RS,Post,2022-08-15 21:03:20,prefagudo,"85Âª Corrida do Fogo SimbÃ³lico da PÃ¡tria ğŸ‡§ğŸ‡·

Na tarde desta segunda-feira, 15, ocorreu na PraÃ§a da EmancipaÃ§Ã£o, a solenidade de entrega da Fogo SimbÃ³lico da PÃ¡tria. A cerimÃ´nia do Fogo SimbÃ³lico Ã© um ato de abertura da semana da PÃ¡tria e tem como tema o BicentenÃ¡rio da IndependÃªncia do Brasil.

A solenidade iniciou com a recepÃ§Ã£o da Chama Da PÃ¡tria no trevo de acesso da cidade pelos Bombeiros VoluntÃ¡rios, Brigada Militar e Cavalaria do CTG Sentinela do JacuÃ­.

ğŸ¥ TambÃ©m teve a participaÃ§Ã£o da Banda Marcial da EMCMEF Santos Dumont, a qual deu uma prÃ©via do que irÃ¡ acontecer no Desfile CÃ­vico, no dia 07 de setembro. E teve a presenÃ§a das entidades do municÃ­pio.

O Fogo SimbÃ³lico da PÃ¡tria surgiu em 1938, como ideia de um grupo de patriotas do Rio Grande do Sul, que procurava um sÃ­mbolo que representasse o amor cÃ­vico do povo brasileiro.

ğŸ¤ O evento foi realizado pelo Liga da Defesa Nacional, representada por Claudio Tione Scherer e Lizandro Berghahn, juntamente com o governo municipal.",,67
Agudo,RS,Post,2022-08-14 11:45:44,prefagudo,"Pai Ã© presente!
Pai Ã© presenÃ§a!

Pai sÃ£o trÃªs letras, onde cabem os tantos ensinamentos da vida!

Feliz dia dos pais a todos!

#felizdiadospais #AgudoRS #AgudoDeTodos",,17
Agudo,RS,Post,2022-08-12 14:28:15,prefagudo,"RespeitÃ¡vel pÃºblico.. Ã© hora do circo! ğŸªğŸ˜…

PalhaÃ§os, malabaristas, mÃ¡gicos e muita diversÃ£o. A semana para a comunidade agudense contou com alegria e novas experiÃªncias para as crianÃ§as que participaram das atividades do â€œCirco LÃºdico Mariottiâ€, realizadas em parceria entre a Prefeitura de Agudo e a Cooperagudo. ğŸ¤¡ğŸª„

ğŸ¤¹ğŸ»â€â™‚ï¸ Entre os dias 8 e 10 de agosto, alunos do 4Âº e 5Âº anos das escolas do municÃ­pio puderam conhecer de perto os troques e aprender novas habilidades com as oficinas ofertadas pelos artistas do circo. As atividades objetivaram promover a socializaÃ§Ã£o das crianÃ§as e jovens, a prÃ¡tica da criatividade, conhecimentos culturais e troca de experiÃªncias e vivÃªncias do circo.

â€œÃ‰ uma forma de trazer novidades, de grande valia para o nosso municÃ­pioâ€, disse o Presidente da Cooperagudo, Dieter Berger. Para a SecretÃ¡ria de EducaÃ§Ã£o, Emanueli Unfer, o trabalho da administraÃ§Ã£o se baseia de forma intersetorial, para atender os alunos de forma integrada. â€œEstamos promovendo atividades lÃºdicas que proporcionam o brincar e o convÃ­vio social"", finaliza a gestora. ğŸ’­

ğŸª JÃ¡, a partir do dia 10, o â€œrespeitÃ¡vel pÃºblicoâ€ pode acompanhar os espetÃ¡culos gratuitos do Circo. Sob a lona, instalada entre o prÃ©dio da Prefeitura de Agudo e o GinÃ¡sio Municipal, os visitantes acompanham um trabalho artÃ­stico cÃªnico atravÃ©s da arte mÃ¡gica.

Este projeto tem o apoio da Prefeitura de Agudo, com patrocÃ­nio da Cooperativa AgrÃ­cola Mista Agudo Ltda e Financiamento do PrÃ³-Cultura RS, e realizaÃ§Ã£o por Jogos e Jogos Ltda. ğŸ¤

â„¹ï¸ Veja mais informaÃ§Ãµes em bit.ly/3QGlAqW
 
 #AgudoDeTodos #AgudoRS #Circo #Cultura #LIC",,34
Agudo,RS,Comentario,2022-08-12 14:42:10,neuzamarialves,,Excelente iniciativa! ParabÃ©ns!!ğŸ‘ğŸ‘ğŸ‘ğŸ‘,
Agudo,RS,Comentario,2022-08-13 15:39:05,circomariotti,,ğŸ˜ğŸ˜,
Agudo,RS,Comentario,2022-08-13 20:10:28,veramariakittel,,Vivaaaa!ğŸ‘ğŸ‘ğŸ‘ğŸ‘,
Agudo,RS,Post,2022-08-12 12:46:33,prefagudo,"FORMAÃ‡ÃƒO PARA MEMBROS DO CONSELHO TUTELAR ğŸ““ğŸ¤

Durante os dias 10 e 11 deste mÃªs, os membros dos conselhos tutelares dos municÃ­pios da regiÃ£o participaram da FormaÃ§Ã£o Integral para Conselho Tutelar, ministrado pelo consultor Luciano Betiate.

Temas como tÃ©cnicas operacionais necessÃ¡rias para o pleno exercÃ­cio da funÃ§Ã£o, conforme os princÃ­pios do Estatuto da CrianÃ§a e do Adolescente (ECA) e aprimoramento dos conhecimentos sobre suas atribuiÃ§Ãµes e competÃªncias temas relacionados Ã  infÃ¢ncia e juventude e ao Conselho Tutelar foram pautas da capacitaÃ§Ã£o.

â„¹ï¸ A atividade foi proposta pelo COMDICA - Conselho Municipal dos Direitos da CrianÃ§a e do Adolescente - e Secretaria de Desenvolvimento Social e HabitaÃ§Ã£o. E teve a participaÃ§Ã£o dos municÃ­pios participantes foram Agudo, Faxinal do Soturno, Formigueiro, IvorÃ¡, ParaÃ­so do Sul, SÃ£o JoÃ£o do PolÃªsine e Restinga Seca.",,24
Agudo,RS,Comentario,2022-08-12 13:00:28,elen_m_m,,ğŸ‘ğŸ‘ğŸ‘ğŸ‘,
Agudo,RS,Comentario,2022-08-13 20:54:41,veramariakittel,,ğŸ‘ğŸ»ğŸ‘ğŸ»ğŸ‘ğŸ»ğŸ‘ğŸ»ğŸ‘ğŸ»ğŸ‘ğŸ»,
Agudo,RS,Post,2022-08-12 12:01:21,prefagudo,"Que tal conhecer mais sobre os benefÃ­cios de temperos, ervas e especiarias e usÃ¡-los a favor da sua saÃºde? ğŸ˜ŠğŸŒ¿ğŸŒ¶ï¸

â˜ğŸ»ğŸ˜‰ EstÃ£o abertas as inscriÃ§Ãµes gratuitamente para a ""Oficina TerapÃªutica de SaÃºde Preventiva: conhecimentos e prÃ¡tica"", vinculada ao projeto de promoÃ§Ã£o das PrÃ¡ticas Integrativas e Complementares em SaÃºde (PICS).

As vagas sÃ£o limitadas, nÃ£o hÃ¡ custo, e as inscriÃ§Ãµes podem ser realizadas atÃ© dia 22/08, das 7:30 Ã s 11:30 e das 13:00 Ã s 17:00, no EspaÃ§o SER (Rua General Flores, 500). ğŸ“ƒâœ…

 O curso inicia no dia 24/08. O horÃ¡rio das aulas serÃ¡ no turno da tarde, das 13:30 Ã s 15:30.

ğŸ¤”ğŸ“² Para mais informaÃ§Ãµes, entre em contato como EspaÃ§o SER, pelo telefone 55996758372.

#AgudoDeTodos #AgudoRS #Fitoterapia #PICS #SUS #SaÃºde",,15
Agudo,RS,Comentario,2022-08-25 12:01:56,nurphycare,,@gislaineraddatz,
Agudo,RS,Post,2022-08-11 22:52:31,prefagudo,"Varal SolidÃ¡rio ğŸ¥°ğŸ§£ğŸ¥¼

ğŸ¥¶ EstÃ¡ com alguma dificuldade para enfrentar estes dias mais frios? Nesta sexta-feira, 12/08, em parceria com o Gabinete da Primeira Dama, o ""Varal SolidÃ¡rio"" estarÃ¡ na EMEI ParaÃ­so da CrianÃ§a.

As roupas e calÃ§ados estarÃ£o expostas em frente Ã  escola. ğŸ‘—ğŸ¤

â˜ğŸ»ğŸ˜‰ Seja consciente e se proteja do frio!

#AgudoDeTodos #AgudoRS #VaralSolidÃ¡rio #Frio #PrimeiraDama",,23
Agudo,RS,Comentario,2022-08-11 23:18:53,veramariakittel,,ğŸ‘ğŸ‘ğŸ‘ğŸ‘ğŸ‘ğŸ‘ğŸ‘ğŸ‘ğŸ‘ğŸ‘,
Agudo,RS,Comentario,2022-08-11 23:58:32,elen_m_m,,Que linda atitude ğŸ‘ğŸ‘,
Agudo,RS,Comentario,2022-08-12 00:00:30,elen_m_m,,Agudo Ã© uma das cidades mais organizadas e lindas do RS. ParabÃ©ns por esta gestÃ£o impecÃ¡vel ğŸ‘ğŸ‘ğŸ‘ğŸ‘,
Agudo,RS,Post,2022-08-10 19:08:43,prefagudo,"O CIRCO ESTÃ FAZENDO A ALEGRIA DA CRIANÃ‡ADA! ğŸªğŸ¥°

ğŸ¤¹ğŸ»â€â™‚ï¸ğŸ˜† O projeto Circo LÃºdico Mariotti estÃ¡ encantando a crianÃ§ada com os seus espetÃ¡culos de arte circenses. 

Com um trabalho artÃ­stico cÃªnico inovador e criativo atravÃ©s da arte mÃ¡gica, iniciaram hoje, 10, as apresentaÃ§Ãµes de espetÃ¡culos gratuitos para todos os alunos do municÃ­pio e comunidade em geral. ğŸ©°

â˜ğŸ»ğŸ˜‰ O Circo tem apoio da Prefeitura de Agudo, com patrocÃ­nio da Cooperativa AgrÃ­cola Mista Agudo Ltda e Financiamento do PrÃ³-Cultura RS. O projeto Ã© realizado por Jogos e Jogos Ltda. 

#AgudoDeTodos #AgudoRS #Cooperagudo #Circo #ProCultura",,174
Agudo,RS,Comentario,2022-08-11 00:00:43,veramariakittel,,Vivaaaaaa!ğŸ‘ğŸ‘ğŸ‘ğŸ‘,
Agudo,RS,Comentario,2022-08-10 19:27:48,circomariotti,,ğŸ˜ EspetacularğŸª,
Agudo,RS,Comentario,2022-08-10 19:31:52,bruno.mariotti,,ğŸ‘ğŸ‘ğŸ‘ğŸ‘,
Agudo,RS,Comentario,2022-08-11 01:26:36,wrassedanusa,,Demais â¤ï¸ğŸ™Œ Ã“timo trabalho ğŸ‘ğŸ¼,
Agudo,RS,Post,2022-08-10 18:37:53,prefagudo,"Oportunidades! ğŸ‘¨ğŸ»â€âš•ï¸ğŸ©ºğŸ‘©ğŸ¼â€âš•ï¸

EstÃ£o abertas as inscriÃ§Ãµes para formaÃ§Ã£o de Banca de Candidatos aos cargos de Enfermeiro e TÃ©cnico em Enfermagem para contrataÃ§Ã£o por tempo determinado. âœ…

â¡ï¸ As inscriÃ§Ãµes podem ser realizadas em https://forms.gle/LGZfUrfrBgX9t8sF6, atÃ© dia 12 de agosto.

â„¹ï¸ Acesse o edital completo em https://bit.ly/3dopmqQ

#AgudoDeTodos #AgudoRS #ProcessoSeletivo #Enfermagem #SaÃºde",,15
Agudo,RS,Post,2022-08-10 14:11:30,prefagudo,"Dias de RecreArte ğŸ¥³ğŸ›

Semana passada ocorreu no municÃ­pio dias de cultura e diversÃ£o para os estudantes da rede municipal de ensino.

O RecreArte promoveu aÃ§Ãµes de lazer e cultura, proporcionado ao pÃºblico infantil acesso a atividades lÃºdico educativas atravÃ©s realizando de espetÃ¡culos teatrais e musicais.

ğŸª€ E finalizando com o parque de brinquedos inflÃ¡veis para a comunidade em geral do municÃ­pio.

O RecreArte foi uma promoÃ§Ã£o do governo municipal e SESC/FecomÃ©rcio.",,115
Agudo,RS,Comentario,2022-08-10 14:28:58,lidianeoliveirabe,,â¤ï¸â¤ï¸â¤ï¸,
Agudo,RS,Post,2022-08-09 12:59:07,prefagudo,"Mais oportunidades! ğŸ’ƒğŸ¼ğŸ¤ğŸ‘

Torna-se pÃºblico o edital de Processo Seletivo Simplificado para formaÃ§Ã£o de banca de Professor(a) de DanÃ§a FolclÃ³rica e de Regente. â˜ğŸ»

ğŸ“… As inscriÃ§Ãµes podem ser realizadas atÃ© 12/08/2022.

ğŸ“Œ Para se inscrever, acesse https://forms.gle/cEjgj5pAynawo6fh6.

â¡ï¸ Para maiores informaÃ§Ãµes, confira o edital bit.ly/3p4h5L5.

#AgudoDeTodos #AgudoRS #EducaÃ§Ã£o",,18
Agudo,RS,Post,2022-08-09 12:26:13,prefagudo,"EVENTO ADIADO âš½ğŸ¤©ğŸ

ğŸ“£ğŸ Devido as condiÃ§Ãµes climÃ¡ticas, o I Festival de Esporte na Grama, que aconteceria no prÃ³ximo sÃ¡bado, 13, estÃ¡ transferido.

A previsÃ£o Ã© que o evento ocorra durante o mÃªs de setembro. Em breve divulgaremos a nova data! â°

#AgudoDeTodos #AgudoRS #Esporte #FestivalNaGrama",,25
Agudo,RS,Post,2022-08-08 18:51:31,prefagudo,"Agosto LilÃ¡s pelo fim da violÃªncia ğŸ’œâœŠğŸ»

â˜ğŸ»ğŸŒ¼ TerÃ¡ inÃ­cio nesta quinta-feira (11) o Ciclo de Palestras â€œAgosto LilÃ¡s pelo fim da violÃªnciaâ€. Os eventos abordarÃ£o temas inerentes aos conceitos de violÃªncia domÃ©stica e familiar contra mulheres, questÃµes relacionadas Ã  lei Maria da Penha e os impactos da violÃªncia na saÃºde mental das mulheres.

O evento Ã© organizado pelo Gabinete da Primeira Dama, em parceria com a PolÃ­cia Civil e demais secretarias municipais. ğŸ¤

ğŸ’­ As palestrantes convidadas tem experiÃªncia nas Ã¡reas discutidas e tambÃ©m serÃ¡ ofertado um momento de meditaÃ§Ã£o. â€œO objetivo Ã© fazer com que o maior nÃºmero de mulheres consiga identificar os tipos de violÃªncia que possam, por ventura, estar sofrendo ou que alguÃ©m prÃ³ximo possa estar enfrentandoâ€, disse a Primeira Dama, Tanusa Dumke.

Confira o cronograma: ğŸ‘‡ğŸ»
ğŸŸ£ 11 de agosto - 14h, na EMEF 7 de Setembro (AbrangÃªncia 7 de Setembro e Olavo Bilac) 
ğŸŸ£ 18 de agosto â€“ 14h, na EMEF TrÃªs de Maio (abrangÃªncia TrÃªs de Maio e Santo AntÃ´nio
ğŸŸ£ 25 de agosto â€“ 19h, na EMEF D Pedro II (abrangÃªncia todas as demais escolas municipais e estaduais)

â„¹ï¸ Veja mais informaÃ§Ãµes em bit.ly/3P8FhXe

#AgudoDeTodos #AgudoRS #AssistenciaSocial #AgostoLilas #MariaDaPenha",,13
Agudo,RS,Post,2022-08-08 13:06:16,prefagudo,"Concurso PÃºblico de Agudo ğŸğŸ“„

ğŸ˜„ EstÃ£o disponÃ­veis os gabaritos preliminares do concurso pÃºblico da Prefeitura de Agudo. 

âœğŸ» O prazo de recursos inicia amanhÃ£, 9.

Clique em bit.ly/3P7Q8AI e confira o gabarito. ğŸ’»âœ…

â„¹ï¸ Mais informaÃ§Ãµes em fundatec.gov.br

#AgudoDeTodos #AgudoRS #Edital #FUNDATEC #ConcursoPublico",,45
Agudo,RS,Post,2022-08-08 11:07:12,prefagudo,"Agudo serÃ¡ sede de formaÃ§Ã£o regional para Conselheiros Tutelares ğŸ“šğŸ§’ğŸ»

ğŸ“ŒğŸ—“ï¸ Nos dias 10 e 11 de agosto, o municÃ­pio de Agudo serÃ¡ a sede do evento ""FormaÃ§Ã£o Integral para Membros do Conselho Tutelar para o trabalho em rede"". A formaÃ§Ã£o irÃ¡ reunir mais de 100 trabalhadores, de 6 cidades da regiÃ£o. 

Entre os objetivos do evento estÃ£o fornecer tÃ©cnicas operacionais necessÃ¡rias para o pleno exercÃ­cio da funÃ§Ã£o, conforme os princÃ­pios do Estatuto da CrianÃ§a e do Adolescente (ECA) e aprimorar os conhecimentos sobre suas atribuiÃ§Ãµes e competÃªncias. ğŸ¤ğŸ‘ğŸ»

â˜ğŸ»âœ… As inscriÃ§Ãµes podem ser realizadas presencialmente durante o evento no SalÃ£o EvangÃ©lico Luterano de Agudo. As programaÃ§Ãµes acontecem das 8h Ã s 12h e das 14h Ã s 17h.",,32
Agudo,RS,Comentario,2022-08-08 12:38:57,ivana_goltz,,ShowwwğŸ‘ğŸ‘ğŸ‘ğŸ‘,
Agudo,RS,Comentario,2022-08-08 16:02:31,cristianehettwer,,ParabÃ©ns pela iniciativa ğŸ‘ğŸ‘,
Agudo,RS,Post,2022-08-06 13:30:49,prefagudo,"BRINQUEDOS NA PRAÃ‡A ğŸ›´ğŸª€

Nesta sÃ¡bado, 06, o Largo Aldo Berger estarÃ¡ com vÃ¡rios brinquedos para a crianÃ§ada!

Com acesso gratuito, os brinquedos estarÃ£o disponÃ­veis das 14h Ã s 17h.

ğŸ˜‰ NÃ£o esqueÃ§a de ir com roupa confortÃ¡vel para se divertir muito!!!",,20
Agudo,RS,Post,2022-08-05 19:20:29,prefagudo,"CINEMA NA PRAÃ‡A ğŸï¸ğŸ¿

Hoje tem cinema em Agudo com a apresentaÃ§Ã£o da comÃ©dia brasileira AtÃ© a sorte nos separe 2.

O filme foi lanÃ§ado no ano de 2013 nos cinemas e conta com o elenco de  Leandro Hassum, Camila Morgado, Kiko Mascarenhas.

A sessÃ£o tem inÃ­cio Ã s 19h, em frente ao Centro Administrativo Municipal.",,38
Agudo,RS,Post,2022-08-05 18:41:11,prefagudo,"Vem aÃ­ o I Festival de Esporte na Grama âš½ğŸ¤©ğŸ

ğŸ“£ğŸ Gurizada, preparem-se! Com o objetivo de promover um evento esportivo escolar diferenciado, no prÃ³ximo sÃ¡bado, 13, acontece o I Festival de Esporte na Grama, nas competiÃ§Ãµes de VÃ´lei (3x3) e Futebol (3x3).

PoderÃ£o participar crianÃ§as e adolescentes, entre 9 e 14 anos, pertencentes a rede de ensino de Agudo, e as inscriÃ§Ãµes estÃ£o sob responsabilidade das escolas. ğŸ¤âœ…

ğŸ“Œâ° O evento acontece no AtlÃ©tico Clube Avenida, no turno da manhÃ£ (das 10h Ã s 12h) e da tarde (das 14h Ã s 16h).

#AgudoDeTodos #AgudoRS #Esporte #FestivalNaGrama",,15
Agudo,RS,Comentario,2022-08-06 15:21:57,mauriciobarchet,,Esporte presente cada vez mais nas polÃ­ticas pÃºblicas ğŸ‘ğŸ»ğŸ‘ğŸ»ğŸ‘ğŸ»ğŸ‘ğŸ»,
Agudo,RS,Post,2022-08-05 13:42:45,prefagudo,"OPORTUNIDADE!

âš ï¸ EstÃ£o abertas as inscriÃ§Ãµes para o Processo seletivo 2022 de candidatas e candidatos interessados em ingressar no Curso de PÃ³s GraduaÃ§Ã£o lato sensu em EducaÃ§Ã£o: EspaÃ§os e Possibilidades para EducaÃ§Ã£o Continuada(CPEaD), do Campus Pelotas, na Modalidade a DistÃ¢ncia, no Ã¢mbito do Sistema Universidade Aberta
do Brasil (UAB), no Polo Uab Agudo.

ğŸ–Šï¸ InscriÃ§Ãµes atÃ© Ã s 23h59min de 12/08/2022.

ğŸ’» As inscriÃ§Ãµes serÃ£o recebidas unicamente por meio do formulÃ¡rio https://forms.gle/x3sUESH1wcEhHgpm6.

Edital disponÃ­vel em: http://www.pelotas.ifsul.edu.br/editais/campus-pelotas/editais-2022/edital-25-2022-curso-de-pos-graduacao-lato-sensu-em-educacao-espacos-e-possibilidades-para-educacao-continuada-cpead",,29
Agudo,RS,Post,2022-08-05 12:17:54,prefagudo,"Sala das Margaridas Ã© inaugurada em Agudo ğŸŒ¼â™€ï¸

Na tarde de ontem, 04, foi inaugurado um novo espaÃ§o de atendimento as mulheres na Delegacia de PolÃ­cia de Agudo, a Sala das Margaridas.

A Sala das Margaridas Ã© uma das principais polÃ­ticas pÃºblicas da PolÃ­cia Civil no enfrentamento Ã  violÃªncia domÃ©stica e familiar contra a mulher. O espaÃ§o Ã© destinado para atendimento e acolhimento das vÃ­timas e filhos.

Este projeto contou com apoio da administraÃ§Ã£o municipal, empresas parceiras e Delegacia de PolÃ­cia de Agudo.",,53
Agudo,RS,Comentario,2022-08-05 15:40:54,veramariakittel,,ğŸ‘ğŸ‘ğŸ‘ğŸ‘ğŸ‘ğŸ‘ğŸ‘ğŸ‘ğŸ‘ğŸ‘,
Agudo,RS,Post,2022-08-05 12:14:16,prefagudo,"TÃ CHEGANDO A HORA! ğŸ˜ğŸ¤ğŸ»ğŸ“ƒ

âœğŸ»âœ… No prÃ³ximo domingo, 7, acontece a prova teÃ³rica/objetiva do Concurso PÃºblico de Agudo. 

Para os cargos de nÃ­vel Superior Completo e Fundamental Completo, as provas serÃ£o no turno da manhÃ£. O candidato terÃ¡ trÃªs horas para responder as questÃµes de mÃºltipla escolha. 
ğŸŸ¢ Abertura dos portÃµes: 8h30min 
ğŸŸ¢ Fechamento dos portÃµes: 9h30min 
ğŸŸ¢ InÃ­cio da prova: 9h40min

Para os cargos de NÃ­vel MÃ©dio e TÃ©cnico Completo, as provas serÃ£o no turno da tarde. O candidato terÃ¡ trÃªs horas para responder as questÃµes de mÃºltipla escolha. 
ğŸŸ¢ Abertura dos portÃµes: 14h 
ğŸŸ¢ Fechamento dos portÃµes: 15h 
ğŸŸ¢ InÃ­cio da prova: 15h10

Veja alguma orientaÃ§Ãµes! ğŸ‘‡ğŸ»
Os candidatos deverÃ£o providenciar suas prÃ³prias garrafas com Ã¡gua, em embalagem transparente. 
Pode ser usada apenas caneta esferogrÃ¡fica de ponta grossa, de material transparente, com tinta preta.
Somente serÃ£o aceitos documentos de identidade em papel, inviolados e com foto.

â„¹ï¸ Confira os editais em bit.ly/3BJHcPg

#AgudoDeTodos #AgudoRS #ConcursoPÃºblico #Fundatec #GestÃ£oPÃºblica",,44
Agudo,RS,Post,2022-08-04 13:11:13,prefagudo,"Atendimentos de Odontopediatria ğŸ¦·ğŸ§’ğŸ»

ğŸ˜Š A Prefeitura de Agudo, em parceria com a UFSM, estarÃ¡ realizando o transporte para avaliaÃ§Ã£o de pacientes na Odontopediatria. O pÃºblico alvo sÃ£o crianÃ§as atÃ© 12 anos.

O agendamento do transporte pode ser realizado atÃ© dia 10 de Agosto, e os atendimentos acontecem nos dias 15, 16 e 17, no turno da manhÃ£, em Santa Maria. ğŸšğŸ—“ï¸

ğŸ“²âœ… Agende via Zap da SaÃºde, pelo nÃºmero (55) 99603-9817 ou pelo link https://wa.me/message/VCA2PVP5BM3ON1.

#AgudoDeTodos #AgudoRS #Odontopediatria",,13
Agudo,RS,Post,2022-08-04 11:48:43,prefagudo,"Quinta-feira Ã© dia de lembranÃ§a! ğŸ¤©ğŸ”âœ”ï¸

ğŸ˜„ğŸ™ŒğŸ» A Prefeitura de Agudo publica hoje (4), a nova ediÃ§Ã£o do seu Informativo Institucional. LanÃ§ado durante a programaÃ§Ã£o da Volksfest, a Ãºltima revista tem como objetivos garantir â• transparÃªncia dos trabalhos realizados, dos investimentos da atual administraÃ§Ã£o, e tambÃ©m incentivar a participaÃ§Ã£o social e o diÃ¡logo. ğŸ“£

Nesta ediÃ§Ã£o foi dado destaque a conquistas na Ã¡rea da educaÃ§Ã£o, agricultura, desenvolvimento social e saÃºde! ğŸ‘ğŸ»ğŸ˜‰

ğŸ‘‰ğŸ» Acesse o Informativo na Ã­ntegra em bit.ly/3vGh5oh

A versÃ£o fÃ­sica estÃ¡ disponÃ­vel nas repartiÃ§Ãµes pÃºblicas do municÃ­pio. ğŸ“°ğŸ¤“

#AgudoDeTodos #AgudoRS #Informativo #GestÃ£oPÃºblica #TransparÃªncia",,24
Agudo,RS,Comentario,2022-08-04 21:45:15,veramariakittel,,ğŸ‘ğŸ‘ğŸ‘ğŸ‘ğŸ‘ğŸ‘ğŸ‘ğŸ‘ğŸ‘ğŸ‘,
Agudo,RS,Post,2022-08-02 14:13:11,prefagudo,"INSCRIÃ‡Ã•ES PRORROGADAS! âš½ğŸ’¥

ğŸ¤©ğŸƒğŸ» O Campeonato Municipal de Futsal voltou! As inscriÃ§Ãµes acontecem gratuitamente e estÃ£o abertas atÃ© dia 12 de agosto.

SerÃ£o disputadas 7 categorias, sendo elas sub 10, sub 13, sub 17, veterano 35, veterano 45, principal A/B e feminino livre. âœ…

â˜ğŸ»ğŸ˜ Para se inscrever, retire a ficha de inscriÃ§Ã£o na Sala do Esporte, localizada no GinÃ¡sio Municipal, de segunda a sexta-feira (7h30 Ã s 11h30 e das 13h Ã s 17h). Em caso de dÃºvida, entre em contato pelos telefones 55997233191 ou 55999937869. 

#AgudoDeTodos #AgudoRS #Esporte #Futsal #CampeonatoFutsal",,33
Agudo,RS,Post,2022-08-01 18:20:21,prefagudo,"A consulta que vocÃª falta faz falta para alguÃ©m! ğŸ‘¨ğŸ»â€âš•ï¸ğŸ©º

ğŸ˜”ğŸ‘ğŸ» VocÃª sabia que no mÃªs de junho, apenas 6 em cada 10 agudenses com ultrassonografias agendado pelo SUS comparecem ao exame? E que em julho 25% das pessoas nÃ£o compareceram para realizar este exame?

Se vocÃª tem uma consulta, exame ou cirurgia marcada pelo SUS, nÃ£o falte! Avise com o mÃ¡ximo de antecedÃªncia se nÃ£o puder comparecer para que outra pessoa possa ser atendida em seu lugar. â˜ğŸ»âœ…

ğŸ¤ Sua atitude pode ajudar a salvar a vida de outras pessoas.",,32
Agudo,RS,Comentario,2022-08-01 18:24:30,elen_m_m,,ğŸ‘ğŸ‘ğŸ‘ğŸ‘ğŸ‘ğŸ‘,
Agudo,RS,Post,2022-07-30 21:13:48,prefagudo,"ğŸ¤ğŸ»ğŸ¤© Chegou a hora das finais!

Neste domingo, 31, acontecem as finais da 1Âª Copa Agudo â€“ Ilo Friedrich de Futebol, nas categorias 2005/06, 2007, 2008 e 2009. As partidas serÃ£o realizadas no EstÃ¡dio do AtlÃ©tico Clube Avenida, em Agudo, nos seguintes horÃ¡rios.ğŸ‘‡ğŸ»

âš½ 08h30 - Final Categoria 2009
âš½ 09h40 - Final Categoria 2008
âš½ 11h - Final Categoria 2005/06
âš½ 13h - Final Categoria 2007

A realizaÃ§Ã£o conta com apoio da Prefeitura de Agudo, com patrocÃ­nio da Friedrich Distribuidora e Super Lis, e a organizaÃ§Ã£o do Planeta Bola Eventos Esportivos. ğŸ¤ğŸ‡§ğŸ‡·
Vem pra Copa Agudo de Futebol! âš½ğŸ†",,33
Agudo,RS,Post,2022-07-30 20:11:51,prefagudo,"UMA GURIZADA QUE DÃ SHOW! ğŸ‘ğŸ¼âš½ï¸

ğŸ¤©ğŸ™ŒğŸ» A 1Âª Copa Agudo Ilo Friedrich de Futebol de Base Ã© um sucesso! 

Durante esta semana, Agudo Ã© a casa de cerca de 800 atletas do RS e de SC, que disputam esse campeonato que estÃ¡ movimentando o nosso municÃ­pio. ğŸ¤ğŸ»ğŸƒğŸ»â€â™‚ï¸

ğŸ†ğŸ‘ğŸ¼ Neste sÃ¡bado, aconteceu a primeira final, no qual o EC SÃ£o JosÃ© A consagrou-se campeÃ£o na categoria sub-10, em um baita jogo no Esporte Clube Porto Alves! ParabÃ©ns, pessoal!

E amanhÃ£, domingo, o calendÃ¡rio de finais acontece no estÃ¡dio do ATLÃ‰TICO CLUBE AVENIDA. ğŸ‘‡ğŸ»

ğŸ”˜ 08h30 - Final Sub 17
ğŸ”˜ 09h40 - Final Sub 15
ğŸ”˜ 11h - Final Sub 14
ğŸ”˜ 13h - Final Sub 13

A realizaÃ§Ã£o conta com apoio da Prefeitura de Agudo, patrocÃ­nio da Friedrich Distribuidora e Super Lis, e organizaÃ§Ã£o do Planeta Bola Eventos Esportivos. ğŸ¤ğŸ‡§ğŸ‡·",,167
Agudo,RS,Comentario,2022-07-30 20:14:43,gabrielspuhl,,ğŸ‘ğŸ‘ğŸ‘,
Agudo,RS,Comentario,2022-07-30 20:54:28,arteefestaagudo,,Showww de bola ğŸ‘ğŸ‘ğŸ‘,
Agudo,RS,Comentario,2022-07-31 00:36:17,dieimi_flores,,Maravilha ğŸ‘ğŸ‘ğŸ‘,
Agudo,RS,Post,2022-07-29 19:07:24,prefagudo,"OPORTUNIDADES ğŸ¤âœğŸ»

â˜ğŸ»ğŸ˜‰ EstÃ£o abertas as inscriÃ§Ãµes, atÃ© 03 de Agosto, para 6 vagas de recenseador na unidade do IBGE em Agudo. A seleÃ§Ã£o ocorrerÃ¡ por meio de AnÃ¡lise de TÃ­tulos.

As inscriÃ§Ãµes sÃ£o gratuitas mediante entre de formulÃ¡rio no posto de inscriÃ§Ã£o do IBGE, localizado no Polo UAB Agudo. âœ…

â„¹ï¸ Mais informaÃ§Ãµes e o edital completo estÃ¡ disponÃ­vel em https://www.ibge.gov.br/acesso-informacao/institucional/trabalhe-conosco/34485-2022-14-recenseador.html

#AgudoDeTodos #Censo2022 #IBGE",,9
Agudo,RS,Post,2022-07-29 12:35:43,prefagudo,"Saldo positivo na geraÃ§Ã£o de empregos âœ…ğŸ“ˆ

â˜ğŸ»ğŸ‘¨ğŸ»â€ğŸ­ Conforme dados do Novo Cadastro Geral de Empregados e Desempregados (CAGED), Agudo apresenta crescimento no nÃºmero de empregos formais gerados entre os meses de janeiro e junho de 2022. De acordo com relatÃ³rio emitido pelo MinistÃ©rio da Economia, foram 528 novas vagas ocupadas no municÃ­pio, com um saldo de 104 empregos formais neste perÃ­odo. 

Durante o semestre, o estudo indica tambÃ©m a abertura de 110 novos CNPJs no municÃ­pio. Esse fator contribui para o aumento da oferta de empregos. ğŸ‘©ğŸ¼â€ğŸ’¼ğŸ’ªğŸ¼

ğŸ‘ğŸ»ğŸ“Š Os dados colocam o municÃ­pio de Agudo como destaca entre as cidades da regiÃ£o central do Estado na geraÃ§Ã£o de empregos, principalmente, na Quarta ColÃ´nia. Os nÃºmeros tambÃ©m indicam a retomada do crescimento econÃ´mico de Agudo, com superaÃ§Ã£o da crise causada pela pandemia e criaÃ§Ã£o de um ambiente empreendedor no municÃ­pio.

A Prefeitura de Agudo atua em frentes para desenvolver um ambiente empreender no municÃ­pio. Programas como o â€œDesenvolve Agudoâ€ e projetos como o â€œBanco de Talentosâ€ aproximam a administraÃ§Ã£o pÃºblica da iniciativa privada e estimulam o crescimento econÃ´mico. ğŸ¤ğŸ˜‰

â„¹ï¸ Acesse as informaÃ§Ãµes completas em bit.ly/3S8YA5E

#AgudoDeTodos #AgudoRS #Emprego #Renda #DesenvolvimentoEconomico",,12
Agudo,RS,Post,2022-07-28 22:55:47,prefagudo,"ğŸ¤ğŸ»ğŸ¤© Para qual time vai a tua torcida?
Confira nas imagens abaixo a classificaÃ§Ã£o geral, atÃ© o momento, da 1Âª Copa Agudo â€“ Ilo Friedrich de Futebol, nas categorias 2005/06, 2007, 2008, 2009 (grupos B e C) e 2010. ğŸ‘‡ğŸ»
A realizaÃ§Ã£o conta com apoio da Prefeitura de Agudo, com patrocÃ­nio da Friedrich Distribuidora e Super Lis, e a organizaÃ§Ã£o do Planeta Bola Eventos Esportivos. ğŸ¤ğŸ‡§ğŸ‡·
Vem pra Copa Agudo de Futebol! âš½ğŸ†",,68
Agudo,RS,Comentario,2022-07-29 14:36:27,tiago_menezzes,,@nicolas_dr05 voaaa bro ğŸ”¥ğŸ’ªğŸ¿âš½,
Agudo,RS,Post,2022-07-28 21:04:50,prefagudo,"Vem pra Copa Agudo de Futebol! âš½ğŸ† 

Confira nas imagens abaixo a agenda de jogos da 1Âª Copa Agudo â€“ Ilo Friedrich de Futebol, para a sexta-feira, 29 de Julho. ğŸ‘‡ğŸ»

A realizaÃ§Ã£o conta com apoio da Prefeitura de Agudo, com patrocÃ­nio da Friedrich Distribuidora e Super Lis, e a organizaÃ§Ã£o do Planeta Bola Eventos Esportivos. ğŸ¤ğŸ‡§ğŸ‡·",,29
Agudo,RS,Post,2022-07-27 21:02:52,prefagudo,"Vem pra Copa Agudo de Futebol! âš½ğŸ† 

Confira nas imagens abaixo a agenda de jogos da 1Âª Copa Agudo â€“ Ilo Friedrich de Futebol, para a quinta-feira, 28 de Julho. ğŸ‘‡ğŸ»

A realizaÃ§Ã£o conta com apoio da Prefeitura de Agudo, com patrocÃ­nio da Friedrich Distribuidora e Super Lis, e a organizaÃ§Ã£o do Planeta Bola Eventos Esportivos. ğŸ¤ğŸ‡§ğŸ‡·",,49
Agudo,RS,Post,2022-07-27 13:46:18,prefagudo,"Vem pra Copa Agudo de Futebol! âš½ğŸ†

Confira nas imagens abaixo a agenda de jogos da 1Âª Copa Agudo â€“ Ilo Friedrich de Futebol, para o dia de hoje, 27 de Julho. ğŸ‘‡ğŸ»

A realizaÃ§Ã£o conta com apoio da Prefeitura de Agudo, com patrocÃ­nio da Friedrich Distribuidora e Super Lis, e a organizaÃ§Ã£o do Planeta Bola Eventos Esportivos. ğŸ¤ğŸ‡§ğŸ‡·

âš ï¸ Errata: No EstÃ¡dio Colosso do JacuÃ­ os dois Ãºltimos jogos sÃ£o: Center Ball (RS) x C18 (RS), as 14h30, e Riograndense FC (RS) x Greminho Cruz Alta (RS), as 15h50.",,62
Agudo,RS,Post,2022-07-26 22:39:14,prefagudo,"1Âª Copa Agudo â€“ Ilo Friedrich de Futebol âš½ğŸ†

ğŸƒğŸ»âœ… E assim iniciou a primeira ediÃ§Ã£o da Copa Agudo â€“ Ilo Friedrich: a chegada dos cerca de 800 atletas do Rio Grande do Sul e de Santa Catarina para as disputas de futebol nas categorias de base parou o Centro de Agudo!

ğŸ“â›³ Os jogos acontecem ao todo, em quatro sociedades esportivas, a partir de amanhÃ£: AtlÃ©tico Clube Avenida, GrÃªmio Esportivo Elite, Esporte Clube Porto Alves e EstÃ¡dio Colosso do JacuÃ­ de Dona Francisca.

A realizaÃ§Ã£o conta com apoio da Prefeitura de Agudo, com patrocÃ­nio da Friedrich Distribuidora e Super Lis, e a organizaÃ§Ã£o do Planeta Bola Eventos Esportivos. ğŸ¤ğŸ‡§ğŸ‡·",,529
Agudo,RS,Comentario,2022-07-26 23:43:39,louisecampos_,,ğŸ‘ğŸ‘ğŸ‘ğŸ‘ğŸ‘,
Agudo,RS,Comentario,2022-07-27 11:48:02,tatiane.francisco.7,,â¤ï¸â¤ï¸ğŸ”¥ğŸ”¥ğŸ”¥,
Agudo,RS,Comentario,2022-07-27 12:06:42,_odetesantos_,,ParabÃ©ns bela homenagem a uma pessoa querida que sempre incentivou o esporte em Agudo. TaÃ§a Ilo Friedrich ğŸ‘ğŸ‘ğŸ‘ğŸ‘ğŸ‘,
Agudo,RS,Comentario,2022-07-26 23:06:58,dieniferzitzmann,,"ParabÃ©ns Agudo pelo incentivo ao esporte, isso serÃ¡ marcado para essas crianÃ§as pra sempre. ğŸ‘ğŸ‘ğŸ‘ğŸ‘ğŸ‘ğŸ‘",
Agudo,RS,Comentario,2022-07-26 23:17:57,carlaandreaschiefelbein,,"ParabÃ©ns Agudo pelo incentivo ao esporte,  as crianÃ§as sÃ£o o futuro sempre!!ğŸ‘ğŸ‘ğŸ‘â¤ï¸",
Agudo,RS,Comentario,2022-07-26 23:10:25,quintal.agudo,,Que baita iniciativa ğŸ‘ğŸ‘ğŸ‘ParabÃ©ns,
Agudo,RS,Comentario,2022-07-27 00:02:51,jacksonsalvan,,"ParabÃ©ns pela iniciativa ğŸ‘ğŸ‘, show,  lindo de verrrrâ¤ï¸â¤ï¸â¤ï¸â¤ï¸",
Agudo,RS,Comentario,2022-07-27 11:10:50,eleniir75,,ğŸ™ŒğŸ™ŒğŸ‘ğŸ‘ğŸ‘ğŸ‘ğŸ‘ğŸ‘ğŸ‘,
Agudo,RS,Comentario,2022-07-27 23:17:04,sirleydebarros,,ğŸ‘ğŸ‘ğŸ‘ğŸ‘ğŸ‘ğŸ™ŒğŸ™ŒğŸ™ŒğŸ™ŒğŸ™Œ,
Agudo,RS,Comentario,2022-07-26 23:10:56,katiagadr,,ParabÃ©ns a Prefeitura de Agudo e todos envolvidos nesse belo trabalho!!! ğŸ‘ğŸ‘ğŸ‘ğŸ‘ğŸ‘,
Agudo,RS,Comentario,2022-07-26 23:09:26,katiagadr,,ğŸ‘ğŸ‘ğŸ‘ğŸ‘,
Agudo,RS,Comentario,2022-07-26 23:53:39,elen_m_m,,Que bacana! ğŸ‘ğŸ‘ğŸ‘,
Agudo,RS,Post,2022-07-26 19:21:08,prefagudo,"GURIZADINHA VACINADA â˜ºï¸ğŸ’‰

Mais uma etapa avanÃ§a na imunizaÃ§Ã£o contra a COVID-19. Veja abaixo mais informaÃ§Ãµes. ğŸ‘‡ğŸ»

Onde e quando:
- No Posto de SaÃºde Central, de segunda-feira a sexta-feira, das 8h as 11h e das 13h as 16h
- Nos Postos do Interior, nos dias de atendimentos

Para quem:
- CrianÃ§as de 3 e 4 anos (1Âª dose)

O que levar:
- Carteirinha de vacinaÃ§Ã£o, documento com foto e CPF",,10
Agudo,RS,Post,2022-07-26 16:54:59,prefagudo,"1Âª Copa Agudo â€“ Ilo Friedrich de Futebol âš½ğŸ†

ğŸƒğŸ»âœ… Inicia nesta terÃ§a-feira, 26, a primeira ediÃ§Ã£o da Copa Agudo â€“ Ilo Friedrich. O evento prevÃª reunir mais de 1500 pessoas, entre atletas, dirigentes e familiares, com a chegada de 20 clubes, em 40 equipes, do Rio Grande do Sul e de Santa Catarina para as disputas de futebol nas categorias de base.

A abertura da competiÃ§Ã£o acontece hoje, a partir das 18h, na PraÃ§a da EmancipaÃ§Ã£o, com um desfile dos times participantes. ğŸ—“ï¸ğŸ“Œ

ğŸ“â›³ Ao todo, quatro sociedades esportivas sediarÃ£o os jogos: AtlÃ©tico Clube Avenida, GrÃªmio Esportivo Elite, Esporte Clube Porto Alves e EstÃ¡dio Colosso do JacuÃ­ de Dona Francisca. As competiÃ§Ãµes seguem atÃ© dia 31, simultaneamente nos cincos campos, a partir das 8h.

A realizaÃ§Ã£o conta com apoio da AdministraÃ§Ã£o Municipal, atravÃ©s da Secretaria de EducaÃ§Ã£o e Desporto, com patrocÃ­nio da Friedrich Distribuidora e Super Lis, e a organizaÃ§Ã£o do Planeta Bola Eventos Esportivos, empresa que realiza as competiÃ§Ãµes de categoria de base em diversas cidades do Brasil. ğŸ¤ğŸ‡§ğŸ‡·

â˜ğŸ»ğŸ˜‰ As equipes serÃ£o divididas em cinco categorias, conforme os anos de nascimento em 2005/2006, 2007, 2008,  2009 e 2010. 

Durante este perÃ­odo, os atletas receberÃ£o refeiÃ§Ãµes e estarÃ£o alojados em escolas, clubes e entidades do municÃ­pio. HÃ¡ a previsÃ£o da presenÃ§a de captadores de grandes clubes, como GrÃªmio, Internacional, Fluminense, Azuriz, AtlÃ©tico Paranaense e AtlÃ©tico Mineiro. ğŸ¤©ğŸ¤ğŸ»",,26
Agudo,RS,Post,2022-07-26 16:48:04,prefagudo,"Tem circo chegando em Agudo! ğŸªğŸª„

ğŸ¤¹ğŸ»â€â™‚ï¸ğŸ˜† Dos dias 8 a 14 de agosto, o projeto Circo LÃºdico Mariotti pretende desenvolver espetÃ¡culos de arte circenses e promete encantar crianÃ§as, jovens e adultos. 
Sob a lona de circo, com um trabalho artÃ­stico cÃªnico inovador e criativo atravÃ©s da arte mÃ¡gica, serÃ£o realizadas apresentaÃ§Ãµes de espetÃ¡culos gratuitos para todos os alunos do municÃ­pio e comunidade em geral. ğŸ©°ğŸ¤©

ğŸ‰ğŸ‘ğŸ» Como complemento dos espetÃ¡culos, serÃ£o realizadas oficinas circenses para alunos dos 4Âº e 5Âº anos das escolas de Agudo. 

ğŸŸï¸ğŸª A lona do circo serÃ¡ montada Rua General Flores, entre o prÃ©dio da Prefeitura de Agudo e o GinÃ¡sio Municipal. Os ingressos podem ser retirados a partir desta terÃ§a-feira, 26, na Cooperagudo. 

O Circo tem apoio da Prefeitura de Agudo, com patrocÃ­nio da Cooperativa AgrÃ­cola Mista Agudo Ltda e Financiamento do PrÃ³-Cultura RS. O projeto Ã© realizado por Jogos e Jogos Ltda. â˜ğŸ»ğŸ˜‰ 

â„¹ï¸ Veja mais informaÃ§Ãµes em bit.ly/3oBvpuc",,45
Agudo,RS,Post,2022-07-26 00:21:37,prefagudo,"SOLENIDADE DE ACENDIMENTO AO LUME MEMORIAL ğŸ•¯ï¸

Hoje, 25, pela manhÃ£ ocorreu o acendimento ao Lume Memorial, na Esplanada do Monumento ao Imigrante ,na localidade de Cerro Chato.

Na data de hoje, 25 de julho, comemoramos o dia do Colono e do Motorista, Ã© preciso valorizar aquelas pessoas de valor, que desempenham um dos papÃ©is mais importantes do paÃ­s. AtravÃ©s do trabalho de suas mÃ£os e do suor do seu rosto, com dedicaÃ§Ã£o, o agricultor trabalha a terra, planta e colhe os frutos que alimentam o povo brasileiro, e o motorista transporta as nossas riquezas, enfrentando inÃºmeras dificuldades.

ParabÃ©ns aos colonos e motoristas!!!

O evento de Acendimento ao Lume Memorial faz parte da programaÃ§Ã£o da 32Âª Volksfest in Agudo.",,72
Agudo,RS,Post,2022-07-25 13:36:33,prefagudo,"A 32Âª Volksfest in Agudo Ã© um sucesso! ğŸ‘
Neste ano, consagrada no calendÃ¡rio oficial de eventos do RS, a Volksfest jÃ¡ reuniu atÃ© o momento cerca de 50 mil visitantes.
Com um tempo aberto e sensaÃ§Ã£o agradÃ¡vel, a maior festa popular da regiÃ£o central do estado voltou da melhor maneira: gastronomia tÃ­pica, agricultura familiar, artesanato, bailes, atividades culturais, desfile e a multifeira do comÃ©rcio, indÃºstria e serviÃ§os.
A Expovolks segue atÃ© amanhÃ£, segunda-feira (25).
Confira algumas fotos da abertura da Expovolks, realizada na noite de sexta-feira, 22:",,197
Agudo,RS,Comentario,2022-07-25 14:22:21,gabrielicentaestilista,,ğŸ‘ğŸ‘ğŸ‘,
Agudo,RS,Comentario,2022-07-25 23:31:33,leonora_drescher,,ParabÃ©ns as meninas lindas de Agudo Terra das mulheres bonitas Eu tambÃ©m nasci em agudo,
Agudo,RS,Comentario,2022-07-26 00:51:06,mariarosangelaribeiror,,ğŸ‘ğŸ‘ğŸ‘,
Agudo,RS,Post,2022-07-24 11:39:58,prefagudo,"ğŸ“ Morro Agudo
ğŸ Agudo/RS

#turismo #quartacolonia #riograndedosul #travelgram #instatravel #worldtravel #tourist #travel #travels #travelphotography #vacation #traveltips #traveling #trip #traveler #traveller #travelphoto #mytravelgram #travelpics #tourism #traveltheworld #getaway #viagem #aroundtheworld #cityscape #photooftheday",,267
Agudo,RS,Comentario,2022-07-24 14:12:33,camilaaunfer,,ğŸ˜ğŸ˜ğŸ˜ğŸ˜ğŸ˜,
Agudo,RS,Comentario,2022-07-24 14:10:46,cabreraaudiovisual,,ğŸ”¥ğŸ”¥ğŸ”¥,
Agudo,RS,Comentario,2022-08-03 00:50:51,saa_senger,,ğŸ˜ğŸ˜ğŸ˜ğŸ˜ğŸ˜,
Agudo,RS,Comentario,2022-08-31 12:38:09,elen_m_m,,Lugar lindo ğŸ˜,
Agudo,RS,Post,2022-07-21 14:21:19,prefagudo,"Confira os horÃ¡rios de funcionamento das repartiÃ§Ãµes municipais durante a Volksfest â°ğŸ‡©ğŸ‡ª

â¡ï¸ 22/07 - Sexta-Feira
Centro Administrativo: Das 7h30 Ã s 11h30
Postos de SaÃºde: Funcionamento Normal

â¡ï¸ 25/07 - Segunda-feira (Feriado)
Centro Administrativo: Sem expediente
Postos de SaÃºde: Sem expediente, atendimentos sÃ£o realizados no Hospital Agudo

#AgudoDeTodos #AgudoRS #HorÃ¡rios",,13
Agudo,RS,Post,2022-07-21 14:21:02,prefagudo,"NOVA DIRETORIA DO CONSELHO MUNICIPAL DE ASSISTÃŠNCIA SOCIAL ğŸ¤

Nesta manhÃ£, 21, foi escolhida a nova diretoria do CMAS - Conselho Municipal de AssistÃªncia Social e a ComissÃ£o do Programa AuxÃ­lio Brasil.

Com reuniÃ£o realizada na Secretaria De Desenvolvimento Social e HabitaÃ§Ã£o, a nova diretoria Ã© formada por Rochelly Tavares, presidente, Gabriela Bertoldo, vice-presidente e JÃºlia Prochnow, secretÃ¡ria, que atuarÃ¡ pelo BiÃªnio 2022/2024.

JÃ¡ a ComissÃ£o do Programa AuxÃ­lio Brasil Ã© formada por Gabriela Bertoldo, Guilherme Simon, JÃºlia Prochnow e Raquel Chaves.",,71
Agudo,RS,Post,2022-07-20 14:28:44,prefagudo,"ESTÃ CHEGANDO O DIA! ğŸŠğŸ‡©ğŸ‡ª

A @volksinagudo estÃ¡ de volta e as estruturas dos pavilhÃµes jÃ¡ estÃ£o sendo montadas.

De 22 a 25 de Julho, prestigie o melhor da culinÃ¡ria, comÃ©rcio, serviÃ§os e produÃ§Ã£o familiar de Agudo! ğŸ˜ğŸ™ŒğŸ»",,442
Agudo,RS,Comentario,2022-07-20 16:22:53,ledawrasse,,ğŸ‘ğŸ‘ğŸ™Œ,
Agudo,RS,Comentario,2022-08-10 01:36:53,clovisthesing,,Eu fui ğŸ¤©ğŸ¤ğŸ‘ğŸ‘ğŸ‘,
Agudo,RS,Post,2022-07-17 14:06:23,prefagudo,"Escolha das Soberanas da Melhor Idade ğŸ‘‘

Hoje, 17, no Clube CentenÃ¡rio, ocorre a escolha das Soberanas da Melhor Idade de Agudo.

Participam da escolha 09 candidatas, que sÃ£o elas: Catarina Pesamosca, Eda Zita Schumacher Pretzel, Estelita Unfer Friedrich, Ilena Klusner, Cilda Gilda Neuenfeldt, Neli Alves Machado, Leoida Adelia Reetz, Lori Odi Kieffer e Valderesa Martins Silveira.

â° O evento inicia Ã s 13h30 e o valor do ingresso Ã© de R$ 5,00, que serÃ¡ destinado a AssociaÃ§Ã£o de Idosos do municÃ­pio. A escolha da Soberanas da Melhor Idade faz parte da programaÃ§Ã£o da XXXII Volksfest In Agudo.",,100
Agudo,RS,Comentario,2022-07-17 23:20:45,leoidaadelhareetz,,â¤ï¸â¤ï¸ğŸ™ŒğŸ™Œ,
Agudo,RS,Post,2022-07-15 17:12:30,prefagudo,"MunicÃ­pio recebe caminhÃ£o pipa para o transporte de Ã¡gua potÃ¡vel ğŸš›ğŸš°

ğŸ˜ğŸ‘ğŸ» O MunicÃ­pio de Agudo recebeu nesta sexta-feira, 15, um caminhÃ£o pipa 0 Km para transporte de Ã¡gua potÃ¡vel. 

O veÃ­culo Ã© uma forma para enfrentamento de situaÃ§Ãµes de emergÃªncia, como estiagens. O prefeito LuÃ­s Henrique Kittel comemora a conquista. â€œConcretizamos a realizaÃ§Ã£o de um anseio por parte da nossa comunidade, que possibilitarÃ¡ um atendimento mais rÃ¡pido e eficienteâ€, diz Kittel. ğŸ’­â˜ğŸ»

ğŸ¤© Da marca MERCEDES BENZ, o modelo 4x2 tem potÃªncia de 256 CV, 06 cilindros em linha, ar condicionado, equipado com tanque pipa cilÃ­ndrico em aÃ§o inox, e capacidade de 9.000 litros.

O valor investido foi de R$ 593.000,00, oriundo atravÃ©s de recursos destinados via emenda parlamentar e com contrapartida da Prefeitura. ğŸ¤

â„¹ï¸ Confira mais em bit.ly/3ASyj5j

#AgudoDeTodos #AgudoRS #CaminhÃ£oPipa #Agricultura #DesenvolvimentoRural",,88
Agudo,RS,Comentario,2022-07-15 21:57:13,lidianeoliveirabe,,ğŸ‘ğŸ‘ğŸ‘ğŸ‘ğŸ‘ğŸ‘ğŸ‘,
Agudo,RS,Post,2022-07-15 14:26:26,prefagudo,"VACINA CONTRA GRIPE E COVID! ğŸ’‰âœ…

Neste sÃ¡bado, 16 de julho, Ã© dia de vacina contra a COVID-19 e GRIPE, em Agudo! 

No Posto de SaÃºde Central, das 8h as 11h. ğŸ“Œ

ğŸ˜ƒğŸ’‰GRIPE
Para todas as pessoas com 6 meses ou mais. ğŸ†•

ğŸ˜ƒğŸ’‰COVID - DOSE 1
Todos que ainda nÃ£o receberam, a partir de 5 anos.

ğŸ˜ƒğŸ’‰COVID - DOSE 2
Para aqueles que ainda nÃ£o receberam a sua segunda dose, conforme calendÃ¡rio.

ğŸ˜ƒğŸ’‰COVID - DOSE 3
Adolescentes de 12 a 17 anos, apÃ³s 4 meses de receber a dose 2. ğŸ†•
Todos com 18 anos ou mais, apÃ³s 4 meses de receber a dose 2. 
Para quem recebeu a dose reforÃ§o da vacina da Janssen, hÃ¡ pelo menos 4 meses. ğŸ†•

ğŸ˜ƒğŸ’‰COVID - DOSE 4
Para pessoas com 40 anos ou mais, apÃ³s 4 meses de receber a dose 2. ğŸ†•

NÃ£o esqueÃ§a de levar o seu CPF e caderneta de vacina (crianÃ§as). ğŸ’³ 

#AgudoDeTodos #AgudoRS #Vacina #SaÃºde #Covid",,8
Agudo,RS,Post,2022-07-14 18:54:03,prefagudo,"Soberanas fazem roteiro de visitas para divulgar a XXXII Volksfest In Agudo ğŸ‡©ğŸ‡ª ğŸ¤

Nesta semana, a rainha JÃ©ssica e as princesas Bibiana e Lauind realizaram alguns compromissos devido a divulgaÃ§Ã£o da XXXII Volksfest, que agora estÃ¡ no CalendÃ¡rio Oficial de Eventos do Estado do Rio Grande do Sul. A capital gaÃºcha e municÃ­pios que fazem divisa com a cidade de Agudo receberam a comitiva.

Em Porto Alegre, a comitiva agudense, formada pelas soberanas, o prefeito LuÃ­s Henrique Kittel e a secretÃ¡ria Djulia Regina, foram recepcionadas pelo governador do estado Ranolfo Vieira JÃºnior. Em momento de descontraÃ§Ã£o, o convite da â€œFesta do Povoâ€ foi entregue ao chefe do executivo do estado.

JÃ¡ pela regiÃ£o, as visitas comeÃ§aram na terÃ§a-feira pela Quarta ColÃ´nia, sendo recepcionadas pelos prefeitos e suas assessorias. ApÃ³s, as visitas foram para a regiÃ£o da ColÃ´nia Santo Ã‚ngelo. Nesta ocasiÃ£o, contou com a presenÃ§a do vice-prefeito Pedro Ãlvaro MÃ¼ller JÃºnior, juntamente das soberanas.

No terceiro dia de visitaÃ§Ãµes, as soberanas seguiram em direÃ§Ã£o a regiÃ£o Centro Serra. Nesta oportunidade, a secretÃ¡ria Djulia Regina esteve presente com as representantes do Agudo, sendo as cidades de Sobradinho, Lagoa Bonita do Sul e Ibarama visitadas pela comitiva.

ğŸ‘ğŸ» Agudo agradece aos municÃ­pios pela recepÃ§Ã£o, que foram muito hospitaleiros com a comitiva. E aguardamos os seus representantes para fazer uma grande â€œFesta do Povoâ€.",,215
Agudo,RS,Comentario,2022-07-14 20:18:29,faxinaldosoturnors,,Agradecemos a visita e nos vemos na Volksfest! ğŸ˜ğŸ‰ğŸ¥³,
Agudo,RS,Comentario,2022-07-16 18:03:28,leonora_drescher,,ğŸ‘ğŸ‘ğŸ‘ lindas,
Agudo,RS,Post,2022-07-14 18:11:38,prefagudo,"ELE VOLTOU! âš½ğŸ’¥

ğŸ¤©ğŸƒğŸ» O Campeonato Municipal de Futsal voltou! As inscriÃ§Ãµes acontecem gratuitamente e estÃ£o abertas atÃ© dia 05 de agosto.

SerÃ£o disputadas 7 categorias, sendo elas sub 10, sub 13, sub 17, veterano 35, veterano 45, principal A/B e feminino livre. âœ…

â˜ğŸ»ğŸ˜ Para se inscrever, retire a ficha de inscriÃ§Ã£o na Sala do Esporte, localizada no GinÃ¡sio Municipal, de segunda a sexta-feira (7h30 Ã s 11h30 e das 13h Ã s 17h). Em caso de dÃºvida, entre em contato pelos telefones 55997233191 ou 55999937869. 

#AgudoDeTodos #AgudoRS #Esporte #Futsal #CampeonatoFutsal",,43
Agudo,RS,Post,2022-07-14 13:11:04,prefagudo,"Mais oportunidades! ğŸ‘©ğŸ»â€âš•ï¸ğŸ’ŠğŸ‘

Torna-se pÃºblico o edital de Processo Seletivo Simplificado para formaÃ§Ã£o de banca de FarmacÃªutico(a). â˜ğŸ»

ğŸ“… As inscriÃ§Ãµes acontecem atÃ© 15/07/2022.

ğŸ“Œ As inscriÃ§Ãµes podem ser realizadas unicamente de maneira presencial, na Secretaria de SaÃºde (Prefeitura de Agudo - Av. Tiradentes, 1625).

â¡ï¸ Para maiores informaÃ§Ãµes, confira o edital bit.ly/3PnNSGc

#AgudoDeTodos #AgudoRS #SaÃºde",,17
Agudo,RS,Post,2022-07-14 12:54:15,prefagudo,"ConferÃªncia debate seguranÃ§a alimentar e nutricional em Agudo ğŸğŸ“ğŸ›

ğŸ—“ï¸ğŸ“Œ Aconteceu nesta quarta-feira, 13, a III ConferÃªncia Municipal de SeguranÃ§a Alimentar e Nutricional de Agudo, no auditÃ³rio do Sindicato dos Trabalhadores Rurais. 

Entre os objetivos da conferÃªncia esteve avaliar a situaÃ§Ã£o da SeguranÃ§a Alimentar e Nutricional no municÃ­pio, identificando seus desafios e apresentar propostas para superÃ¡-los por meio de polÃ­ticas e programas intersetoriais estruturantes. ğŸ§€ğŸŒ¾ğŸŒ½

ğŸ’­ğŸ‘ğŸ» O evento contou com a presenÃ§a de autoridades, secretÃ¡rios municipais, agricultores, entidades e cidadÃ£os para abordar os eixos temÃ¡ticos da questÃ£o nutricional. â€œÃ‰ essencial a criaÃ§Ã£o do conselho para a soluÃ§Ã£o de um problema bÃ¡sico, mas grave, ao mesmo tempo em que fomenta e valoriza a agricultura familiarâ€, destacou o vice-prefeito Pedrinho MÃ¼ller.

Durante a programaÃ§Ã£o tambÃ©m houveram apresentaÃ§Ãµes culturais e a palestra ""A fome voltou! Medidas JÃ¡!"", ministrada por Alcione Piasentin Claro. â˜ğŸ»ğŸ˜

â„¹ï¸ Veja mais em bit.ly/3uNfrAJ

#AgudoDeTodos #AgudoRS #COMSEA #AlimentaÃ§Ã£o #Fome #NutriÃ§Ã£o",,38
Agudo,RS,Post,2022-07-14 12:05:53,prefagudo,"VocÃª sabia que o Executivo Municipal iniciou a implementaÃ§Ã£o do projeto â€œPrefeitura Sem Papelâ€? âœ‹ğŸ»ğŸ“„ 

Com o objetivo de promover uma gestÃ£o inovadora, garantir mais rapidez, transparÃªncia e resoluÃ§Ã£o das demandas da populaÃ§Ã£o, a iniciativa promove que processos, documentos e serviÃ§os do municÃ­pio sejam ofertados de maneira digital, possibilitando tambÃ©m acesso do cidadÃ£o aos serviÃ§os do poder pÃºblico municipal a qualquer hora do dia. ğŸ‘ğŸ»ğŸ˜

ğŸ“²âœ… Um exemplo prÃ¡tico do serviÃ§o pode ser visualizado pela equipe da Secretaria da Fazenda, em que mesmo os servidores estando no 54Âº Congresso Estadual da Artafam, em Carlos Barbosa, podem visualizar os processos orÃ§amentÃ¡rios e contÃ¡beis do municÃ­pio, fazendo os devidos despachos e orientaÃ§Ãµes.

Em pouco mais de uma semana, jÃ¡ foram economizadas cerca de 9 mil impressÃµes em papel e agilizados mais de 1500 processos do municÃ­pio. â™»ï¸ğŸ–¨ï¸

â˜ğŸ»ğŸ˜‰ A plataforma utilizada Ã© a â€œ1Docâ€, disponibilizada pela empresa @governancabrasil. 

#AgudoDeTodos #AgudoRS #PrefeituraSemPapel #GovBr #Sustentabilidade",,85
Agudo,RS,Comentario,2022-07-14 12:28:07,lidianeoliveirabe,,"VocÃªs  sÃ£o  top DEMAIS, sÃ©rio!!! A cada dia uma inovaÃ§Ã£o ğŸ˜ğŸ˜",
Agudo,RS,Comentario,2022-07-14 12:32:02,governancabrasil,,"Orgulho por fazer parte desse projeto, e atravÃ©s da transformaÃ§Ã£o digital, contribuir para uma vida melhor aos cidadÃ£os de Agudo â¤ï¸",
Agudo,RS,Comentario,2022-07-16 01:04:26,elen_m_m,,ğŸ‘ğŸ‘ğŸ‘ğŸ‘ğŸ‘ğŸ‘ğŸ‘ğŸ‘ğŸ‘,
Agudo,RS,Comentario,2022-07-21 02:44:16,darciaparecidafernan,,ğŸ™Œ,
Agudo,RS,Post,2022-07-12 16:59:31,prefagudo,"ZAP DA SAÃšDE! ğŸ“³ğŸ¤©

ğŸ¤”ğŸ’­ VocÃª sabia que a Secretaria de SaÃºde tem um meio de comunicaÃ§Ã£o exclusivo para vocÃª?

Por meio do aplicativo WhatsApp, diversos serviÃ§os estÃ£o disponÃ­veis, com o intuito de garantir mais comodidade e facilitar os atendimentos. ğŸ‘ğŸ»

ğŸšŒ Agendamento de transporte
ğŸ©º InformaÃ§Ãµes sobre consultas e exames
ğŸ“£ Ouvidoria
â„¹ï¸ DÃºvidas em geral

ğŸ˜‰ Ficou interessado(a)? Adicione o pelo telefone (55)99603-9817 ou pelo link https://wa.me/message/VCA2PVP5BM3ON1

#AgudoDeTodos #AgudoRS #SaÃºde #WhatsApp #BemEstar",,5
Agudo,RS,Post,2022-07-11 19:29:43,prefagudo,"1Âª Copa Agudo â€“ Ilo Friedrich de Futebol âš½ğŸ†

ğŸƒğŸ»âœ… Nas prÃ³ximas semanas, nÃ£o Ã© sÃ³ a Volksfest que reunirÃ¡ visitantes em Agudo. A primeira ediÃ§Ã£o da Copa Agudo â€“ Ilo Friedrich, farÃ¡ com que o municÃ­pio receba mais de 1500 pessoas, entre atletas, dirigentes e familiares, com a chegada de times do Rio Grande do Sul e de Santa Catarina para as disputas de futebol nas categorias de base.

A abertura da competiÃ§Ã£o acontece no dia 26 de Julho, a partir das 18h, no Largo Aldo Berger, em frente a Prefeitura de Agudo, com um desfile dos times participantes. ğŸ—“ï¸ğŸ“Œ

ğŸ“â›³ Ao todo, cinco sociedades esportivas sediarÃ£o os jogos: AtlÃ©tico Clube Avenida, Esporte Clube Elite, Esporte Clube Porto Alves, SER SÃ£o Miguel (Restinga Seca) e EstÃ¡dio Municipal de Dona Francisca. As competiÃ§Ãµes iniciam no dia 27 e seguem atÃ© dia 31, simultaneamente nos cincos campos, a partir das 8h.

A realizaÃ§Ã£o conta com apoio da AdministraÃ§Ã£o Municipal, atravÃ©s da Secretaria de EducaÃ§Ã£o e Desporto, com patrocÃ­nio da Friedrich Distribuidora e Super Lis, e a organizaÃ§Ã£o do Planeta Bola Eventos Esportivos, empresa que realiza as competiÃ§Ãµes de categoria de base em diversas cidades do Brasil. ğŸ¤ğŸ‡§ğŸ‡·

â˜ğŸ»ğŸ˜‰ As equipes serÃ£o divididas em cinco categorias, conforme os anos de nascimento em 2005/2006, 2007, 2008,  2009 e 2010. 

Durante este perÃ­odo, os atletas receberÃ£o refeiÃ§Ãµes e estarÃ£o alojados em escolas, clubes e entidades do municÃ­pio. HÃ¡ a previsÃ£o da presenÃ§a de captadores de grandes clubes, como GrÃªmio, Internacional, Fluminense, Azuriz AtlÃ©tico Mineiro. ğŸ¤©ğŸ¤ğŸ»

â„¹ï¸ Confira mais informaÃ§Ãµes em bit.ly/3ywWNhR

#AgudoDeTodos #AgudoRS #Esporte #Futebol #FormandoCampeoes",,30
Agudo,RS,Post,2022-07-11 18:11:07,prefagudo,"Participe da III ConferÃªncia Municipal de SeguranÃ§a Alimentar e Nutricional de Agudo/RS! ğŸğŸ“ğŸ›

ğŸ“Œâœ… O evento acontece na prÃ³xima quarta-feira, 13, a partir das 13h30, no auditÃ³rio do Sindicato dos Trabalhadores Rurais de Agudo, localizado na Avenida ConcÃ³rdia, 333.

Com a palestra ""A fome voltou! Medidas JÃ¡!"", ministrada por Alcione Piasentin Claro, o evento Ã© uma promoÃ§Ã£o do Conselho Municipal de SeguranÃ§a Alimentar e Nutricional de Agudo/RS. â˜ğŸ»ğŸ˜‰

#AgudoDeTodos #AgudoRS #COMSEA #AlimentaÃ§Ã£o #NutriÃ§Ã£o",,10
Agudo,RS,Post,2022-07-11 12:35:11,prefagudo,"PrÃªmio Agro Agudo - Categoria ProduÃ§Ã£o de Morango ğŸ“ğŸ†

ğŸ¤© Chegou a hora de conhecer os finalistas na categoria ""ProduÃ§Ã£o de Morango"" do PrÃªmio Agro Agudo. 

Curta abaixo as suas fotos favoritas. Aquela que receber mais curtidas serÃ¡ a vencedora da categoria. ğŸ‘‡ğŸ»ğŸ˜ƒ",,137
Agudo,RS,Comentario,2022-07-11 14:45:36,nadia.adriana,,@belhinhastreck ğŸ‘ğŸ˜ğŸ“,
Agudo,RS,Post,2022-07-11 12:34:40,prefagudo,"PrÃªmio Agro Agudo - Categoria ProduÃ§Ã£o de Leite ğŸ®ğŸ†

ğŸ¤© Chegou a hora de conhecer os finalistas na categoria ""ProduÃ§Ã£o de Leite"" do PrÃªmio Agro Agudo. 

Curta abaixo as suas fotos favoritas. Aquela que receber mais curtidas serÃ¡ a vencedora da categoria. ğŸ‘‡ğŸ»ğŸ˜ƒ",,44
Agudo,RS,Comentario,2022-07-11 21:16:10,jucelainipotter,,Foto de Claudete Astrid Thom Sell â¤ï¸â¤ï¸â¤ï¸,
Agudo,RS,Post,2022-07-11 12:34:13,prefagudo,"PrÃªmio Agro Agudo - Categoria Jovem Agro ğŸ‘¨ğŸ»â€ğŸŒ¾ğŸ†

ğŸ¤© Chegou a hora de conhecer os finalistas na categoria ""Jovem Agro"" do PrÃªmio Agro Agudo. 

Curta abaixo as suas fotos favoritas. Aquela que receber mais curtidas serÃ¡ a vencedora da categoria. ğŸ‘‡ğŸ»ğŸ˜ƒ",,58
Agudo,RS,Post,2022-07-11 12:33:16,prefagudo,"PrÃªmio Agro Agudo - Categoria Mulher Agro ğŸ‘©ğŸ»â€ğŸŒ¾ğŸ†

ğŸ¤© Chegou a hora de conhecer os finalistas na categoria ""Mulher Agro"" do PrÃªmio Agro Agudo. 

Curta abaixo as suas fotos favoritas. Aquela que receber mais curtidas serÃ¡ a vencedora da categoria. ğŸ‘‡ğŸ»ğŸ˜ƒ",,96
Agudo,RS,Comentario,2022-07-12 21:33:43,lojadaalineagudo,,Maiza nataly ğŸ‘ğŸ¼ parabÃ©ns,
Agudo,RS,Post,2022-07-11 12:32:25,prefagudo,"PrÃªmio Agro Agudo - Categoria ProduÃ§Ã£o de Tabaco ğŸğŸ†

ğŸ¤© Chegou a hora de conhecer os finalistas na categoria ""ProduÃ§Ã£o de Tabaco"" do PrÃªmio Agro Agudo. 

Curta abaixo as suas fotos favoritas. Aquela que receber mais curtidas serÃ¡ a vencedora da categoria. ğŸ‘‡ğŸ»ğŸ˜ƒ",,26
Agudo,RS,Comentario,2022-07-13 22:35:55,dorisunfer9,,Lindoooooo,
