Ajuricaba,RS,Post,2022-09-08 21:07:08,portaldeajuricaba,"Ajuricaba vai ser pequena para tanto talento! Estamos ansiosos pela nossa festa de aniversÃ¡rio.

Vem com a gente que vai ser show!!",,74
Ajuricaba,RS,Comentario,2022-09-08 23:21:32,omaninhoantunes,,Obrigado,
Ajuricaba,RS,Comentario,2022-09-08 23:27:16,omaninhoantunes,,Logo estamos ai,
Ajuricaba,RS,Comentario,2022-09-08 23:47:15,rosabuchanelli,,â¤ï¸â¤ï¸â¤ï¸,
Ajuricaba,RS,Post,2022-08-23 01:29:27,portaldeajuricaba,"Ã‰ o baile mais aguardado do anoooo ğŸ”¥ğŸ”¥ğŸ”¥

G10 vem aÃ­ meu povo! Um super baile do chopp na Linha 26.

E o chopp Ã© o que vocÃªs pediram: Brahma ğŸ»ğŸº",,120
Ajuricaba,RS,Comentario,2022-08-23 10:56:09,rosygarciast,,ğŸ”¥ğŸ”¥ğŸ”¥,
Ajuricaba,RS,Comentario,2022-08-23 03:00:19,omaninhoantunes,,ğŸ‘ğŸ‘ğŸ‘,
Ajuricaba,RS,Post,2022-08-13 21:49:03,portaldeajuricaba,"SÃ¡bado, 13 de agosto.
Bom final de semana para todos!!

Apoio na captura de imagem: @novaconexaointernet",,30
Ajuricaba,RS,Post,2022-08-05 23:02:01,portaldeajuricaba,"MunicÃ­pio agora faz parte da Rota das Ãguas, Culturas e Sabores. Saiba mais no site",,85
Ajuricaba,RS,Comentario,2022-08-06 00:22:12,chagas_brunoc,,Agora sim,
Ajuricaba,RS,Comentario,2022-08-06 00:39:13,lettyciaregina,,ğŸ‘ğŸ‘ğŸ‘ ParabÃ©ns,
Ajuricaba,RS,Comentario,2022-08-06 00:59:04,neidaavila12,,ParabÃ©ns Ajuricaba ğŸ‘ğŸ‘,
Ajuricaba,RS,Post,2022-08-05 23:01:02,portaldeajuricaba,Leia em ajuricaba.com,,23
Ajuricaba,RS,Post,2022-08-03 16:59:23,portaldeajuricaba,Saiba mais em Ajuricaba.com,,15
Ajuricaba,RS,Post,2022-07-19 15:30:06,portaldeajuricaba,,,66
Ajuricaba,RS,Comentario,2022-07-19 16:20:12,faclubebandag10,,ğŸ‘ğŸ‘,
Ajuricaba,RS,Comentario,2022-07-19 16:25:34,maria_luiza_servieski_,,ğŸ‘ğŸ»,
Ajuricaba,RS,Post,2022-07-16 22:27:41,portaldeajuricaba,AnimaÃ§Ã£o a mil para o nosso primeiro bailÃ£o!,,32
Ajuricaba,RS,Comentario,2022-07-16 22:28:52,omaninhoantunes,,Bora derreter,
Ajuricaba,RS,Post,2022-07-15 15:34:09,portaldeajuricaba,"O nosso bailÃ£o tÃ¡ vindo aÃ­!!
Vai se programando porque este serÃ¡ o melhor baile do ano!

Barris limitados! JÃ¡ reserva o seu.

Na pista:
Banda G10 - a original
Abertura do baile: @gabrielrigoli @g_defreitas e @jean_gaiteiro112 
ApÃ³s o baile tem DJ PP pra fazer aquele agito @_pedrohpf 

Vem pro nosso bailÃ£o",,58
Ajuricaba,RS,Comentario,2022-07-15 15:45:36,chagas_brunoc,,@anegvogt,
Ajuricaba,RS,Comentario,2022-07-15 17:29:28,alessandraleves,,Bora @milamdesouza @brunalopes_23 @dieinew,
Ajuricaba,RS,Post,2022-06-25 00:40:19,portaldeajuricaba,Leia em ajuricaba.com. Link na bio,,47
Ajuricaba,RS,Post,2022-06-24 23:34:02,portaldeajuricaba,Saiba quem pode realizar a inscriÃ§Ã£o no site. Link na bio.,,25
Ajuricaba,RS,Post,2022-06-24 23:32:45,portaldeajuricaba,Veja a matÃ©ria completa em ajuricaba.com. Link na bio,,24
Ajuricaba,RS,Post,2022-06-24 23:31:29,portaldeajuricaba,Saiba mais em ajuricaba.com.,,11
Ajuricaba,RS,Post,2022-06-24 02:26:50,portaldeajuricaba,,,12
Ajuricaba,RS,Post,2022-06-22 23:56:50,portaldeajuricaba,Saiba mais em ajuricaba.com,,64
Ajuricaba,RS,Post,2022-06-22 22:26:39,portaldeajuricaba,,,42
Ajuricaba,RS,Post,2022-06-18 14:50:23,portaldeajuricaba,"Estamos preparando uma festa inesquecÃ­vel para celebrar nosso aniversÃ¡rio. Marque na sua agenda.

#bailedodudu #bandag10 #bandag10aoriginal",,27
Ajuricaba,RS,Post,2022-06-16 17:51:30,portaldeajuricaba,,,77
Ajuricaba,RS,Post,2022-06-16 01:24:59,portaldeajuricaba,Saiba mais em ajuricaba.com. Link na bio,,65
Ajuricaba,RS,Post,2022-05-25 13:41:51,portaldeajuricaba,Bom dia â˜€ï¸,,203
Ajuricaba,RS,Comentario,2022-05-25 13:43:34,valdirstephanini,,TambÃ©m amo muito estÃ¡ cidade onde nasci e vivi atÃ© meus 19 anos.â¤ï¸,
Ajuricaba,RS,Comentario,2022-05-25 20:07:06,nicodoterra,,"Cidade da minha famÃ­lia paterna, onde vivi por um curto perÃ­odo dos meus tempos de guri na linha 21.ğŸ’¯â¤ï¸ğŸ™Œ",
Ajuricaba,RS,Comentario,2022-05-26 00:20:37,ivaniroliveira686,,ğŸ‘ğŸ‘ğŸ‘ğŸ‘,
Ajuricaba,RS,Comentario,2022-05-27 20:53:05,rosabuchanelli,,â¤ï¸â¤ï¸ğŸ˜ğŸ˜ğŸ˜®ğŸ˜®minha  terra  Natal  amo muito  Ajuricaba  um dia  pretendo  voltar  se Deus quiser,
Ajuricaba,RS,Comentario,2022-05-28 02:01:02,maristela_sasso,,Estamos morando em outra cidade mas Ajuricaba  mora nos nossos â¤ï¸â¤ï¸â¤ï¸â¤ï¸ Deus abenÃ§oe  Ajuricaba e todos os que nela vivem !ParabÃ©ns Ajuricaba!!! Em breve voltaremos as nossas raÃ­zes!,
Ajuricaba,RS,Post,2022-05-24 21:23:27,portaldeajuricaba,JÃ¡ registrou seu amor pela cidade? â¤ï¸,,344
Ajuricaba,RS,Comentario,2022-05-24 21:40:23,alinedamianmarque,,ParabÃ©ns ğŸ‘ğŸ‘,
Ajuricaba,RS,Comentario,2022-05-24 22:22:58,chagas_brunoc,,ğŸ‘ğŸ‘ğŸ‘ğŸ‘,
Ajuricaba,RS,Comentario,2022-05-24 22:23:25,chagas_brunoc,,Faz falta um busto do Janguinho tambÃ©m ğŸ˜¢ğŸ˜¢,
Ajuricaba,RS,Comentario,2022-05-24 22:25:27,ivonerasador,,Muito bomğŸ‘ğŸ‘ğŸ‘ğŸ‘,
Ajuricaba,RS,Comentario,2022-05-24 22:47:09,lettyciaregina,,ğŸ‘ğŸ‘ğŸ‘,
Ajuricaba,RS,Comentario,2022-05-24 22:49:39,yaszxv_yasmin,,Achei lindooâ¤ï¸â¤ï¸,
Ajuricaba,RS,Comentario,2022-05-24 23:11:54,jiacomelifz,,ğŸ‘ğŸ‘ğŸ‘,
Ajuricaba,RS,Comentario,2022-05-24 23:28:11,maria_luiza_servieski_,,ğŸ‘ğŸ‘ğŸ‘,
Ajuricaba,RS,Comentario,2022-05-24 23:54:43,karinakaufmannn,,ParabÃ©ns ğŸ‘ğŸ‘ğŸ‘,
Ajuricaba,RS,Comentario,2022-05-25 00:01:40,marlizasperotto_,,ğŸ‘ğŸ‘ğŸ‘,
Ajuricaba,RS,Comentario,2022-05-25 00:28:41,joicecamilarasador,,Que lindoğŸ‘ğŸ‘ğŸ‘,
Ajuricaba,RS,Comentario,2022-05-25 00:30:13,joicecamilarasador,,Que lindoğŸ‘ğŸ‘ğŸ‘,
Ajuricaba,RS,Comentario,2022-05-25 01:26:24,cilibohn,,ParabÃ©ns!!!!ğŸ‘ğŸ‘,
Ajuricaba,RS,Comentario,2022-05-25 02:30:45,samuelsilasdas,,Pelo menos um capricho amais aÃ­ parabÃ©ns,
Ajuricaba,RS,Comentario,2022-05-25 23:27:28,ivonerasador,,Muito bomğŸ‘ğŸ‘ğŸ‘ğŸ‘,
Ajuricaba,RS,Comentario,2022-05-27 00:16:58,marciasilva1262,,ğŸ‘ğŸ‘ğŸ‘ğŸ‘ğŸ‘parabÃ©ns,
Ajuricaba,RS,Post,2022-05-18 16:16:01,portaldeajuricaba,Leia mais em ajuricaba.com,,5
Ajuricaba,RS,Post,2022-05-18 00:33:23,portaldeajuricaba,Saiba mais em Ajuricaba.com,,41
Ajuricaba,RS,Post,2022-05-14 18:15:34,portaldeajuricaba,Saiba mais em ajuricaba.com. Link na bio,,11
Ajuricaba,RS,Post,2022-05-14 13:42:46,portaldeajuricaba,Saiba mais em ajuricaba.com. Link na bio,,168
Ajuricaba,RS,Comentario,2022-05-14 14:04:39,camila.batistadasilva.90,,ğŸ˜¢ğŸ˜¢ğŸ˜¢,
Ajuricaba,RS,Comentario,2022-05-14 14:08:13,berenicebertollo,,ğŸ˜¢ğŸ˜¢,
Ajuricaba,RS,Comentario,2022-05-14 14:17:02,oliveiraroai,,ğŸ˜¢ğŸ˜¢ğŸ˜¢ğŸ˜¢,
Ajuricaba,RS,Comentario,2022-05-14 15:09:51,tatischoffelfst,,ğŸ™Œ,
Ajuricaba,RS,Comentario,2022-05-14 15:11:13,eduardofranbutzen,,ğŸ˜¢ğŸ˜¢ğŸ˜¢,
Ajuricaba,RS,Comentario,2022-05-14 16:01:45,eliane_casali,,ğŸ˜¢,
Ajuricaba,RS,Comentario,2022-05-14 16:11:43,tosoleda,,ğŸ˜¢,
Ajuricaba,RS,Comentario,2022-05-14 16:37:39,silvia.vieirabandeira,,ğŸ˜¢ğŸ˜¢,
Ajuricaba,RS,Comentario,2022-05-14 17:08:40,beatrizkrampe,,ğŸ˜¢,
Ajuricaba,RS,Comentario,2022-05-14 17:24:24,cilibohn,,ğŸ˜¢,
Ajuricaba,RS,Comentario,2022-05-14 18:03:28,josianep.carlini,,ğŸ˜¢,
Ajuricaba,RS,Comentario,2022-05-14 18:21:35,solange.kemp,,ğŸ˜¢ğŸ˜¢,
Ajuricaba,RS,Comentario,2022-05-14 19:12:02,paulodamiani2009,,ğŸ˜¢ğŸ˜¢ğŸ˜¢ğŸ˜¢,
Ajuricaba,RS,Comentario,2022-05-14 21:44:17,denizeruppel,,ğŸ˜¢ğŸ˜¢,
Ajuricaba,RS,Comentario,2022-05-15 00:56:43,sandracristinaeichelberg,,ğŸ˜¢,
Ajuricaba,RS,Post,2022-04-21 23:54:08,portaldeajuricaba,"Marta e sua filha Mariane, 1Â° e 2Â° lugares no mini torneio de bodoque feminino!

ParabÃ©ns meninas ğŸ‘ğŸ»",,85
Ajuricaba,RS,Post,2022-04-21 23:52:41,portaldeajuricaba,"Fernando Stephanini, 2Â° lugar no 1Â° Torneio de Bodoque Ajuricaba.com / 1Â° lugar no mini torneio de bodoque!

ParabÃ©ns Mimi ğŸ‘ğŸ»",,122
Ajuricaba,RS,Comentario,2022-04-22 01:44:19,elainemarlipiesanti,,"Valeu, Mimi. Tu Ã© ferağŸ™ŒğŸ‘",
Ajuricaba,RS,Comentario,2022-04-22 10:11:50,marileiaddolovitsch,,ğŸ‘ğŸ‘ğŸ‘,
Ajuricaba,RS,Comentario,2022-04-22 17:22:31,valdirstephanini,,"ParabÃ©ns, Fernando ğŸ‘ğŸ‘ğŸ‘ğŸ‘",
Ajuricaba,RS,Comentario,2022-04-23 01:34:05,clenicebrigo,,ParabÃ©ns Fernando que Shou ğŸ‘ğŸ»ğŸ‘ğŸ»ğŸ‘ğŸ»,
Ajuricaba,RS,Post,2022-04-21 23:50:52,portaldeajuricaba,"Raul Candoso, campeÃ£o do 1Â° Torneio de Bodoque do Ajuricaba.com!

ParabÃ©ns pela vitÃ³ria ğŸ‘ğŸ»ğŸ‘ğŸ»",,62
Ajuricaba,RS,Post,2022-04-21 11:31:25,portaldeajuricaba,Chegou o grande dia!,,19
Ajuricaba,RS,Comentario,2022-04-21 16:53:13,elainemarlipiesanti,,TÃ¡ rolandoğŸ‘ğŸ‘,
Ajuricaba,RS,Post,2022-04-19 11:49:52,portaldeajuricaba,"Junto ao torneio de Bodoque tambÃ©m serÃ¡ realizado um torneio de PÃªnaltis no Rancho 7.

Este feriado promete ser de muita animaÃ§Ã£o em Ajuricaba!

Chama os bons de mira e os boleiros e vamos ver quem sÃ£o os melhores ğŸ¥‡ğŸ¥ˆ",,15
Ajuricaba,RS,Post,2022-04-19 00:41:51,portaldeajuricaba,Compilamos aqui as principais regras do torneio de Bodoque. A hora de se inscrever Ã© agora!,,39
Ajuricaba,RS,Comentario,2022-04-21 04:49:18,alexandrehoring,,Moleza;e o que serÃ¡ a premiaÃ§ao?,
Ajuricaba,RS,Post,2022-04-18 13:08:02,portaldeajuricaba,"Falta pouco para o evento mais exÃ³tico do ano.

NÃ£o fica aÃ­ comendo ğŸª°
Te inscreve agora para garantir sua vaga!",,27
Ajuricaba,RS,Post,2022-03-29 19:11:19,portaldeajuricaba,"A hora de se inscrever Ã© agora! NÃ£o mosqueia pois sÃ£o sÃ³ 50 vagas e metade jÃ¡ estÃ¡ preenchida.

FaÃ§a sua inscriÃ§Ã£o pelo WhatsApp na bio, no Rancho 7, Orbithal Som e InformÃ¡tica ou EspaÃ§o Homem Barbearia",,57
Ajuricaba,RS,Comentario,2022-03-29 20:22:23,camila.zambon,,@gibranferretto,
Ajuricaba,RS,Comentario,2022-03-30 11:43:54,ro_durks,,Depois qe inventaram a polvora o bodoqe ja eras kkkkkk,
Ajuricaba,RS,Comentario,2022-03-30 17:24:45,luiz_marcheski,,@yorton_tabille,
Ajuricaba,RS,Post,2022-03-28 22:48:24,portaldeajuricaba,"Os feras das quadras! Alex e Marco ğŸ¥‡

Ã‰ medalha de ouro para eles. ApÃ³s partida disputadÃ­ssima, no tie break eles levaram a melhor e conquistaram o tÃ­tulo de campeÃµes.",,15
Ajuricaba,RS,Post,2022-03-28 22:44:57,portaldeajuricaba,"ğŸ¥ˆpara eles!!

Anderson e Gabriel jogaram bem e ficaram com o segundo lugar em nosso torneio ğŸ‘ğŸ»",,9
Ajuricaba,RS,Post,2022-03-28 22:42:55,portaldeajuricaba,"Ã‰ ouro ğŸ¥‡ğŸ¥‡ğŸ¥‡
JÃ©ssyca e LetÃ­cia sÃ£o as grandes campeÃ£s do 2Â° torneio de vÃ´lei de praia Ajuricaba.com",,15
Ajuricaba,RS,Post,2022-03-28 22:41:10,portaldeajuricaba,"ğŸ¥ˆ para elas.

Amanda e Iva conquistaram o segundo lugar em nosso torneio de vÃ´lei de praia do Ãºltimo domingo ğŸ‘ğŸ»",,28
Ajuricaba,RS,Comentario,2022-03-28 22:43:59,amanda_roratto,,ğŸ˜ğŸ˜â¤ï¸,
Ajuricaba,RS,Comentario,2022-03-28 22:44:22,ivanesbertollo,,â¤ï¸â¤ï¸,
Ajuricaba,RS,Post,2022-03-28 21:57:19,portaldeajuricaba,"JÃ©ssyca e LetÃ­cia, atletas do 2Â° Torneio de VÃ´lei de Praia Ajuricaba.com",,18
Ajuricaba,RS,Post,2022-03-28 21:56:23,portaldeajuricaba,"Gabriel e Alexandre, atletas do 2Â° Torneio de VÃ´lei de Praia Ajuricaba.com",,8
Ajuricaba,RS,Post,2022-03-28 21:51:27,portaldeajuricaba,"Maicon e Cristiano, atletas do 2Â° Torneio de VÃ´lei de Praia Ajuricaba.com",,9
Ajuricaba,RS,Post,2022-03-28 21:50:44,portaldeajuricaba,"Amanda e Iva, atletas do 2Â° Torneio de VÃ´lei de Praia Ajuricaba.com",,21
Ajuricaba,RS,Comentario,2022-03-28 22:28:29,amanda_roratto,,ğŸ˜ğŸ˜ğŸ˜,
Ajuricaba,RS,Post,2022-03-28 21:46:42,portaldeajuricaba,"Alex e Marco, atletas do 2Â° Torneio de VÃ´lei de Praia Ajuricaba.com",,11
Ajuricaba,RS,Post,2022-03-28 21:45:48,portaldeajuricaba,"Cunha e Daniel, atletas do 2Â° Torneio de VÃ´lei de Praia Ajuricaba.com",,5
Ajuricaba,RS,Post,2022-03-28 21:44:54,portaldeajuricaba,"Jonas e Vagner, atletas do 2Â° Torneio de VÃ´lei de Praia Ajuricaba.com",,8
Ajuricaba,RS,Post,2022-03-28 21:43:42,portaldeajuricaba,"Joelcio e Adriano, atletas do 2Â° Torneio de VÃ´lei de Praia Ajuricaba.com",,14
Ajuricaba,RS,Post,2022-03-28 21:42:46,portaldeajuricaba,"Jaque e Jaque, atletas do 2Â° Torneio de VÃ´lei de Praia Ajuricaba.com",,27
Ajuricaba,RS,Post,2022-03-28 21:41:51,portaldeajuricaba,"Jardel e Dudu, atletas do 2Â° Torneio de VÃ´lei de Praia Ajuricaba.com",,7
Ajuricaba,RS,Post,2022-03-28 21:41:04,portaldeajuricaba,"Leia e Dienifer, atletas do 2Â° Torneio de VÃ´lei de Praia Ajuricaba.com",,15
Ajuricaba,RS,Post,2022-03-28 21:39:38,portaldeajuricaba,"Matheus e JoÃ£o, atletas do 2Â° Torneio de VÃ´lei de Praia Ajuricaba.com",,21
Ajuricaba,RS,Comentario,2022-03-29 20:43:25,valdirstephanini,,"ParabÃ©ns pela participaÃ§Ã£o, JH. VocÃª Ã© ""o cara"".",
Ajuricaba,RS,Post,2022-03-28 21:38:44,portaldeajuricaba,"Matheus e Macedo, atletas do 2Â° Torneio de VÃ´lei de Praia Ajuricaba.com",,13
Ajuricaba,RS,Post,2022-03-28 21:36:57,portaldeajuricaba,"Rasia e Sidi, atletas do 2Â° Torneio de VÃ´lei de Praia Ajuricaba.com",,12
Ajuricaba,RS,Post,2022-03-28 20:25:05,portaldeajuricaba,"Atletas da categoria masculina do 2Â° Torneio de VÃ´lei de Praia Ajuricaba.com

Em pÃ©: Giovane Drews (arbitragem), Matheus, Cunha, Daniel, Anderson, Marco, Jonas, Vagner, Alex, Alexandre, Macedo e Matheus.

Agachados: JoÃ£o, Jardel, Adriano, Gabriel, Cristiano, Joelcio, Gabriel, Sidi, Dieine (organizaÃ§Ã£o) e Dudu (organizaÃ§Ã£o)",,33
Ajuricaba,RS,Post,2022-03-28 20:08:36,portaldeajuricaba,"Atletas da categoria feminina do 2Â° Torneio de VÃ´lei de Praia Ajuricaba.com.

Em pÃ©: Jaque, Jaque, Iva e Amanda.
Agachadas: Leia, Dienifer, LetÃ­cia e JÃ©ssyca",,30
Ajuricaba,RS,Comentario,2022-03-28 20:20:14,scheilaarenamassoterapeuta,,ParabÃ©ns meninas. No prÃ³ximo estarei presente tambÃ©m ğŸ‘ğŸ‘,
Ajuricaba,RS,Post,2022-03-27 19:42:12,portaldeajuricaba,,,29
Ajuricaba,RS,Post,2022-03-23 20:53:55,portaldeajuricaba,Saiba mais em ajuricaba.com,,84
Ajuricaba,RS,Comentario,2022-03-23 21:13:48,chagas_brunoc,,"TÃ¡ loco que cachaÃ§a do Ziede Ã© imprÃ³pria, judiaria isso aÃ­.ğŸ˜¢",
Ajuricaba,RS,Comentario,2022-03-24 00:57:14,isoldematter,,ğŸ™‰ğŸ™‰ğŸ¤”ğŸ™„ğŸ¤•ğŸ˜,
Ajuricaba,RS,Comentario,2022-03-24 10:48:46,edisonmallmann,,"Sacanagem,",
Ajuricaba,RS,Post,2022-03-23 19:57:25,portaldeajuricaba,"Recebaaaaaa

Te inscreve e mostra pra que tu veio ao mundo meu querido e minha querida ğŸ‘ŠğŸ»

Vem aÃ­ o 1Â° Torneio de Bodoque de Ajuricaba âœŒğŸ»",,36
Ajuricaba,RS,Post,2022-03-21 13:44:02,portaldeajuricaba,Leia em ajuricaba.com. Link na bio,,32
Ajuricaba,RS,Comentario,2022-03-21 13:48:56,merilinoficial,,ParabÃ©ns! De extrema importÃ¢ncia!,
Ajuricaba,RS,Comentario,2022-03-21 16:18:18,elenicesylvio,,ğŸ™Œâ¤ï¸,
Ajuricaba,RS,Post,2022-03-21 13:15:22,portaldeajuricaba,Saiba mais em ajuricaba.com. Link na bio,,2
Ajuricaba,RS,Post,2022-03-18 23:59:31,portaldeajuricaba,EstÃ£o abertas as inscriÃ§Ãµes para o 1Â° torneio de bodoque de Ajuricaba ğŸ‘ŠğŸ»,,45
Ajuricaba,RS,Comentario,2022-03-19 00:07:57,scheilaarenamassoterapeuta,,@suelennnoliveira,
Ajuricaba,RS,Post,2022-03-15 23:31:40,portaldeajuricaba,Te prepara meu galo ğŸ“,,106
Ajuricaba,RS,Comentario,2022-03-15 23:51:15,rosandroandrebrigo,,Mas q tal,
Ajuricaba,RS,Comentario,2022-03-16 00:02:20,piesanticlarissa,,Mas que legal ğŸ˜‚ğŸ˜‚,
Ajuricaba,RS,Comentario,2022-03-16 00:19:31,marcelisippert,,Quando vai ser esse torneio,
Ajuricaba,RS,Comentario,2022-03-16 00:20:53,eneiasfeiden,,PatrocÃ­nio do Bagolim kkkkkkk,
Ajuricaba,RS,Comentario,2022-03-16 00:50:01,itsmacdj,,AÃ­ simm! ğŸ”¥Hahah,
Ajuricaba,RS,Comentario,2022-03-16 01:07:38,darlanhenriqque,,@candosoraul,
Ajuricaba,RS,Comentario,2022-03-16 02:17:31,dieison_jader,,@leandro.eziquiel  @canariomoura,
Ajuricaba,RS,Comentario,2022-03-16 13:49:22,demouraigor,,@maicon.j.monteiro ğŸ˜‚,
Ajuricaba,RS,Comentario,2022-03-16 18:22:58,letiicamargoo,,ğŸ˜‚ğŸ˜‚ğŸ˜‚ğŸ˜‚ğŸ˜‚ğŸ˜‚,
Ajuricaba,RS,Comentario,2022-03-16 23:33:07,vera_simoni_bonmann_silva,,ğŸ‘ğŸ‘ğŸ‘,
Ajuricaba,RS,Comentario,2022-03-17 01:54:25,elainemarlipiesanti,,Muito showğŸ‘ğŸ‘,
Ajuricaba,RS,Post,2022-03-15 16:17:43,portaldeajuricaba,Acesse ajuricaba.com e fique por dentro do que acontece na cidade,,12
Ajuricaba,RS,Post,2022-03-15 16:15:50,portaldeajuricaba,Saiba mais em ajuricaba.com,,50
Ajuricaba,RS,Post,2022-03-14 12:35:49,portaldeajuricaba,"Estes sÃ£o os nossos parceiros para a realizaÃ§Ã£o de mais uma ediÃ§Ã£o do torneio de vÃ´lei de praia do Ajuricaba.com.

Desta vez, 16 duplas masculinas e 16 duplas femininas disputarÃ£o para ver quem sÃ£o os melhores das quadras de areia.

O vencedor ganharÃ¡ prÃªmio em dinheiro, mas todos os atletas levam para casa uma regata personalizada do evento.

Tem dupla? Inscreva-se e bora jogar!!

InscriÃ§Ãµes e info pelo telefone (55) 996660912.",,20
Ajuricaba,RS,Post,2022-02-25 01:19:09,portaldeajuricaba,Saiba mais em ajuricaba.com. Link na bio,,48
Ajuricaba,RS,Comentario,2022-02-25 02:12:05,andreiafoguesatto,,ğŸ˜®,
Ajuricaba,RS,Comentario,2022-02-25 14:21:00,elainemarlipiesanti,,ğŸ˜®nossa.,
Ajuricaba,RS,Post,2022-02-22 19:29:50,portaldeajuricaba,"Vem aÃ­ mais uma ediÃ§Ã£o do nosso torneio de vÃ´lei de praia.

Chame sua dupla e venha curtir um domingo de muito esporte ğŸ–ğŸ»ğŸ",,9
Ajuricaba,RS,Comentario,2022-02-22 19:38:48,scheilaarenamassoterapeuta,,ParabÃ©ns galera ğŸ‘ğŸ‘ğŸ‘ğŸ‘,
Ajuricaba,RS,Post,2022-02-14 23:10:52,portaldeajuricaba,Saiba mais em ajuricaba.com,,72
Ajuricaba,RS,Comentario,2022-02-15 01:45:15,anita_lacorte_de_lara,,ğŸ‘ğŸ‘ğŸ‘Sucesso,
Ajuricaba,RS,Comentario,2022-02-15 03:09:40,shirleitoso,,"ParabÃ©ns, sucesso ğŸ‘ğŸ‘ğŸ‘",
Ajuricaba,RS,Post,2022-01-30 16:41:54,portaldeajuricaba,Veja mais em ajuricaba.com,,40
Ajuricaba,RS,Post,2022-01-28 15:00:58,portaldeajuricaba,Leia a matÃ©ria completa no site ajuricaba.com,,58
Ajuricaba,RS,Post,2022-01-28 15:00:25,portaldeajuricaba,Saiba mais em ajuricaba.com,,15
Ajuricaba,RS,Post,2022-01-20 15:19:54,portaldeajuricaba,Leia mais em ajuricaba.com. Link na bio,,55
Ajuricaba,RS,Post,2022-01-20 15:18:34,portaldeajuricaba,Saiba mais no site ajuricaba.com. link na bio,,31
Ajuricaba,RS,Post,2022-01-14 17:04:14,portaldeajuricaba,Saiba mais no site. Link na bio,,68
Ajuricaba,RS,Post,2022-01-13 11:55:51,portaldeajuricaba,Saiba mais em ajuricaba.com,,67
Ajuricaba,RS,Comentario,2022-01-13 13:42:17,neidaavila12,,Com a seca e ainda destruindo a natureza!!,
Ajuricaba,RS,Comentario,2022-01-13 13:59:28,tiagohermann14,,Seca ganÃ¢ncia alta de tudo qwe Brasil Ã© esse!!!,
Ajuricaba,RS,Comentario,2022-01-13 14:10:56,tiagohermann14,,Seca ganÃ¢ncia alta de tudo qwe Brasil Ã© esse!!!,
Ajuricaba,RS,Post,2021-12-17 00:00:19,portaldeajuricaba,Veja mais em ajuricaba.com. Link na bio,,116
Ajuricaba,RS,Comentario,2021-12-17 00:04:14,gejdjfjfjcnbdnd,,Sucesso para vcsğŸ‘,
Ajuricaba,RS,Comentario,2021-12-17 00:14:29,ivone_pettenon,,Sucesso para vcsğŸ‘ğŸ‘ğŸ‘,
Ajuricaba,RS,Comentario,2021-12-17 02:27:00,elainemarlipiesanti,,Ficou linda a lojaâ¤ï¸,
Ajuricaba,RS,Comentario,2021-12-17 02:45:37,fran_unhasgallert,,ParabÃ©ns querida sucesso sempre,
Ajuricaba,RS,Comentario,2021-12-17 10:06:20,oliveiragomesa,,parabÃ©ns sucesso ğŸ‘ğŸ‘,
Ajuricaba,RS,Comentario,2021-12-17 20:03:13,pati.jmartins,,ğŸ‘ğŸ‘ğŸ‘ğŸ˜ğŸ˜ğŸ˜,
Ajuricaba,RS,Comentario,2021-12-18 15:56:12,monica.serafini.125,,ParabÃ©ns!! ğŸ™ŒğŸ™Œ Sucesso,
Ajuricaba,RS,Post,2021-12-15 21:34:03,portaldeajuricaba,Saiba mais em Ajuricaba.com. Link na bio,,19
Ajuricaba,RS,Post,2021-12-15 00:34:05,portaldeajuricaba,"VocÃª estÃ¡ convidado a prestigiar a nova @lojavestimodas. A abertura da nova loja Ã¡ nesta quarta-feira (15) a partir das 15 horas.

Aproveite a promoÃ§Ã£o de reinauguraÃ§Ã£o: 20% de desconto atÃ© sÃ¡bado.",,17
Ajuricaba,RS,Post,2021-12-13 19:31:06,portaldeajuricaba,Saiba mais em ajuricaba.com. Link na bio,,15
Ajuricaba,RS,Post,2021-12-06 14:31:11,portaldeajuricaba,Arthur e Scheila ganharam a competiÃ§Ã£o por 2 sets a 0. Saiba mais no site. Link na bio.,,36
Ajuricaba,RS,Post,2021-12-06 01:05:06,portaldeajuricaba,"Todos os atletas do 1Â° Torneio de VÃ´lei de Praia Misto do Ajuricaba.com.

O evento teve os seguintes apoiadores:
@lojaoruschel
@sonhodemelpadaria 
@crat.sementes 
@palmeroveiculos 
@esphomem_barbearia 
@novaconexaointernet 
@agafarmaajuricaba 
@reservaervaspremium 
@agrocenter.comercial 
@fer_dolovitsch 
@jkbicicletasefitness 
@orbithaloficial 
@pitstop.barechoperia 
@horus.ajuricaba 

Agradecemos tambÃ©m a RÃ¡dio Cultura FM e o Jornal Folha pela divulgaÃ§Ã£o do evento. TambÃ©m o MunicÃ­pio de Ajuricaba com a cedÃªncia do espaÃ§o e o empenho dos funcionÃ¡rios da Secretaria de Obras e EducaÃ§Ã£o na preparaÃ§Ã£o da quadra.",,55
Ajuricaba,RS,Comentario,2021-12-06 01:41:14,scheilaarenamassoterapeuta,,ParabÃ©ns pelo evento ğŸ‘ğŸ‘ğŸ‘,
Ajuricaba,RS,Post,2021-12-06 01:03:27,portaldeajuricaba,"CampeÃµes do 1Â° Torneio de VÃ´lei de Praia Misto do Ajuricaba.com.

Obrigado a todos pela presenÃ§a! Foi um domingo muito especial e de muita entrega para que tudo corresse bem. AtÃ© o prÃ³ximo âœŒğŸ»

O evento teve os seguintes apoiadores:
@lojaoruschel
@sonhodemelpadaria 
@crat.sementes 
@palmeroveiculos 
@esphomem_barbearia 
@novaconexaointernet 
@agafarmaajuricaba 
@reservaervaspremium 
@agrocenter.comercial 
@fer_dolovitsch 
@jkbicicletasefitness 
@orbithaloficial 
@pitstop.barechoperia 
@horus.ajuricaba 

Agradecemos tambÃ©m a RÃ¡dio Cultura FM e o Jornal Folha pela divulgaÃ§Ã£o do evento. TambÃ©m o MunicÃ­pio de Ajuricaba com a cedÃªncia do espaÃ§o e o empenho dos funcionÃ¡rios da Secretaria de Obras e EducaÃ§Ã£o na preparaÃ§Ã£o da quadra.",,105
Ajuricaba,RS,Comentario,2021-12-06 01:53:55,elainemarlipiesanti,,Muito show esses eventos promovendo o esporte. ğŸ‘ğŸ‘ğŸ‘,
Ajuricaba,RS,Post,2021-12-05 00:12:35,portaldeajuricaba,"EstÃ¡ chegando a hora do nosso primeiro torneio esportivo e vocÃª estÃ¡ convidado a vir curtir esse domingÃ£o com a gente.

AtÃ© lÃ¡! âœŒğŸ»",,10
Ajuricaba,RS,Post,2021-12-04 01:12:51,portaldeajuricaba,Voa garoto! ğŸ˜,,151
Ajuricaba,RS,Comentario,2021-12-04 01:15:12,luccaenzo04,,"Um prazer enorme representar minha cidade, e obrigado pelo reconhecimento, tmjj ğŸ™ŒğŸ¾â¤ï¸",
Ajuricaba,RS,Comentario,2021-12-04 02:20:27,dududallabridaa,,Pra cima irmÃ£o ğŸ”¥ğŸ‘,
Ajuricaba,RS,Comentario,2021-12-04 11:01:29,monica_andreia21,,Quanto orgulho eu tenho de ti â¤ï¸â¤ï¸,
Ajuricaba,RS,Comentario,2021-12-04 11:52:39,noelioleiniczak,,ğŸ‘ğŸ‘,
Ajuricaba,RS,Comentario,2021-12-04 12:07:17,alzirotoso,,Pra cima @luccabilibio04 ...na torcida por aki,
Ajuricaba,RS,Post,2021-12-01 13:37:15,portaldeajuricaba,"Neste domingo (05) acontece o primeiro torneio promovido pelo Ajuricaba.com.

O evento marcarÃ¡ a entrada do portal como um impulsionador do esporte no municÃ­pio.

Para 2022, ao menos outras duas ediÃ§Ãµes serÃ£o realizadas, englobando o pÃºblico masculino e feminino de toda regiÃ£o.",,11
Ajuricaba,RS,Post,2021-11-28 22:29:29,portaldeajuricaba,Link na bio.,,86
Ajuricaba,RS,Post,2021-11-21 15:07:46,portaldeajuricaba,EstÃ¡ chegando o dia do nosso 1Â° Torneio de VÃ´lei de Praia! Inscreva sua dupla e vem passar esse dia super bacana com a gente.,,7
Ajuricaba,RS,Post,2021-11-12 19:03:27,portaldeajuricaba,Vem aÃ­ o 1Â° VÃ´lei de praia Torneio de VÃ´lei de Praia do Ajuricaba.com. Veja mais informaÃ§Ãµes no site. Link na bio,,28
Ajuricaba,RS,Post,2021-11-05 21:58:25,portaldeajuricaba,Saiba mais em ajuricaba.com. Link na bio,,40
Ajuricaba,RS,Comentario,2021-11-05 22:08:07,nilzastephanini,,ğŸ‘ğŸ‘ğŸ‘ğŸ‘ğŸ‘ğŸ‘,
Ajuricaba,RS,Post,2021-11-02 18:07:25,portaldeajuricaba,Saiba mais em ajuricaba.com,,56
Ajuricaba,RS,Post,2021-11-01 23:46:39,portaldeajuricaba,Saiba mais em ajuricaba.com. Link na bio,,6
Ajuricaba,RS,Post,2021-10-16 23:33:18,portaldeajuricaba,Saiba mais em ajuricaba.com. Link na bio,,69
Ajuricaba,RS,Comentario,2021-10-16 23:36:17,andrighettop,,Que barbaridade.  Trabalho ninguÃ©m quer.,
Ajuricaba,RS,Comentario,2021-10-17 01:04:32,elainemarlipiesanti,,Ã‰ mais fÃ¡cil ğŸ˜®,
Ajuricaba,RS,Post,2021-10-10 02:14:30,portaldeajuricaba,Saiba mais em ajuricaba.com. Link na bio.,,30
Ajuricaba,RS,Post,2021-09-29 12:57:35,portaldeajuricaba,Saiba mais no site. Link na bio,,33
Ajuricaba,RS,Comentario,2021-09-29 15:29:43,rosandroandrebrigo,,"Quando entrou o plano real, uma cerveja custava o mesmo q um litro de gasolina. Vai aumentar pra manter o nivelamentoğŸ˜’ ğŸ¤¦ğŸ¼â€â™‚ï¸",
Ajuricaba,RS,Comentario,2021-09-29 15:38:07,guilherme.horing.79,,Agora sim tudo vai parar kkkkk,
Ajuricaba,RS,Post,2021-09-16 15:07:50,portaldeajuricaba,Saiba mais em ajuricaba.com. Link na bio,,52
Ajuricaba,RS,Comentario,2021-09-16 17:09:01,isoldematter,,HEITA Povinho invejoso ğŸ˜‚ğŸ˜‚ deixa eles serem felizesğŸ˜‚ğŸ˜‚ğŸ˜‚,
Ajuricaba,RS,Comentario,2021-09-16 18:26:33,alexandrehoring,,"Noticia la de Santa Rosa,que isso vai acrescentar nas nossas vidas???",
Ajuricaba,RS,Comentario,2021-09-17 12:11:56,valdirstephanini,,SÃ³ nÃ£o quero saber quem sÃ£o kkkk,
Ajuricaba,RS,Post,2021-09-15 23:08:09,portaldeajuricaba,Saiba mais em ajuricaba.com,,66
Ajuricaba,RS,Comentario,2021-09-15 23:21:20,cilibohn,,ParabÃ©ns para a minha grande terra!,
Ajuricaba,RS,Post,2021-09-11 20:57:45,portaldeajuricaba,Saiba tudo em ajuricaba.com. Link na bio,,147
Ajuricaba,RS,Comentario,2021-09-11 21:47:10,vivianepalmero,,ğŸ‘ğŸ‘ğŸ‘ğŸ‘,
Ajuricaba,RS,Post,2021-09-11 17:07:42,portaldeajuricaba,Leia em ajuricaba.com,,7
Ajuricaba,RS,Post,2021-09-11 00:40:47,portaldeajuricaba,Saiba mais em ajuricaba.com. Link na bio,,107
Ajuricaba,RS,Post,2021-09-03 15:36:55,portaldeajuricaba,Leia em ajuricaba.com,,22
Ajuricaba,RS,Post,2021-09-03 15:36:09,portaldeajuricaba,Saiba mais em ajuricaba.com,,71
Ajuricaba,RS,Post,2021-08-26 01:03:27,portaldeajuricaba,Saiba mais no site. Link na bio.,,15
