AlvinÃ³polis,MG,Post,2022-09-20 13:05:31,prefeituraalvinopolis,"NOVA DATA DA PROVA! Conselheiro Tutelar. Dia 25 de setembro, das 13h Ã s 16h. 
.
.
.
#prefeituraalvinopolis #prefeitura #gestaopublica #alvinopolis #administracaopublica #gestaopublica #planejamento #governo #inovacao #juntosfazendohistoria #planejamento #trabalho #responsabilidade #desenvolvimento #concurso #maisoportunidades #oportunidade #provas #conselhotutelar",,14
AlvinÃ³polis,MG,Post,2022-09-17 11:01:01,prefeituraalvinopolis,,,22
AlvinÃ³polis,MG,Post,2022-09-16 19:24:20,prefeituraalvinopolis,"A Prefeitura Municipal de AlvinÃ³polis atravÃ©s do CRAS, realizou no dia 15 de setembro uma reuniÃ£o com o grupo do serviÃ§o de convivÃªncia Reviver (destinado a 3Â° idade) para realizaÃ§Ã£o do planejamento da Semana do Idoso 2022.

JUNTOS FAZENDO HISTÃ“RIA â€“ AdministraÃ§Ã£o 2021/2024 - Prefeitura Municipal de AlvinÃ³polis.",,56
AlvinÃ³polis,MG,Post,2022-09-16 18:57:49,prefeituraalvinopolis,"A Secretaria Municipal de SaÃºde atravÃ©s do Centro de Especialidades MÃ©dicas, visando melhorar os atendimentos de fisioterapia realizou a aquisiÃ§Ã£o de novos recursos terapÃªuticos para melhorar ainda mais a qualidade dos atendimentos humanizados que sÃ£o prestados aos pacientes do municÃ­pio de AlvinÃ³polis. 
JUNTOS FAZENDO HISTÃ“RIA â€“ AdministraÃ§Ã£o 2021/2024 - Prefeitura Municipal de AlvinÃ³polis.",,143
AlvinÃ³polis,MG,Post,2022-09-15 11:25:56,prefeituraalvinopolis,"Para vocÃª ter mais oportunidades de trabalho estamos oferecendo cursos gratuitos. Cuidador de idosos e babysitter (babÃ¡). Arraste para o lado e saiba mais
.
.
.
#prefeituraalvinopolis #prefeitura #gestaopublica #alvinopolis #administracaopublica #gestaopublica #planejamento #governo #inovacao #juntosfazendohistoria #planejamento #trabalho #responsabilidade #cursogratuitoalvinopolis #babysitter #cuidadordeidosos #maisoportunidades #oportunidade #crasalvinopolis #cras #acaosocial",,60
AlvinÃ³polis,MG,Comentario,2022-09-15 13:00:48,barbosaesantosateofim,,Que benÃ§Ã£o,
AlvinÃ³polis,MG,Post,2022-09-14 20:56:07,prefeituraalvinopolis,"O sinal de telefonia celular estÃ¡ chegando a 5 localidades de AlvinÃ³polis. O processo licitatÃ³rio estÃ¡ em andamento e logo serÃ¡ finalizado. Mais uma evoluÃ§Ã£o para a nossa cidade.
.
.
.
#prefeituraalvinÃ³polis #prefeituraalvinopolis #prefeitura #gestaopublica #alvinopolis #administracaopublica #gestaopublica #planejamento #governo #inovacao #juntosfazendohistoria #planejamento #trabalho #responsabilidade #tecnologia #telefonia #celular #sinaldecelularemalvinopolis #sinaldecelular #telefoniacelular #celulares",,138
AlvinÃ³polis,MG,Comentario,2022-09-14 22:49:36,idorosariovieira,,"Lages e pinheiros , tem eleitor n nÃ© , la tb merece ter sinal de internet",
AlvinÃ³polis,MG,Post,2022-09-14 19:40:05,prefeituraalvinopolis,"Uma gestÃ£o pÃºblica eficiente Ã© aquela que coloca a saÃºde em primeiro lugar ğŸ‘¨ğŸ½â€âš•ï¸â¤ï¸. Ã‰ exatamente isso que a Prefeitura de AlvinÃ³polis faz, tudo para vocÃª viver melhor. Confira os profissionais disponÃ­veis em nossa cidade, agora temos um Centro de Especialidades MÃ©dicas Municipal.
.
.
.
#prefeituraalvinÃ³polis #prefeituraalvinopolis #prefeituradealvinÃ³polis #prefeitura #gestaopublica #brasil #brazil #saudealvinopolis #alvinopolis #cidade #municipio #adminstracaopublica #gestaopublica #medicos #administraÃ§Ã£opÃºblica #obras #planejamento #governo #inovacao #centrodeespecialidadesmedicas #juntosfazendohistÃ³ria #saude #planejamento #trabalho #responsabilidade",,362
AlvinÃ³polis,MG,Comentario,2022-09-14 22:12:29,laradrumondpsic,,ğŸ‘ğŸ‘ğŸ‘ğŸ‘ğŸ‘ğŸ‘ğŸ‘ğŸ‘,
AlvinÃ³polis,MG,Comentario,2022-09-14 22:58:55,barbosaesantosateofim,,"Finalmente,os melhoresâ¤ï¸",
AlvinÃ³polis,MG,Comentario,2022-09-15 11:42:13,daniela.nardy,,ParabÃ©ns ğŸ‘ğŸ‘ğŸ‘ğŸ‘,
AlvinÃ³polis,MG,Comentario,2022-09-14 23:16:39,michelleappereira,,Que bacana ğŸ‘ğŸ‘ğŸ‘ğŸ‘,
AlvinÃ³polis,MG,Comentario,2022-09-14 21:26:21,dan700307,,ğŸ‘ğŸ‘ğŸ‘,
AlvinÃ³polis,MG,Comentario,2022-09-14 21:26:13,dan700307,,"E que continuem com notÃ­cias como  essas, para o bem estar da populaÃ§Ã£o.",
AlvinÃ³polis,MG,Comentario,2022-09-14 20:32:50,azilad47,,"ParabÃ©ns, morei em Alvinopolis em 1980 onde comecei minha carreira profissional na Fabril Mascarenhas. Fiquei feliz em ver o progresso da cidade. Deu saudade e vontade de voltar a morar. ğŸ‘ğŸ‘ğŸ‘ğŸ‘",
AlvinÃ³polis,MG,Comentario,2022-09-14 21:25:23,dan700307,,Que coisa boa! Que todos possam ser atendidos com presteza em suas necessidades.,
AlvinÃ³polis,MG,Comentario,2022-09-14 23:53:42,marizete_matins,,ğŸ‘ğŸ‘ğŸ‘ğŸ‘,
AlvinÃ³polis,MG,Comentario,2022-09-14 22:13:12,cotamaisa,,ğŸ‘ğŸ‘ğŸ‘ğŸ‘ğŸ‘,
AlvinÃ³polis,MG,Comentario,2022-09-14 20:16:53,anapaula.mf.70,,"ParabÃ©ns! Fico feliz em ver a cidade que minha mÃ£e nasceu, "" meus avÃ³s Rita e Puig"" amavam progredindo e crescendo.ğŸ‘ğŸ‘ğŸ‘",
AlvinÃ³polis,MG,Comentario,2022-09-15 01:37:25,kelimarcouto,,ğŸ‘ğŸ‘ğŸ‘,
AlvinÃ³polis,MG,Comentario,2022-09-14 21:07:07,pintomariageralda,,ğŸ™ŒğŸ‘ğŸ‘,
AlvinÃ³polis,MG,Comentario,2022-09-14 21:04:33,veronicarodrigues578,,Isso Ã© bom jÃ¡ passou da hora ğŸ‘,
AlvinÃ³polis,MG,Comentario,2022-09-14 20:03:22,simonemagalhaes2207,,ğŸ™ŒğŸ‘ğŸ‘ğŸ‘,
AlvinÃ³polis,MG,Comentario,2022-09-14 21:52:33,tamaraporciano,,O pediatra sÃ³ devia ficar no hospital de plantÃ£o pois sempre tem crianÃ§as que precisam e nÃ£o tem !Quase fui para Ponte Nova por falta de pediatra .....,
AlvinÃ³polis,MG,Comentario,2022-09-14 20:37:17,linealvi_abreu,,ğŸ‘ğŸ‘ğŸ‘,
AlvinÃ³polis,MG,Comentario,2022-09-16 00:04:49,delaine.silva.7355,,ğŸ‘ğŸ‘ğŸ‘ğŸ‘ğŸ‘ğŸ‘,
AlvinÃ³polis,MG,Comentario,2022-09-15 00:54:35,necacotta,,"Que Ã³timo!Para melhorar precisa de  um oftalmologista destinado a atuar no atendimento as crianÃ§as em idade escolar.Temos muitas reclamaÃ§Ãµes em sala de aula,e muitas vezes os pais nÃ£o tem como arcar com a consulta e compra dos Ã³culos.  Fica a dica!",
AlvinÃ³polis,MG,Post,2022-09-14 18:06:43,prefeituraalvinopolis,"A SecretÃ¡ria Municipal de EducaÃ§Ã£o Simone MagalhÃ£es, estÃ¡ participando do IX FÃ³rum Mineiro de EducaÃ§Ã£o, promovido pela AssociaÃ§Ã£o Mineira de MunicÃ­pios â€“ AMM. O evento acontece terÃ§a e hoje (12 e 13 de setembro), sendo abordado o tema Financiamento da EducaÃ§Ã£o, o regime de colaboraÃ§Ã£o entre Estado e MunicÃ­pio, o novo Fundeb, entre outros tÃ³picos. 

JUNTOS FAZENDO HISTÃ“RIA â€“ AdministraÃ§Ã£o 2021/2024 - Prefeitura Municipal de AlvinÃ³polis.",,68
AlvinÃ³polis,MG,Comentario,2022-09-15 00:04:51,michelleappereira,,"Que Deus abenÃ§oe seu trabalho Simone, vocÃª Ã© nosso orgulhoğŸ™ŒğŸ™ŒğŸ™Œ",
AlvinÃ³polis,MG,Post,2022-09-14 14:50:50,prefeituraalvinopolis,"A Prefeitura Municipal de AlvinÃ³polis, atravÃ©s da Secretaria Municipal de AÃ§Ã£o Social e do Centro de ReferÃªncia de AssistÃªncia Social (CRAS), realizou no dia 13 de setembro de 2022, a reuniÃ£o de entrega dos certificados de conclusÃ£o de curso de cabeleireiro feminino e corte masculino. SerÃ¡ um novo momento e uma nova fase na vida dos participantes, que agradeceram a todos os envolvidos pela oportunidade do aprendizado e conhecimento adquirido. 
JUNTOS FAZENDO HISTÃ“RIA â€“ AdministraÃ§Ã£o 2021/2024 - Prefeitura Municipal de AlvinÃ³polis.",,61
AlvinÃ³polis,MG,Post,2022-09-14 14:00:40,prefeituraalvinopolis,"A Prefeitura Municipal de AlvinÃ³polis, atravÃ©s da Secretaria Municipal de Obras PÃºblicas, iniciou no dia 12 de setembro do corrente ano a pavimentaÃ§Ã£o asfÃ¡ltica nas vias de acesso do Distrito de Fonseca sendo elas: Rua AlvinÃ³polis, a via de acesso a Creche Leonidio e Rua JosÃ© SÃ©rvulo Moreira. A obra estÃ¡ sendo acompanhada pelo Prefeito Maurosan Machado e o SecretÃ¡rio de Obras PÃºblicas Aender Silva. 

O Prefeito Municipal destacou que â€œque atualmente estas ruas sÃ£o de terra, estÃ£o recebendo uma camada de asfalto que trarÃ¡ maior comodidade, seguranÃ§a e facilidade no transporte dos moradores de Fonsecaâ€. 

JUNTOS FAZENDO HISTÃ“RIA â€“ AdministraÃ§Ã£o 2021/2024 - Prefeitura Municipal de AlvinÃ³polis.",,93
AlvinÃ³polis,MG,Comentario,2022-09-14 15:04:40,simonemagalhaes2207,,ğŸ‘ğŸ‘ğŸ‘,
AlvinÃ³polis,MG,Comentario,2022-09-14 15:56:46,magalhaes.myrian,,ğŸ‘ğŸ‘ğŸ‘,
AlvinÃ³polis,MG,Comentario,2022-09-14 16:31:21,crepaldelima,,ğŸ‘ğŸ‘ğŸ‘ğŸ‘ğŸ‘ğŸ‘ğŸ‘ğŸ‘ğŸ‘. Esse prefeito trabalha mesmo! ParabÃ©ns!,
AlvinÃ³polis,MG,Comentario,2022-09-14 17:57:10,crepaldelima,,"Como seria bom ter um prefeito aqui que pegasse na massa igual esse preceito daÃ­. Aqui a gente nem vÃª o prefeito,  sÃ³ na Ã©poca de eleiÃ§Ã£o.",
AlvinÃ³polis,MG,Comentario,2022-09-15 00:03:40,michelleappereira,,"Como me sinto feliz e privilegiada por ver o caminho da nossa Creche asfaltado,ğŸ™ŒğŸ™ŒğŸ™ŒğŸ™ŒğŸ™Œ",
AlvinÃ³polis,MG,Post,2022-09-14 13:38:29,prefeituraalvinopolis,,,32
AlvinÃ³polis,MG,Post,2022-09-13 13:59:41,prefeituraalvinopolis,"A Prefeitura Municipal de AlvinÃ³polis, atravÃ©s da Equipe de AtenÃ§Ã£o BÃ¡sica, promoveu no dia 10 de setembro, Dia Mundial de PrevenÃ§Ã£o ao SuicÃ­dio uma aÃ§Ã£o na PraÃ§a Bias Fortes para falar sobre a valorizaÃ§Ã£o da vida. Os profissionais distribuÃ­ram panfletos e mensagens de autoajuda, alÃ©m disso uma simulaÃ§Ã£o de um abraÃ§o foi exposta em forma de cartaz para que a populaÃ§Ã£o pudesse participar e sentir-se acolhida.
JUNTOS FAZENDO HISTÃ“RIA â€“ AdministraÃ§Ã£o 2021/2024 - Prefeitura Municipal de AlvinÃ³polis.",,58
AlvinÃ³polis,MG,Post,2022-09-12 16:34:47,prefeituraalvinopolis,"A Prefeitura de AlvinÃ³polis oferece capacitaÃ§Ã£o gratuita Ã  populaÃ§Ã£o atravÃ©s do CRAS. Uma das aulas disponÃ­veis Ã© de solda e Ã© realizada na sede do MunicÃ­pio e no Distrito de Fonseca. 

Durante a formaÃ§Ã£o os alunos vÃ£o aprender princÃ­pios de soldagem, noÃ§Ãµes de oxisolda e fundamentos de processos de soldagem. A idade mÃ­nima para se inscrever no curso Ã© de 14 anos.

â€œEssa foi uma das formas que encontramos para incentivar a capacitaÃ§Ã£o da populaÃ§Ã£o alvinopolense e que busca um emprego formal, ou atÃ© mesmo uma forma de complementar a rendaâ€, ressaltou o Prefeito Municipal Maurosan. 

AlÃ©m do curso de Solda a SecretÃ¡ria Municipal de AÃ§Ã£o Social oferece a populaÃ§Ã£o os cursos de: ElÃ©trica Residencial e Bombeiro HidrÃ¡ulico.

Maiores informaÃ§Ãµes no CRAS ou pelo telefone (31)3855-2316.

JUNTOS FAZENDO HISTÃ“RIA â€“ AdministraÃ§Ã£o 2021/2024 - Prefeitura Municipal de AlvinÃ³polis.",,36
AlvinÃ³polis,MG,Comentario,2022-09-14 15:03:35,instrutora_bruna,,@eu.mimi_trin31 fala com Eduardo para fazer,
AlvinÃ³polis,MG,Post,2022-09-10 14:42:33,prefeituraalvinopolis,,,41
AlvinÃ³polis,MG,Post,2022-09-09 21:46:45,prefeituraalvinopolis,,,38
AlvinÃ³polis,MG,Comentario,2022-09-10 00:04:38,denisevania1,,"LIDERANÃ‡AS POLÃTICAS E EMPRESARIAIS DE ALVINÃ“POLIS
ğŸ‘‰Uma cidade do nosso porte tem necessidade de possuir representantes fortes ğŸ¤› ğŸ¤œ e influentes no legislativo estadual e federal, pois sÃ£o os deputados que conseguem ser ouvidos pelos mandatÃ¡rios do Poder Executivo. Por isso estamos pedindo ğŸ™ as lideranÃ§as polÃ­ticas e empresariais de nosso municÃ­pio que expliquem para os candidatos que estÃ£o apoiando a necessidade da construÃ§Ã£o do asfalto Catas Altas â€“ AlvinÃ³polis, 60 km de pavimentaÃ§Ã£o no mÃ¡ximo, colocando nossa regiÃ£o de uma vez por todas dentro da regiÃ£o mineradora de Mariana, Catas Altas, Santa BÃ¡rbara, BarÃ£o de Cocais, Ouro Preto, Itabirito. ğŸ˜€ ğŸ˜ƒ ğŸ˜„",
AlvinÃ³polis,MG,Post,2022-09-09 19:35:27,prefeituraalvinopolis,,,53
AlvinÃ³polis,MG,Comentario,2022-09-10 00:08:09,denisevania1,,"LIDERANÃ‡AS POLÃTICAS E EMPRESARIAIS DE ALVINÃ“POLIS
ğŸ‘‰Uma cidade do nosso porte tem necessidade de possuir representantes fortes ğŸ¤› ğŸ¤œ e influentes no legislativo estadual e federal, pois sÃ£o os deputados que conseguem ser ouvidos pelos mandatÃ¡rios do Poder Executivo. Por isso estamos pedindo ğŸ™ as lideranÃ§as polÃ­ticas e empresariais de nosso municÃ­pio que expliquem para os candidatos que estÃ£o apoiando a necessidade da construÃ§Ã£o do asfalto Catas Altas â€“ AlvinÃ³polis, 60 km de pavimentaÃ§Ã£o no mÃ¡ximo, colocando nossa regiÃ£o de uma vez por todas dentro da regiÃ£o mineradora de Mariana, Catas Altas, Santa BÃ¡rbara, BarÃ£o de Cocais, Ouro Preto, Itabirito. ğŸ˜€ ğŸ˜ƒ ğŸ˜„",
AlvinÃ³polis,MG,Comentario,2022-09-10 22:56:57,denisevania1,,"ğŸ‘‰ â€œNÃ³s precisamos de asfalto, nÃ£o de abraÃ§oâ€, poderia ser um Ã³timo refrÃ£o cantado em verso e prosa pelos alvinopolenses nas eleiÃ§Ãµes de 2022 como forma de protesto. ğŸ¥´ Por que nÃ£o temos acesso atravÃ©s de uma rodovia asfaltada, pouco mais de 50 km da MINERAÃ‡ÃƒO e do TURISMO de Mariana, Sta. BÃ¡rbara, Ouro Preto, BarÃ£o de Cocais, Itabirito, Congonhas ? ğŸ˜° Os deputados que passaram por essas bandas nesses Ãºltimos 50 anos nÃ£o tÃªm culpa do asfalto Catas Altas â€“ AlvinÃ³polis nÃ£o ter saÃ­do, a culpa estÃ¡ nas lideranÃ§as locais ğŸ¥± ğŸ¥±que nunca lutaram em prÃ³ dessa causa. ğŸ‘ ğŸ‘ . Diante da evidÃªncia dos benefÃ­cios que esse projeto poderia trazer para nossa regiÃ£o nÃ£o podemos mais contentar somente com emendas parlamentares, ğŸ˜§ ğŸ˜®, temos uma grande obra para ser feita ğŸ˜€ ğŸ˜ƒ, precisamos de deputados fortes e influentes junto ao executivo, nÃ£o deixe passar em branco mais uma vez, conversem com as lideranÃ§as sobre esse assunto e nÃ£o jogue seu voto fora. ğŸ˜°",
AlvinÃ³polis,MG,Comentario,2022-09-11 16:09:51,denisevania1,,"ğŸ‘‰Por que na Ã©poca de eleiÃ§Ãµes aparece esse volume de candidatos a deputado estadual e federal pedindo votos em AlvinÃ³polis? ğŸ˜¥  Porque nossas lideranÃ§as nunca trabalharam em prÃ³ de uma causa, ğŸ˜¥ prova disso Ã© que atÃ© hoje nÃ£o temos uma rodovia asfaltada atÃ© Mariana? Santa BÃ¡rbara, Ouro Preto, BarÃ£o de Cocais, Itabirito, Congonhas?  Quando chega as eleiÃ§Ãµes acontece um verdadeiro racha ğŸ‘, apurando poucos votos e diminuindo nossa capacidade de reinvindicar junto ao executivo. Uma cidade do porte da nossa nÃ£o pode mais ficar contentando somente com emenda parlamentar ğŸ‘, precisamos do asfalto Catas Altas-AlvinÃ³polis, para isso temos que ter deputados fortes ğŸ’ª ğŸ’ª e influentes junto ao governo.",
AlvinÃ³polis,MG,Comentario,2022-09-11 17:52:44,denisevania1,,"ğŸ‘‰Por que na Ã©poca de eleiÃ§Ãµes aparece esse volume de candidatos a deputado estadual e federal pedindo votos em AlvinÃ³polis? ğŸ˜¥  Porque nossas lideranÃ§as nunca trabalharam em prÃ³ de uma causa, ğŸ˜¥ prova disso Ã© que atÃ© hoje nÃ£o temos uma rodovia asfaltada atÃ© Mariana? Santa BÃ¡rbara, Ouro Preto, BarÃ£o de Cocais, Itabirito, Congonhas?  Quando chega as eleiÃ§Ãµes acontece um verdadeiro racha ğŸ‘, apurando poucos votos e diminuindo nossa capacidade de reinvindicar junto ao executivo. Uma cidade do porte da nossa nÃ£o pode mais ficar contentando somente com emenda parlamentar ğŸ‘, precisamos do asfalto Catas Altas-AlvinÃ³polis, para isso temos que ter deputados fortes ğŸ’ª ğŸ’ª e influentes junto ao governo.",
AlvinÃ³polis,MG,Post,2022-09-09 12:49:26,prefeituraalvinopolis,"SaÃºde na PraÃ§a. O evento que aconteceu no Ãºltimo sÃ¡bado em AlvinÃ³polis, foi um sucesso. Muita informaÃ§Ã£o, atualizaÃ§Ã£o do cartÃ£o de vacina, danÃ§a, lazer, orientaÃ§Ãµes e muita alegria. Veja um pouco do que rolou. JUNTOS FAZENDO HISTÃ“RIA â€“ AdministraÃ§Ã£o 2021/2024 - Prefeitura Municipal de AlvinÃ³polis.",,52
AlvinÃ³polis,MG,Comentario,2022-09-09 13:14:08,mayaraoliveirafono,,ğŸ‘ğŸ‘ğŸ‘,
AlvinÃ³polis,MG,Comentario,2022-09-10 13:44:49,cotamaisa,,Foi lindo ğŸ‘ğŸ‘ğŸ‘,
AlvinÃ³polis,MG,Post,2022-09-07 09:32:20,prefeituraalvinopolis,Este Ã© um marco na histÃ³ria do nosso PaÃ­s. 200 anos de independÃªncia econÃ´mica e polÃ­tica.,,61
AlvinÃ³polis,MG,Post,2022-09-05 19:06:40,prefeituraalvinopolis,Tem desfile das Escolas Municipais em homenagem aos 200 anos da IndependÃªncia do Brasil. Prestigie!,,78
AlvinÃ³polis,MG,Comentario,2022-09-05 22:38:26,denisevania1,,"ğŸ‘‰ASFALTO CATAS ALTAS â€“ ALVINÃ“POLIS-MG- AlÃ©m de melhorar o desenvolvimento econÃ´micoğŸ™, vai  trazer um novo futuro para as famÃ­lias que por aqui vivem, mantendo o jovem no campoğŸŒ² ğŸŒ³ e aumentando as condiÃ§Ãµes para o crescimento de renda, estÃ¡ na hora dos eleitores alvinopolenses conversarem com seus candidatos.  Unidos somos fortes. ğŸ¤œğŸ¤›",
AlvinÃ³polis,MG,Post,2022-09-05 18:42:43,prefeituraalvinopolis,Fique atento e atualize o seu cartÃ£o de vacina. Viver com saÃºde Ã© a melhor coisa do mundo.,,38
AlvinÃ³polis,MG,Comentario,2022-09-06 00:45:30,denisevania1,,"ğŸ‘‰ASFALTO CATAS ALTAS â€“ ALVINÃ“POLIS-MG- AlÃ©m de melhorar o desenvolvimento econÃ´micoğŸ™, vai  trazer um novo futuro para as famÃ­lias que por aqui vivem, mantendo o jovem no campoğŸŒ² ğŸŒ³ e aumentando as condiÃ§Ãµes para o crescimento de renda, estÃ¡ na hora dos eleitores alvinopolenses conversarem com seus candidatos.  Unidos somos fortes. ğŸ¤œğŸ¤›",
AlvinÃ³polis,MG,Post,2022-09-05 17:00:50,prefeituraalvinopolis,"A Prefeitura de AlvinÃ³polis valoriza todas as regiÃµes do municÃ­pio e estÃ¡ investindo em obras que vÃ£o melhorar a sua vida. Muitas jÃ¡ foram finalizadas, outras estÃ£o em andamento e algumas comeÃ§arÃ£o em breve. Ã‰ assim que estamos construindo uma cidade melhor. 

JUNTOS FAZENDO HISTÃ“RIA â€“ AdministraÃ§Ã£o 2021/2024 - Prefeitura Municipal de AlvinÃ³polis.",,49
AlvinÃ³polis,MG,Comentario,2022-09-05 18:12:30,mariadelourdescottasilva,,ğŸ‘ğŸ‘ğŸ‘ğŸ‘ğŸ‘ğŸ‘,
AlvinÃ³polis,MG,Comentario,2022-09-05 18:49:14,elainelima464,,E o asfalto da rua j cadÃª,
AlvinÃ³polis,MG,Comentario,2022-09-05 19:17:09,helealvernaz,,"Na Rua joaquim JosÃ© de Souza,uma das ruas que dÃ¡ acesso ao parque atÃ© a Ã s  11;30 de hj nÃ£o havia mÃ¡quina nÃ£o.  Mas, gostaria muito que estivesse sendo asfaltada.",
AlvinÃ³polis,MG,Comentario,2022-09-05 20:23:58,cristinasantosmoreira2012,,TÃ¡ faltando rua AntÃ´nio AnastÃ¡cio de Souza sobrinho,
AlvinÃ³polis,MG,Comentario,2022-09-05 22:25:05,nonatojp,,E o bairro parte alta rua sÃ£o JosÃ© indo pro barra do s ... ninguÃ©m lembra ... SÃ³ na Ã©poca eleiÃ§Ã£o sÃ³ pra passea ...... tem hora acho q  nÃ£o fazemos parte de AlvinÃ³polis  sÃ³ pode,
AlvinÃ³polis,MG,Post,2022-09-05 16:23:08,prefeituraalvinopolis,"A Prefeitura Municipal de AlvinÃ³polis, atravÃ©s da Secretaria de EducaÃ§Ã£o, juntamente com a PolÃ­cia Militar do Estado de Minas Gerais, promoveram a formatura do Programa Educacional de ResistÃªncia Ã s Drogas â€“ PROERD para alunos do 5Âº ano do ensino fundamental das escolas E. M. Monsenhor Bicalho e E. E. Bias Fortes. A formatura aconteceu no dia 31 de agosto do corrente ano.

O Programa Educacional de ResistÃªncia Ã s Drogas - PROERD consiste num esforÃ§o cooperativo estabelecido entre a PolÃ­cia Militar, Escola e a FamÃ­lia, e tem por objetivo dotar jovens estudantes de informaÃ§Ãµes e habilidades necessÃ¡rias para viver de maneira saudÃ¡vel, sem drogas, Ã¡lcool e violÃªncia.

JUNTOS FAZENDO HISTÃ“RIA â€“ AdministraÃ§Ã£o 2021/2024 - Prefeitura Municipal de AlvinÃ³polis.",,117
AlvinÃ³polis,MG,Comentario,2022-09-05 17:40:51,renatafraga124,,ParabÃ©ns lore pela conquista ğŸ‘,
AlvinÃ³polis,MG,Comentario,2022-09-05 22:43:09,denisevania1,,"ğŸ‘‰ASFALTO CATAS ALTAS â€“ ALVINÃ“POLIS-MG- AlÃ©m de melhorar o desenvolvimento econÃ´micoğŸ™, vai  trazer um novo futuro para as famÃ­lias que por aqui vivem, mantendo o jovem no campoğŸŒ² ğŸŒ³ e aumentando as condiÃ§Ãµes para o crescimento de renda, estÃ¡ na hora dos eleitores alvinopolenses conversarem com seus candidatos.  Unidos somos fortes. ğŸ¤œğŸ¤›",
AlvinÃ³polis,MG,Post,2022-09-05 13:24:11,prefeituraalvinopolis,"A Secretaria Municipal de SaÃºde, no dia 30 de agosto promoveu o ""Encontro de Gestantes e Lactantes de AlvinÃ³polis "", o qual reuniu mais de 50 mulheres que participaram de uma tarde com palestras sobre o tema amamentaÃ§Ã£o. Palestrou, a Enfermeira ObstÃ©trica e SecretÃ¡ria Municipal de SaÃºde de UrucÃ¢nia Fabiana Barbosa, e a PsicÃ³loga ObstÃ©trica Paula Medeiros.
O evento contou com a presenÃ§a da SecretÃ¡ria Municipal de SaÃºde MarÃ­lia Coeli, da Coordenadora de SaÃºde Aline Freitas, da Equipe do Nasf e enfermeiras dos PSFs.
O Agosto Dourado simboliza a luta pelo incentivo Ã  amamentaÃ§Ã£o e a cor dourada estÃ¡ relacionada ao padrÃ£o ouro de qualidade do leite materno.
JUNTOS FAZENDO HISTÃ“RIA â€“ AdministraÃ§Ã£o 2021/2024 - Prefeitura Municipal de AlvinÃ³polis.",,90
AlvinÃ³polis,MG,Comentario,2022-09-05 18:14:17,eduardamiranda6116,,ğŸ™Œ,
AlvinÃ³polis,MG,Comentario,2022-09-06 00:42:15,denisevania1,,"ğŸ‘‰ASFALTO CATAS ALTAS â€“ ALVINÃ“POLIS-MG- AlÃ©m de melhorar o desenvolvimento econÃ´micoğŸ™, vai  trazer um novo futuro para as famÃ­lias que por aqui vivem, mantendo o jovem no campoğŸŒ² ğŸŒ³ e aumentando as condiÃ§Ãµes para o crescimento de renda, estÃ¡ na hora dos eleitores alvinopolenses conversarem com seus candidatos.  Unidos somos fortes. ğŸ¤œğŸ¤›",
AlvinÃ³polis,MG,Post,2022-09-05 11:59:38,prefeituraalvinopolis,,,11
AlvinÃ³polis,MG,Post,2022-09-04 20:10:01,prefeituraalvinopolis,,,29
AlvinÃ³polis,MG,Post,2022-09-02 17:56:34,prefeituraalvinopolis,,,59
AlvinÃ³polis,MG,Comentario,2022-09-02 20:30:49,mariadelourdescottasilva,,ğŸ‘ğŸ‘ğŸ‘,
AlvinÃ³polis,MG,Post,2022-09-02 15:02:15,prefeituraalvinopolis,,,23
AlvinÃ³polis,MG,Post,2022-09-01 18:00:26,prefeituraalvinopolis,"O Prefeito Municipal e a SecretÃ¡ria de Desenvolvimento e Meio Ambiente estÃ£o acompanhando a limpeza e o desassoreamento de um trecho do Rio Piracicaba, no Distrito de Fonseca, com remoÃ§Ã£o de material e destinaÃ§Ã£o correta nos termos da legislaÃ§Ã£o ambiental. Uma aÃ§Ã£o essencial para a prevenÃ§Ã£o contra alagamentos em perÃ­odos de chuva.

JUNTOS FAZENDO HISTÃ“RIA â€“ AdministraÃ§Ã£o 2021/2024 - Prefeitura Municipal de AlvinÃ³polis.",,30
AlvinÃ³polis,MG,Post,2022-09-01 17:32:32,prefeituraalvinopolis,,,78
AlvinÃ³polis,MG,Comentario,2022-09-01 19:49:33,cotta_a,,ParabÃ©ns!!!â¤ï¸,
AlvinÃ³polis,MG,Comentario,2022-09-01 20:44:38,nardymarta,,ParabÃ©ns JoÃ£o ğŸ‘ğŸ‰ğŸ‘ğŸ‘ i,
AlvinÃ³polis,MG,Comentario,2022-09-01 22:00:16,adaoalvinopolis,,Otimo profissiona e bem legal as aulas com o grupo de idosos na quadra do bairro Monte.,
AlvinÃ³polis,MG,Post,2022-09-01 16:27:05,prefeituraalvinopolis,"A Prefeitura de AlvinÃ³polis, por meio da Secretaria Municipal de Transporte estÃ¡ realizando reforÃ§o na sinalizaÃ§Ã£o em diferentes pontos da cidade. ğŸš Foram substituÃ­das e instaladas placas nas Ã¡reas escolares e em outros pontos da cidade, com o objetivo de  facilitar a vida dos pedestres e motoristas da nossa querida AlvinÃ³polis.

JUNTOS FAZENDO HISTÃ“RIA â€“ AdministraÃ§Ã£o 2021/2024 - Prefeitura Municipal de AlvinÃ³polis.",,46
AlvinÃ³polis,MG,Comentario,2022-09-01 17:18:28,denisevania1,,"ATENÃ‡ÃƒO: ğŸ‘‰Estamos divulgando atravÃ©s dos GRUPOS DO FACEBOOK e outras redes sociais a importÃ¢ncia da construÃ§Ã£o do asfalto de CATAS ALTAS â€“ ALVINÃ“POLIS pouco mais de 50 km, ğŸš ğŸš˜ ğŸš– onde as seguintes cidades serÃ£o beneficiadas: AlvinÃ³polis, Ponte Nova, Sem Peixe, Dom SilvÃ©rio, Rio Piracicaba, Santa BÃ¡rbara, BarÃ£o de Cocais, SÃ£o GonÃ§alo do Rio Abaixo, Mariana, Ouro Preto, JoÃ£o Monlevade. Se os eleitores desses municÃ­pios entenderem a magnitude desse projeto com certeza vai conversar com seus candidatos a deputado estadual e federal.  NÃ£o existe nada de tamanha relevÃ¢ncia do que essa obra, chegou a hora desses municÃ­pios se unirem. ğŸš— ğŸš• ğŸš™",
AlvinÃ³polis,MG,Comentario,2022-09-01 20:42:04,loureslinhares,,"A Pregeitura precisa, com urgÃªncia, instituir vagas de estacionamento para deficientes e idosos, principalmente no Gaspar",
AlvinÃ³polis,MG,Post,2022-09-01 13:00:14,prefeituraalvinopolis,,,49
AlvinÃ³polis,MG,Comentario,2022-09-01 17:20:56,denisevania1,,"ATENÃ‡ÃƒO: ğŸ‘‰Estamos divulgando atravÃ©s dos GRUPOS DO FACEBOOK e outras redes sociais a importÃ¢ncia da construÃ§Ã£o do asfalto de CATAS ALTAS â€“ ALVINÃ“POLIS pouco mais de 50 km, ğŸš ğŸš˜ ğŸš– onde as seguintes cidades serÃ£o beneficiadas: AlvinÃ³polis, Ponte Nova, Sem Peixe, Dom SilvÃ©rio, Rio Piracicaba, Santa BÃ¡rbara, BarÃ£o de Cocais, SÃ£o GonÃ§alo do Rio Abaixo, Mariana, Ouro Preto, JoÃ£o Monlevade. Se os eleitores desses municÃ­pios entenderem a magnitude desse projeto com certeza vai conversar com seus candidatos a deputado estadual e federal.  NÃ£o existe nada de tamanha relevÃ¢ncia do que essa obra, chegou a hora desses municÃ­pios se unirem. ğŸš— ğŸš• ğŸš™",
AlvinÃ³polis,MG,Post,2022-08-31 18:57:22,prefeituraalvinopolis,"A equipe do IBGE estÃ¡ circulando pelo MunicÃ­pio para realizar o Censo 2022.

Contribua com seu PaÃ­s e seu MunicÃ­pio. SÃ³ atravÃ©s do Censo poderemos atualizar as informaÃ§Ãµes de nossa populaÃ§Ã£o, portanto, receba a equipe do IBGE em sua casa e responda o questionÃ¡rio.

JUNTOS FAZENDO HISTÃ“RIA â€“ AdministraÃ§Ã£o 2021/2024 - Prefeitura Municipal de AlvinÃ³polis",,114
AlvinÃ³polis,MG,Comentario,2022-08-31 19:34:06,kleberbradock,,BoağŸ‘,
AlvinÃ³polis,MG,Post,2022-08-31 16:16:26,prefeituraalvinopolis,"Finalizando as aÃ§Ãµes da Campanha Agosto LilÃ¡s - Pelo fim da violÃªncia contra a mulher, foi realizado na Escola Estadual Professor CÃ¢ndido Gomes um momento descontraÃ­do de conversa com os alunos do Ensino MÃ©dio - 2Â° ano. A psicÃ³loga do Nasf, Raphaela Andrade, discorreu sobre relacionamento abusivo. Logo apÃ³s foi apresentado um vÃ­deo interpretado pela adolescente Laura, onde fez uma breve encenaÃ§Ã£o de um tipo de violÃªncia vivenciada pela mulher. Os alunos participaram e fizeram comentÃ¡rios sobre o assunto abordado. Agradecemos a Escola Estadual pela parceria e atenÃ§Ã£o.  JUNTOS FAZENDO HISTÃ“RIA â€“ AdministraÃ§Ã£o 2021/2024 - Prefeitura Municipal de AlvinÃ³polis.",,151
AlvinÃ³polis,MG,Comentario,2022-08-31 16:28:47,_laurases,,ğŸ‘ğŸ½ğŸ‘ğŸ½ğŸ‘ğŸ½ğŸ‘ğŸ½,
AlvinÃ³polis,MG,Comentario,2022-08-31 17:12:08,cotamaisa,,ğŸ‘ğŸ‘ğŸ‘,
AlvinÃ³polis,MG,Comentario,2022-08-31 23:06:57,escarlettysantos,,@maria_tereza_barcelos â¤ï¸,
AlvinÃ³polis,MG,Post,2022-08-31 15:02:50,prefeituraalvinopolis,"Hoje Ã© dia de parabenizar a estes profissionais que nos oferecem um modo de viver melhor.
#nutriÃ§Ã£o #nutricionista #saÃºde #viversaudavel #qualidadedevida",,16
AlvinÃ³polis,MG,Comentario,2022-08-31 16:09:22,simonemagalhaes2207,,ParabÃ©ns @nutritaynaracruz ! ğŸ‘ğŸ‘ğŸ‘ğŸ˜,
AlvinÃ³polis,MG,Post,2022-08-31 15:01:43,prefeituraalvinopolis,,,31
AlvinÃ³polis,MG,Comentario,2022-09-08 15:21:22,pabloquimico,,Pq um perÃ­odo tÃ£o curto e apenas um dia?,
AlvinÃ³polis,MG,Post,2022-08-31 13:21:51,prefeituraalvinopolis,,,44
AlvinÃ³polis,MG,Comentario,2022-09-01 02:31:23,cotamaisa,,Esse @joaovitorsoares12 arrasa,
AlvinÃ³polis,MG,Post,2022-08-30 18:00:21,prefeituraalvinopolis,,,36
AlvinÃ³polis,MG,Comentario,2022-08-30 18:09:23,escarlettysantos,,Vamos com tudo Fonseca â¤ï¸â¤ï¸â¤ï¸,
AlvinÃ³polis,MG,Comentario,2022-08-30 23:15:05,cotamaisa,,ğŸ‘ğŸ‘ğŸ‘ğŸ‘,
AlvinÃ³polis,MG,Comentario,2022-08-30 21:53:13,denisevania1,,ParabÃ©ns,
AlvinÃ³polis,MG,Post,2022-08-30 15:53:43,prefeituraalvinopolis,,,89
AlvinÃ³polis,MG,Post,2022-08-30 12:36:00,prefeituraalvinopolis,,,66
AlvinÃ³polis,MG,Post,2022-08-29 14:59:19,prefeituraalvinopolis,Campanha Agosto LilÃ¡s. PSF Barretos.,,73
AlvinÃ³polis,MG,Post,2022-08-27 19:42:27,prefeituraalvinopolis,,,25
AlvinÃ³polis,MG,Comentario,2022-08-28 16:11:00,denisevania1,,"ConstruÃ§Ã£o do Asfalto Catas Altas-AlvinÃ³polis-MG, abrirÃ¡ acesso rÃ¡pido do nosso municÃ­pio a regiÃ£o mineradora de Mariana, Santa BÃ¡rbara, BarÃ£o de Cocais, Catas Altas, Ouro Preto. Outros municÃ­pios poderÃ£o usar esse atalho como Dom SilvÃ©rio, Rio Piracicaba, Sem Peixe, queremos todos trabalhando em prÃ³ dessa obra.",
AlvinÃ³polis,MG,Post,2022-08-26 20:56:43,prefeituraalvinopolis,Em caso de dÃºvidas consulte o edital atravÃ©s do link: https://portal.seap.selecao.site/edital/ver/42,,106
AlvinÃ³polis,MG,Comentario,2022-08-26 21:47:04,cotta_a,,Uma abenÃ§oada prova para todos os candidatos de todas as Ã¡reas. Deus estÃ¡ no comando.ğŸ™ğŸ™ğŸ™ğŸ™,
AlvinÃ³polis,MG,Post,2022-08-26 18:48:17,prefeituraalvinopolis,,,16
AlvinÃ³polis,MG,Comentario,2022-08-28 16:09:01,denisevania1,,"ConstruÃ§Ã£o do Asfalto Catas Altas-AlvinÃ³polis-MG, abrirÃ¡ acesso rÃ¡pido do nosso municÃ­pio a regiÃ£o mineradora de Mariana, Santa BÃ¡rbara, BarÃ£o de Cocais, Catas Altas, Ouro Preto. Outros municÃ­pios poderÃ£o usar esse atalho como Dom SilvÃ©rio, Rio Piracicaba, Sem Peixe, queremos todos trabalhando em prÃ³ dessa obra.",
AlvinÃ³polis,MG,Post,2022-08-26 17:14:24,prefeituraalvinopolis,"CÃ£es e gatos, acima dos 3 meses de vida, serÃ£o vacinados em Barretos e regiÃ£o a partir do dia 29 de agosto. A equipe da Prefeitura irÃ¡ de casa em casa. Fique atento e proteja o seu bichinho. 
 
JUNTOS FAZENDO HISTÃ“RIA â€“ AdministraÃ§Ã£o 2021/2024 - Prefeitura Municipal de AlvinÃ³polis.",,41
AlvinÃ³polis,MG,Post,2022-08-25 18:57:50,prefeituraalvinopolis,"A Secretaria de AÃ§Ã£o Social, por meio o CRAS em parceria com a PolÃ­cia Militar, realizou nesta manhÃ£ de terÃ§a-feira (25/08/2022) um bate papo com a Soldado Fernanda CÃ¡ssia de Miranda Branhan e a advogada da AssistÃªncia JurÃ­dica Dra. Juliana Oliveira, para usuÃ¡rias da assistÃªncia social, sobre o Agosto LilÃ¡s e a importÃ¢ncia da conscientizaÃ§Ã£o pelo fim da violÃªncia contra a mulher, indicando os tipos de violÃªncia e informando sobre o seu ciclo. Foi tambÃ©m conversado sobre o empoderamento feminino, as formas de denÃºncias e os locais de acolhimento das vÃ­timas no MunicÃ­pio.",,117
AlvinÃ³polis,MG,Post,2022-08-25 15:00:45,prefeituraalvinopolis,"No mÃªs da conscientizaÃ§Ã£o pelo fim da violÃªncia contra a mulher aconteceu no dia 22 de agosto uma palestra com a Sra. Dra. Camila Batista Alves, delegada titular da delegacia especializada de atendimento Ã  mulher de JoÃ£o Monlevade. A Dra. Camila trouxe informaÃ§Ãµes sobre os tipos de violÃªncia que acometem as mulheres e apresentou exemplos mais recorrentes. Falou ainda sobre as penalidades que os agressores sofrem ao cometer tais crimes. A delegada finalizou sua fala demonstrando sua indignaÃ§Ã£o com uma populaÃ§Ã£o machista e que ainda comete tanta violÃªncia e destacou que a mudanÃ§a precisa comeÃ§ar nos anos iniciais da vida, ainda quando crianÃ§a. A aÃ§Ã£o contou com a participaÃ§Ã£o dos servidores municipais, populaÃ§Ã£o, SecretÃ¡ria de Governo, SecretÃ¡ria de SaÃºde e a Vereadora e Presidente da CÃ¢mara NatÃ¡lia Cristina da Silva. 

JUNTOS FAZENDO HISTÃ“RIA â€“ AdministraÃ§Ã£o 2021/2024 - Prefeitura Municipal de AlvinÃ³polis.",,38
AlvinÃ³polis,MG,Comentario,2022-08-28 16:12:10,denisevania1,,"ConstruÃ§Ã£o do Asfalto Catas Altas-AlvinÃ³polis-MG, abrirÃ¡ acesso rÃ¡pido do nosso municÃ­pio a regiÃ£o mineradora de Mariana, Santa BÃ¡rbara, BarÃ£o de Cocais, Catas Altas, Ouro Preto. Outros municÃ­pios poderÃ£o usar esse atalho como Dom SilvÃ©rio, Rio Piracicaba, Sem Peixe, queremos todos trabalhando em prÃ³ dessa obra.",
AlvinÃ³polis,MG,Post,2022-08-25 13:40:34,prefeituraalvinopolis,"Dando continuidade Ã  campanha pelo Fim da ViolÃªncia Contra a Mulher â€“ Agosto LilÃ¡s, a equipe da Secretaria Municipal de SaÃºde, atravÃ©s do NASF, realizaram no dia 20/08, uma aÃ§Ã£o onde alguns profissionais se dirigiam atÃ© a praÃ§a do Gaspar e no local ouviram mÃºsicas que remetiam ao tema enquanto a PsicÃ³loga JÃ©ssyca Fraga falava sobre violÃªncia e sobre histÃ³rias de mulheres que foram vÃ­timas, trazendo a reflexÃ£o sobre o assunto para o pÃºblico presente. Em seguida, nossa parceira Escarlet Santos, da Academia Olimpo, colocou a populaÃ§Ã£o pra balanÃ§ar com uma animada aula de zumba.

JUNTOS FAZENDO HISTÃ“RIA â€“ AdministraÃ§Ã£o 2021/2024 - Prefeitura Municipal de AlvinÃ³polis.",,95
AlvinÃ³polis,MG,Comentario,2022-08-25 14:24:57,escarlettysantos,,Foi lindooooo,
AlvinÃ³polis,MG,Comentario,2022-08-25 18:55:15,alynealves._,,ğŸ‘ğŸ‘ğŸ‘ğŸ‘,
AlvinÃ³polis,MG,Post,2022-08-25 13:08:13,prefeituraalvinopolis,Convite direcionado exclusivamente para gestantes.,,30
AlvinÃ³polis,MG,Post,2022-08-24 17:34:50,prefeituraalvinopolis,"Neste sÃ¡bado, dia 20/08, aconteceu o Dia D da Campanha Nacional de MultivacinaÃ§Ã£o e VacinaÃ§Ã£o contra a Poliomielite no Posto da Creche, PoliclÃ­nica e PSF de Fonseca.

Foram disponibilizadas vacinas de rotinas, vacinas contra a COVID-19 e contra Influenza. Nesta oportunidade foi realizada a conferÃªncia e atualizaÃ§Ã£o da caderneta de vacinaÃ§Ã£o de crianÃ§as e adolescentes menores de 15 anos. 

A Secretaria Municipal de SaÃºde reforÃ§a a toda populaÃ§Ã£o que ainda nÃ£o atualizou a caderneta de vacinaÃ§Ã£o, que procure uma de nossas salas de vacinas.",,77
AlvinÃ³polis,MG,Comentario,2022-08-24 23:36:50,cotta_a,,ğŸ‘ğŸ‘ğŸ‘,
AlvinÃ³polis,MG,Post,2022-08-22 13:30:43,prefeituraalvinopolis,,,20
AlvinÃ³polis,MG,Post,2022-08-22 12:29:02,prefeituraalvinopolis,"Na Ãºltima sexta-feira (19/08/22) foi realizado o CAFÃ‰ COM EMPODERAMENTO: ELAS POR ELAS, uma AÃ§Ã£o em prol da Campanha Agosto LilÃ¡s que tem o objetivo de conscientizar e combater a violÃªncia domÃ©stica e familiar contra as mulheres. 
Reuniram-se no Parque de ExposiÃ§Ãµes as psicÃ³logas do ServiÃ§o de Psicologia do Sistema Ãšnico de SaÃºde, JÃ©ssyca Nicodemos Fraga e Franciely Maria Arantes para uma roda de conversa com algumas usuÃ¡rias do referido serviÃ§o. A AÃ§Ã£o contou com a participaÃ§Ã£o da advogada Juliana, Membro da ComissÃ£o da Mulher da 243Â° SubseÃ§Ã£o AlvinÃ³polis, OAB/MG, que trouxe informaÃ§Ãµes sobre os tipos de violÃªncia contra a mulher e as formas de denunciÃ¡-los e a participaÃ§Ã£o da Terapeuta Capilar Ivanete Silva, que contribuiu com o seu relato pessoal sobre a violÃªncia e ainda falou sobre o autocuidado atravÃ©s da aromaterapia. Ao final de sua fala, presenteou as participantes com um mimo da Botica Therapy. A aÃ§Ã£o foi encerrada com um momento emocionante de troca entre a psicÃ³loga JÃ©ssyca e todas as mulheres presentes. 
No decorrer da aÃ§Ã£o, uma mesa deliciosa de cafÃ© estava posta para todas.

JUNTOS FAZENDO HISTÃ“RIA â€“ AdministraÃ§Ã£o 2021/2024 - Prefeitura Municipal de AlvinÃ³polis.",,133
AlvinÃ³polis,MG,Comentario,2022-08-22 20:34:08,bbentomagno,,ParabÃ©ns pelo trabalho!,
AlvinÃ³polis,MG,Comentario,2022-08-22 23:51:53,_alinefreitases,,ğŸ‘ğŸ‘ğŸ‘,
AlvinÃ³polis,MG,Post,2022-08-19 20:48:18,prefeituraalvinopolis,,,70
AlvinÃ³polis,MG,Comentario,2022-08-19 21:47:34,cotta_a,,ğŸ‘ğŸ‘ğŸ‘,
AlvinÃ³polis,MG,Post,2022-08-19 14:35:11,prefeituraalvinopolis,O PSF Major Ezequiel apoia a campanha Agosto LilÃ¡s.,,185
AlvinÃ³polis,MG,Comentario,2022-08-21 22:48:59,liliancristina558,,ğŸ‘ğŸ‘ğŸ‘ğŸ‘,
AlvinÃ³polis,MG,Comentario,2022-08-19 14:49:17,laradrumondpsic,,ğŸ‘ğŸ‘ğŸ‘ğŸ‘ parabÃ©ns pelas campanhas de Agosto!,
AlvinÃ³polis,MG,Comentario,2022-08-19 17:48:46,dapasqualeto,,"Combateremos e nÃ£o toleraremos qualquer tipo de violÃªncia, venha de quem vier, difÃ­cil defender direitos humanos, mulheres, negros, grupos LGBTQ+, pobres, fracos,  discriminados, os rejeitados, os descartados, Quilombolas,  encarcerados, populaÃ§Ãµes de ruas. Interessante que as postagens e divulgaÃ§Ãµes de campanhas em Alvipa sÃ£o atravÃ©s das equipes de saÃºde, aÃ­ nÃ£o existe educaÃ§Ã£o, seguranÃ§a pÃºblica, judiciÃ¡rio tambÃ©m divulgarem a conscientizaÃ§Ã£o de combate Ã  violÃªncia, dos direitos humanos, ou sÃ£o meros figurantes do ente pÃºblico?",
AlvinÃ³polis,MG,Comentario,2022-08-20 12:24:59,raiannetobias,,ğŸ‘ğŸ‘ğŸ˜â¤ï¸,
AlvinÃ³polis,MG,Comentario,2022-08-19 16:23:21,kellynhaalves09,,ğŸ‘ğŸ‘,
AlvinÃ³polis,MG,Comentario,2022-08-20 15:06:57,lucassousacruzdaroca,,Se homem tambÃ©m for agredido nÃ£o se cale tambÃ©m nÃ£o liga 190,
AlvinÃ³polis,MG,Post,2022-08-19 14:00:46,prefeituraalvinopolis,"A Prefeitura de AlvinÃ³polis estÃ¡ trabalhando todos os dias para deixar a nossa cidade ainda melhor. Confira as obras de reforma da Creche e PrÃ© Escola LeonÃ­dio de Oliveira Cota do Distrito de Fonseca. Vamos em frente, o trabalho nÃ£o pode parar.

JUNTOS FAZENDO HISTÃ“RIA â€“ AdministraÃ§Ã£o 2021/2024 - Prefeitura Municipal de AlvinÃ³polis",,49
AlvinÃ³polis,MG,Post,2022-08-19 11:57:26,prefeituraalvinopolis,,,49
AlvinÃ³polis,MG,Post,2022-08-18 18:34:43,prefeituraalvinopolis,,,23
AlvinÃ³polis,MG,Post,2022-08-17 15:08:10,prefeituraalvinopolis,"Estamos muito orgulhosos com a inauguraÃ§Ã£o da sede do SAMU em AlvinÃ³polis. Veja como foi o evento, mais uma conquista para a nossa cidade.ğŸš‘

JUNTOS FAZENDO HISTÃ“RIA â€“ AdministraÃ§Ã£o 2021/2024 - Prefeitura Municipal de AlvinÃ³polis",,173
AlvinÃ³polis,MG,Comentario,2022-08-17 15:44:58,graca.carvalho.186,,ğŸ‘ğŸ‘ğŸ‘ğŸ‘,
AlvinÃ³polis,MG,Comentario,2022-08-17 16:36:41,_alinefreitases,,ğŸ‘ğŸ‘ğŸ‘ğŸ‘,
AlvinÃ³polis,MG,Comentario,2022-08-17 19:31:04,araujo_analuciade,,ğŸ‘ğŸ‘ğŸ‘ğŸ‘,
AlvinÃ³polis,MG,Comentario,2022-08-17 23:00:34,flaviapereira_1812,,ğŸ‘ğŸ‘ğŸ‘ğŸ‘ğŸ‘,
AlvinÃ³polis,MG,Comentario,2022-08-17 15:18:49,adaoalvinopolis,,Vamos positivando nosso povo. Energia positiva sempre!,
AlvinÃ³polis,MG,Comentario,2022-08-17 22:35:28,kelimarcouto,,ğŸ˜ğŸ‘ğŸ‘,
AlvinÃ³polis,MG,Comentario,2022-08-17 23:48:21,arthurdasilveirapinto,,ğŸš‘ğŸª,
AlvinÃ³polis,MG,Post,2022-08-17 11:42:56,prefeituraalvinopolis,O Centro de Especialidades tambÃ©m apoia a Canpanha Agosto LilÃ¡s.,,90
AlvinÃ³polis,MG,Comentario,2022-08-17 13:15:39,alcinamartino,,Campanha nÃ£o canpanha,
AlvinÃ³polis,MG,Post,2022-08-16 11:45:34,prefeituraalvinopolis,,,28
AlvinÃ³polis,MG,Comentario,2022-08-17 18:15:20,eujulianasors,,@raahmag ğŸ˜‚,
AlvinÃ³polis,MG,Post,2022-08-15 18:56:03,prefeituraalvinopolis,,,39
AlvinÃ³polis,MG,Post,2022-08-15 11:41:55,prefeituraalvinopolis,O PSF Fonseca apoia a campanha Agosto LilÃ¡s.,,57
AlvinÃ³polis,MG,Post,2022-08-14 11:00:40,prefeituraalvinopolis,,,17
AlvinÃ³polis,MG,Post,2022-08-12 20:23:16,prefeituraalvinopolis,,,14
AlvinÃ³polis,MG,Post,2022-08-12 11:36:12,prefeituraalvinopolis,PSF JCC e Vila apoiam a campamha Agosto LilÃ¡s.,,80
AlvinÃ³polis,MG,Post,2022-08-11 20:27:45,prefeituraalvinopolis,,,121
AlvinÃ³polis,MG,Post,2022-08-11 13:43:55,prefeituraalvinopolis,,,42
AlvinÃ³polis,MG,Post,2022-08-10 18:34:38,prefeituraalvinopolis,,,47
AlvinÃ³polis,MG,Post,2022-08-10 12:03:04,prefeituraalvinopolis,,,236
AlvinÃ³polis,MG,Comentario,2022-08-10 13:40:29,fs_andreza,,ğŸ‘ğŸ‘ğŸ‘,
AlvinÃ³polis,MG,Comentario,2022-08-10 14:12:19,emi_adias,,ğŸ‘ğŸ¼ğŸ‘ğŸ¼ğŸ‘ğŸ¼ğŸ‘ğŸ¼,
AlvinÃ³polis,MG,Comentario,2022-08-10 22:34:12,elisabethcotamg,,ğŸ‘ğŸ‘ğŸ‘ğŸ‘ğŸ‘ğŸ‘ğŸ‘ğŸ‘,
AlvinÃ³polis,MG,Comentario,2022-08-10 12:32:48,laradrumondpsic,,De emocionar!!! Mto triste p todas as mulheres!! Sofremos juntas! ParabÃ©ns meninos!!!!! ğŸ‘ğŸ‘ğŸ‘ğŸ‘ğŸ‘,
AlvinÃ³polis,MG,Comentario,2022-08-10 12:28:41,vania_barcelos1306,,ParabÃ©ns pela campanha!!!!!,
AlvinÃ³polis,MG,Comentario,2022-08-10 16:01:38,acomcomvc,,"Parabenizamos pela campanha em defesa das mulheres! Infelizmente ainda existem muitas agressÃµes contra as mulheres, mas nÃ£o podemos deixar de continuarmos buscando conscientizar a sociedade. ğŸ‘ğŸ‘ğŸ‘â¤ï¸",
AlvinÃ³polis,MG,Post,2022-08-09 18:01:21,prefeituraalvinopolis,"A Secretaria Municipal de AÃ§Ã£o Social, por meio do Centro de ReferÃªncia de AssistÃªncia Social (CRAS), nÃ£o ficou de fora das comemoraÃ§Ãµes das tradicionais festas juninas e julinas, e realizou dia 21 (quinta-feira), o Arraia do CRAS.
O evento teve como objetivo proporcionar diversÃ£o, entretenimento e bem-estar aos integrantes dos grupos das oficinas ofertadas na unidade. O ambiente foi todo decorado e o clima era de muita animaÃ§Ã£o.",,75
AlvinÃ³polis,MG,Comentario,2022-08-09 18:15:17,bia.linharess,,"ai, minha vovÃ³ que lindaaa! ğŸ¥¹âœ¨ğŸ’—",
AlvinÃ³polis,MG,Post,2022-08-09 14:28:32,prefeituraalvinopolis,AlvinÃ³polis agora terÃ¡ SAMU!,,251
AlvinÃ³polis,MG,Comentario,2022-08-09 15:46:04,valetina_severiano,,ğŸ™ŒğŸ™ŒğŸ™Œ,
AlvinÃ³polis,MG,Comentario,2022-08-09 15:55:14,preta_luiza,,Maravilha!ğŸ‘ğŸ‘ğŸ‘ğŸ‘,
AlvinÃ³polis,MG,Comentario,2022-08-09 16:12:20,graca.carvalho.186,,ğŸ‘ğŸ‘ğŸ‘ğŸ‘,
AlvinÃ³polis,MG,Comentario,2022-08-09 16:43:42,graciela_figueiredo,,ğŸ‘ğŸ‘ğŸ‘,
AlvinÃ³polis,MG,Comentario,2022-08-09 17:05:15,mc_souzabarros,,ğŸ‘ğŸ‘ğŸ‘ğŸ‘,
AlvinÃ³polis,MG,Comentario,2022-08-09 17:20:58,ervanativasaude,,ğŸ‘ğŸ‘ğŸ‘ğŸ‘ğŸ™ŒğŸ™Œ,
AlvinÃ³polis,MG,Comentario,2022-08-09 17:32:40,dimeirereis,,â¤ï¸â¤ï¸â¤ï¸ğŸ™ŒğŸ™Œ,
AlvinÃ³polis,MG,Comentario,2022-08-09 17:54:44,eva.eloisa16,,ğŸ‘ğŸ‘ğŸ‘,
AlvinÃ³polis,MG,Comentario,2022-08-09 18:13:28,janyogomes,,ğŸ‘ğŸ‘ğŸ‘ğŸ‘ğŸ‘ğŸ‘,
AlvinÃ³polis,MG,Comentario,2022-08-09 18:15:03,dapasqualeto,,Criaram coragem,
AlvinÃ³polis,MG,Comentario,2022-08-09 18:54:39,carmencarneiro1089,,ğŸ‘ğŸ‘ğŸ‘,
AlvinÃ³polis,MG,Post,2022-08-08 17:17:13,prefeituraalvinopolis,"A Prefeitura Municipal de AlvinÃ³polis, por meio da Secretaria Municipal de SaÃºde,  promoveu na manhÃ£ do Ãºltimo sÃ¡bado (06-08-22), o ""SAÃšDE NA PRAÃ‡A"" no distrito de Barretos em alusÃ£o ao Dia Nacional da SaÃºde. A comunidade usufruiu de vÃ¡rios serviÃ§os prestados: confecÃ§Ã£o e atualizaÃ§Ã£o do cartÃ£o nacional do SUS, atualizaÃ§Ã£o do cartÃ£o de vacina, barraca de aferiÃ§Ã£o de PA e verificaÃ§Ã£o de glicemia capilar, vacinaÃ§Ã£o  antirrÃ¡bica, aula de zumba, pintura facial, pula pula e lembrancinhas para as crianÃ§as.",,142
AlvinÃ³polis,MG,Comentario,2022-08-08 18:33:16,mari.ap1849,,Foi lindo ğŸ‘ğŸ‘ğŸ‘ğŸ‘ğŸ‘,
AlvinÃ³polis,MG,Post,2022-08-08 16:57:40,prefeituraalvinopolis,PSF Souza apoia a campanha Agosto LilÃ¡s.,,30
AlvinÃ³polis,MG,Post,2022-08-08 16:27:56,prefeituraalvinopolis,"Em caso de dÃºvidas, o eleitor deve entrar em contato com o CartÃ³rio Eleitoral, por telefone ou WhatsApp (31) 3855-1058.",,22
AlvinÃ³polis,MG,Post,2022-08-08 14:09:25,prefeituraalvinopolis,PSF PARTE ALTA Adere a campanha do Agosto LilÃ¡s!,,125
AlvinÃ³polis,MG,Comentario,2022-08-08 19:53:44,_marinaquintao,,Melhor equipe ğŸ‘,
AlvinÃ³polis,MG,Comentario,2022-08-08 15:58:22,graciela_figueiredo,,"ParabÃ©ns essa equipe Ã© 1000, fui muito bem atendida ! ğŸ‘ğŸ‘ğŸ‘",
AlvinÃ³polis,MG,Comentario,2022-08-09 00:56:52,barbosaesantosateofim,,Vcs sÃ£o maravilhosos,
AlvinÃ³polis,MG,Comentario,2022-08-08 18:51:26,carmencarneiro1089,,ğŸ‘ğŸ‘ğŸ‘ğŸ‘,
AlvinÃ³polis,MG,Comentario,2022-08-09 18:41:00,elisabethcotamg,,ğŸ‘ğŸ‘ğŸ‘ğŸ‘ğŸ‘ğŸ‘ğŸ‘ğŸ‘â¤ï¸,
AlvinÃ³polis,MG,Comentario,2022-08-08 16:19:29,wany_cristinna,,Melhor equipe ğŸ‘ğŸ‘ğŸ‘ğŸ‘,
AlvinÃ³polis,MG,Comentario,2022-08-10 17:38:33,dj_mandela_ofc,,ğŸ‘ğŸ‘ğŸ‘ğŸ‘ğŸ‘,
AlvinÃ³polis,MG,Post,2022-08-07 11:00:31,prefeituraalvinopolis,,,39
AlvinÃ³polis,MG,Post,2022-08-06 11:00:26,prefeituraalvinopolis,,,36
AlvinÃ³polis,MG,Comentario,2022-08-06 21:34:31,marina.lopes_,,Falta sÃ³ a valorizaÃ§Ã£o adequada,
AlvinÃ³polis,MG,Post,2022-08-05 21:42:05,prefeituraalvinopolis,AÃ§Ã£o Agosto LilÃ¡s - mÃªs de conscientizaÃ§Ã£o pelo fim da violÃªncia contra mulher - Secretaria Municipal de SaÃºde.,,321
AlvinÃ³polis,MG,Comentario,2022-08-06 03:27:32,sabrinalemos86,,ğŸ‘ğŸ‘ğŸ‘ğŸ˜,
AlvinÃ³polis,MG,Comentario,2022-08-05 21:49:02,laradrumondpsic,,ğŸ‘ğŸ‘ğŸ˜¢ğŸ˜ğŸ™Œ,
AlvinÃ³polis,MG,Comentario,2022-08-05 23:58:36,raquel.ester,,ğŸ‘ğŸ‘ğŸ‘ğŸ‘ğŸ‘ğŸ‘,
AlvinÃ³polis,MG,Comentario,2022-08-07 10:13:04,luziaaparecidafe,,ğŸ™ŒğŸ™ŒğŸ™Œ,
AlvinÃ³polis,MG,Comentario,2022-08-05 23:03:10,crisalves.val,,ğŸ‘ğŸ‘ğŸ‘ğŸ‘ğŸ‘ğŸ‘ğŸ‘ğŸ‘,
AlvinÃ³polis,MG,Comentario,2022-08-06 01:25:00,barbosaesantosateofim,,Turma que respeito,
AlvinÃ³polis,MG,Comentario,2022-08-06 12:57:16,pretaalvesfotografa,,â¤ï¸ğŸ‘ğŸ½ğŸ‘ğŸ½ğŸ‘ğŸ½ğŸ‘ğŸ½Que tenham fim todas as formas de violÃªncia: FÃ­sica e emocional!,
AlvinÃ³polis,MG,Comentario,2022-08-07 14:21:59,dapasqualeto,,"A violÃªncia estÃ¡ solta, estÃ¡s atitudes misogenas tem que chegarem aos finalmente, nÃ£o podemos tolerar estas atitudes de barbiries e machistas contra as mulheres",
AlvinÃ³polis,MG,Comentario,2022-08-06 00:06:09,lenacamilo.944,,ğŸ‘ğŸ‘ğŸ‘,
AlvinÃ³polis,MG,Comentario,2022-08-06 01:34:17,mariavaldetemadeira,,ğŸ‘ğŸ‘ğŸ‘ğŸ‘,
AlvinÃ³polis,MG,Comentario,2022-08-05 21:52:24,fabiolacottacotta,,ğŸ‘ğŸ‘ğŸ‘,
AlvinÃ³polis,MG,Comentario,2022-08-06 02:06:58,larasilva9503,,ğŸ˜ğŸ‘ğŸ‘,
AlvinÃ³polis,MG,Post,2022-08-05 19:21:50,prefeituraalvinopolis,"Dando continuidade as aÃ§Ãµes de recuperaÃ§Ã£o das Ã¡reas afetadas pela chuva, o prefeito Municipal Maurosan, visitou nesta sexta-feira (05/08/22) a obra de construÃ§Ã£o de bueiro da Comunidade da Ponte Funda. 

A obra Ã© uma umas das metas do Plano de ReconstruÃ§Ã£o aprovado pelo municÃ­pio junto Ã  Defesa Civil. 

JUNTOS FAZENDO HISTÃ“RIA â€“ Adm. 2021/2024",,72
AlvinÃ³polis,MG,Comentario,2022-08-06 22:51:00,leilalanne,,"SerÃ¡ que sobrou verba pra troca 5 manilha na estrada que liga  Maria nica , asa branca ,gravatas e outros municÃ­pio ?? Licitado consta nÃ© no portal da transparÃªncia 3 empresa que trabalha com premoldados valor da licitaÃ§Ã£o tem manilha pra AlvinÃ³polis todo ...isso que e uma estrada que liga vÃ¡rios municÃ­pio ,ou vai espera a chuva ? Pedido por meio de ofÃ­cio e protocolado feito a um ano e meio pro secretÃ¡rio de obras ... As vezes tbm coloca bomba submersa 3cv que estÃ¡ licitado 33 unidades no valor de 99 mil ..pensa com carinho pq e uma estrada muitÃ­ssima movimentada ,sem fala que passa escolar todos os dias e pessoas pra trabalhar",
AlvinÃ³polis,MG,Post,2022-08-05 18:54:22,prefeituraalvinopolis,,,19
AlvinÃ³polis,MG,Post,2022-08-05 13:23:35,prefeituraalvinopolis,,,17
AlvinÃ³polis,MG,Post,2022-08-05 12:05:25,prefeituraalvinopolis,"A Prefeitura de AlvinÃ³polis atravÃ©s da Secretaria Municipal de SaÃºde  abre as Campanhas do MÃªs de Agosto. 

Para trabalhar a conscientizaÃ§Ã£o da populaÃ§Ã£o pelo fim  da violÃªncia contra a mulher, o MunicÃ­pio trabalharÃ¡ vÃ¡rias aÃ§Ãµes que trazem a reflexÃ£o sobre o tema e entra na luta pelo fim da violÃªncia. 

Umas das aÃ§Ãµes contarÃ¡ com a presenÃ§a da Exma. Sra. Dra. Camila Batista Alves, Delegada titular da Delegacia Especializada de Atendimento Ã  Mulher de JoÃ£o Monlevade.

JÃ¡ com o intuito de incentivar o aleitamento materno lanÃ§amos tambÃ©m o Agosto Dourado. SerÃ¡  realizado um ""mamaÃ§o"" para empoderar mÃ£es e pais e favorecer a amamentaÃ§Ã£o. 

AÃ§Ãµes  de promoÃ§Ã£o em saÃºde serÃ£o realizadas durante o mÃªs pela secretaria de saÃºde. 

Acompanhe as aÃ§Ãµes atravÃ©s das redes sociais oficiais e atravÃ©s dos Psf's de sua referÃªncia. Contamos  com a sua participaÃ§Ã£o.

JUNTOS FAZEMOS HISTÃ“RIA - GestÃ£o 2021/2024",,28
AlvinÃ³polis,MG,Post,2022-08-05 12:03:26,prefeituraalvinopolis,"Comemora- se nesta sexta-feira dia 5 de agosto o Dia Nacional da SaÃºde. Para marcar a data a Prefeitura Municipal de AlvinÃ³polis por meio da Secretaria Municipal de SaÃºde realizarÃ¡ amanhÃ£ dia 6 de Agosto o SaÃºde na PraÃ§a no distrito do Barretos. HaverÃ¡  atividades de promoÃ§Ã£o  e prevenÃ§Ã£o a saÃºde para todas as idades.
Confira a programaÃ§Ã£o e participe conosco.",,47
AlvinÃ³polis,MG,Post,2022-08-05 10:55:22,prefeituraalvinopolis,,,14
AlvinÃ³polis,MG,Post,2022-08-04 18:52:16,prefeituraalvinopolis,"ğŸ§±Visando proporcionar mais seguranÃ§a aos moradores da Rua K (Rua JoÃ£o Damasceno Dias) a Secretaria de Obras e a Defesa Civil realizam a construÃ§Ã£o de muro em contenÃ§Ã£o de concreto armado. A obra tem como principal objetivo principal garantir a seguranÃ§a dos moradores da rua e proximidades.

JUNTOS FAZENDO HISTÃ“RIA â€“ GestÃ£o 2021/2024 - Prefeitura Municipal de AlvinÃ³polis",,120
AlvinÃ³polis,MG,Comentario,2022-08-04 22:50:22,pryscillabarcelos,,ParabÃ©ns,
AlvinÃ³polis,MG,Comentario,2022-08-04 23:06:33,sementesagrobrasil,,"O morro do carimba vcs nÃ© vai lÃ¡ pra ver nÃ©, ParabÃ©ns para esse governo ruimğŸ‘ğŸ»ğŸ‘ğŸ»",
AlvinÃ³polis,MG,Comentario,2022-08-05 01:48:42,thalita.couto_,,"E a seguranÃ§a dos moradores da rua "" i e 13 "" de maio como fica devido ao barranco que cedeu ????",
AlvinÃ³polis,MG,Comentario,2022-08-05 01:50:18,thalita.couto_,,Espero que nÃ£o tenham esquecido da gente . JajÃ¡ a chuva chega nÃ©,
AlvinÃ³polis,MG,Comentario,2022-08-05 01:51:20,thalita.couto_,,8 meses do ocorrido e nada foi feito atÃ© agora,
AlvinÃ³polis,MG,Comentario,2022-08-05 01:58:09,thalita.couto_,,NÃ£o dÃ£o nem satisfaÃ§Ã£o se quer do que vai ser feito,
AlvinÃ³polis,MG,Comentario,2022-08-05 01:58:29,thalita.couto_,,CÃªs tÃ£o de parabÃ©ns mesmo eimmmmm ğŸ‘ğŸ‘ğŸ‘ğŸ‘ ğŸ‘ğŸ‘ğŸ‘ğŸ‘ğŸ‘ğŸ‘,
AlvinÃ³polis,MG,Comentario,2022-08-05 02:01:47,thalita.couto_,,Devem estar esperando o pior acontecer  e o prejuÃ­zo ser maior,
AlvinÃ³polis,MG,Comentario,2022-08-05 02:07:46,luanarodrigues2016,,"SÃ³ acredito depois de pronto, porque jÃ¡ tem duas semanas que colocaram a placa e um betoneira na beira do barranco e mais nada!",
AlvinÃ³polis,MG,Comentario,2022-08-05 02:10:23,thalita.couto_,,Essa governanÃ§a tÃ¡ uma vergonha isso sim,
AlvinÃ³polis,MG,Post,2022-08-04 18:16:37,prefeituraalvinopolis,"ğŸšœA Prefeitura de AlvinÃ³polis, por meio da Secretaria de Obras e Defesa Civil, estÃ£o trabalhando na reconstruÃ§Ã£o do Bueiro da Comunidade do SapÃ©, visando garantir um trÃ¡fego de pedestres e veÃ­culos seguro e de qualidade.

ğŸ“A Secretaria de Obras pede Ã  populaÃ§Ã£o de AlvinÃ³polis que, se tiverem dÃºvidas e sugestÃµes, entrem em contato atravÃ©s do e-mail ouvidoria@alvinopolis.mg.gov.br e/ou telefone/whatsapp (31) 3855-1100.

JUNTOS FAZENDO HISTÃ“RIA â€“ GestÃ£o 2021/2024 - Prefeitura Municipal de AlvinÃ³polis",,57
AlvinÃ³polis,MG,Post,2022-08-04 17:26:07,prefeituraalvinopolis,"ğŸ—ï¸ A obra na quadra da E. M. Monsenhor Bicalho estÃ¡ em andamento! A reforma, que estÃ¡ sendo realizada por meio da Secretaria de EducaÃ§Ã£o e Secretaria de Obras visa contemplar o corpo docente, alunos e funcionÃ¡rios com um espaÃ§o confortÃ¡vel, seguro e convidativo.

Prefeitura Municipal de AlvinÃ³polis â€“ JUNTOS FAZENDO HISTÃ“RIA â€“ GestÃ£o 2021/2024.",,105
AlvinÃ³polis,MG,Comentario,2022-08-04 21:11:28,soniama283,,ğŸ‘ğŸ‘ğŸ‘ğŸ‘ğŸ™Œ,
AlvinÃ³polis,MG,Post,2022-08-03 20:19:20,prefeituraalvinopolis,,,12
AlvinÃ³polis,MG,Post,2022-08-03 18:06:44,prefeituraalvinopolis,,,15
AlvinÃ³polis,MG,Post,2022-08-02 19:39:45,prefeituraalvinopolis,,,17
AlvinÃ³polis,MG,Comentario,2022-08-02 19:53:44,helealvernaz,,Gostaria de saber quando serÃ¡ na regiÃ£o sentido a fonseca mais especificamente Cata Preta. ImÃ³vel Limoiro.  Temos 2 cÃ£es e dois gatos a serem vacinados.,
AlvinÃ³polis,MG,Post,2022-08-01 12:12:25,prefeituraalvinopolis,ğŸ“£AtenÃ§Ã£o,,76
AlvinÃ³polis,MG,Comentario,2022-08-01 12:40:43,sindimetromgtonio,,"Ã‰ sÃ³ antecipar o fechamento da folha de pagamento no dia 20 de cada mÃªs e pagamento serÃ¡ efetuado no Ãºltimo dia Ãºtil do mÃªs em questÃ£o, cadÃª o sindicato dos trabalhadores e trabalhadoras ou melhor servidores e servidoras?",
AlvinÃ³polis,MG,Post,2022-07-29 19:03:33,prefeituraalvinopolis,,,17
AlvinÃ³polis,MG,Post,2022-07-29 15:43:29,prefeituraalvinopolis,,,20
AlvinÃ³polis,MG,Post,2022-07-28 14:44:59,prefeituraalvinopolis,,,15
AlvinÃ³polis,MG,Post,2022-07-27 12:05:34,prefeituraalvinopolis,"Quinta-feira, 28 de julho, os PSF`S da Zona Rural (Fonseca, Barretos e Major Ezequiel) nÃ£o funcionarÃ£o, devido a um treinamento que serÃ¡ realizado pela equipe do SAMU aos profissionais. Os atendimentos voltaram normalmente na sexta-feira.",,50
AlvinÃ³polis,MG,Post,2022-07-26 12:18:55,prefeituraalvinopolis,"Hoje Ã© dia de celebrar e agradecer a padroeira do distrito de Fonseca. Nossa Senhora de Sant'Ana, rogai por nÃ³s.",,109
AlvinÃ³polis,MG,Comentario,2022-07-26 12:25:20,ericlisdias,,Amem,
AlvinÃ³polis,MG,Comentario,2022-07-26 14:24:07,bia.linharess,,amÃ©m!,
AlvinÃ³polis,MG,Comentario,2022-07-27 00:59:27,cotta_a,,AmÃ©m!!!ğŸ™ğŸ™ğŸ™,
AlvinÃ³polis,MG,Post,2022-07-25 19:25:17,prefeituraalvinopolis,,,18
AlvinÃ³polis,MG,Post,2022-07-23 20:44:20,prefeituraalvinopolis,"O primeiro dia do Fonseca Fest, Festa de Santâ€™Ana no Distrito de Fonseca, foi um sucesso! 
Pra abrir a festa, tivemos a apresentaÃ§Ã£o do Gilvan Linhares (@gilvanlinharesoficial ), que trouxe um show super estruturado, com muita mÃºsica boa! 
Ã‰ pra fechar, a Ingrid Leonora (@ingridleonaracantora) , com um show sensacional repleto de interaÃ§Ã£o com o pÃºblico, ela animou a galera tocando vÃ¡rios sucessos.
E agora partimos pro segundo dia de festa, hoje teremos a dupla Bernardo e Raphael e o cantor Ãndio do ForrÃ³ pra agitar nossa noite, esperamos todos vocÃªs na PraÃ§a de Santana do Distrito de Fonseca!",,182
AlvinÃ³polis,MG,Comentario,2022-07-23 21:50:22,gilvanlinharesoficial,,ğŸ‘ğŸ‘ğŸ‘ğŸ‘,
AlvinÃ³polis,MG,Post,2022-07-22 19:46:13,prefeituraalvinopolis,,,24
AlvinÃ³polis,MG,Post,2022-07-21 19:19:11,prefeituraalvinopolis,,,18
AlvinÃ³polis,MG,Post,2022-07-20 20:50:25,prefeituraalvinopolis,,,139
AlvinÃ³polis,MG,Comentario,2022-07-20 21:29:19,maridnelima,,ğŸ‘ğŸ‘ğŸ‘,
AlvinÃ³polis,MG,Comentario,2022-07-20 22:04:09,eliananana88,,Isso mesmo o tempo tÃ¡ muito seco muita poeira e eles ainda coloca fogo nos quintais,
AlvinÃ³polis,MG,Comentario,2022-07-20 23:39:59,veramoreira7517,,GraÃ§as a Deus!ğŸ™ğŸ™ğŸ™ğŸ™,
AlvinÃ³polis,MG,Comentario,2022-07-20 23:44:58,adaoalvinopolis,,ğŸ‘,
AlvinÃ³polis,MG,Comentario,2022-07-21 00:47:42,cleosimarsilva,,"Ã“timo, espero que o povo se conscientize.",
AlvinÃ³polis,MG,Comentario,2022-07-21 01:31:39,raiannetobias,,ğŸ‘ğŸ‘ğŸ‘ tomara que fuincioneğŸ™Œ,
AlvinÃ³polis,MG,Comentario,2022-07-21 15:20:35,ribeirocruz11,,"Retirar terra do imÃ³vel e deixar na rua ,colocar lixo na rua no final de semana (domingo) ou depois que o caminhÃ£o jÃ¡ coletou deveria ser incluÃ­do nesse decreto tambÃ©m ğŸ˜‰",
AlvinÃ³polis,MG,Comentario,2022-07-21 23:06:52,janeanferreira,,"Que bom  a poucos dias quase me sufocaram com fogo no quintal,  olhem os bueiros tambÃ©m,  estÃ£o varrendo lixo pra dentro desse em frente a minha casa, quando vier as chuvas vÃ£o transbordar no Bairro do Souza.",
