Anahy,PR,Post,2022-09-16 19:45:29,municipiodeanahy,"ğŸ’›ğŸ’›Vem saber tudo como serÃ¡ nossa #blitzeducativa 
Que acontece no dia 22, em frente ao Campo Municipal. ğŸ’›

http://www.anahy.pr.gov.br/index.php?sessao=b054603368vfb0&id=1448272",,13
Anahy,PR,Comentario,2022-09-16 23:31:59,nutri_meurer,,ğŸ‘ğŸ‘ğŸ‘,
Anahy,PR,Post,2022-09-12 13:50:40,municipiodeanahy,"Na noite da Ãºltima sexta feira, 09, a AMOP (AssociaÃ§Ã£o dos MunicÃ­pios do Oeste do ParanÃ¡) realizou a quarta etapa do 17Âº Fermop (Festival Regional dos MunicÃ­pios do Oeste do ParanÃ¡) na cidade de Nova Aurora, e Anahy esteve entre os municÃ­pios com representantes disputando nas categorias infanto-juvenil e popular. 

O adolescente Wellyngton Francis foi o primeiro representante de Anahy a subir no palco. Ele interpretou a mÃºsica FogÃ£o de Lenha, na categoria infanto-juvenil. A jovem Andressa Fabris disputou na categoria Popular e interpretou a canÃ§Ã£o Pra Sempre Vou te Amar. 

O Prefeito de Carlos Reis acompanhou todas as apresentaÃ§Ãµes ao lado da primeira-dama Leni Reis, e parabenizou os representantes de Anahy. â€œÃ‰ muito gratificante poder assistir nossos representantes subindo ao palco e interpretando canÃ§Ãµes tÃ£o lindas e especiais. A cultura Ã© algo importante para nossa cidade e regiÃ£o, ela nos representa como pessoas e diz de onde somos.â€

 O Prefeito ressaltou ainda o orgulho que sente. â€œAmbos sÃ£o orgulho para nÃ³s, como autoridades municipais, e tenho certeza tambÃ©m que sÃ£o orgulhos para nossos moradores.â€ 

O prefeito esteve ao lado do anfitriÃ£o prefeito de Nova Aurora, JosÃ© Aparecido de Paula e Souza (Pecinha), o Diretor de Eventos e Cultura da AMOP e prefeito de Boa Vista da Aparecida, Leonir dos Santos, o Diretor Geral da AMOP, Vinicius Almeida, e tambÃ©m dos prefeitos das cidades que estavam na disputa. A quarta etapa reuniu representantes de 11 municÃ­pios (Anahy, Assis Chateaubriand, Braganey, CorbÃ©lia, Francisco Alves, Iguatu, Iracema do Oeste, JesuÃ­tas, Nova Aurora, MaripÃ¡, TupÃ£ssi e UbiratÃ£) nas categorias: Infanto-Juvenil, Gospel, Sertanejo e Popular. 

A grande final ocorrerÃ¡ em Palotina no prÃ³ximo dia 23/09. 

Foram finalistas os seguintes intÃ©rpretes: 
GOSPEL
Ana ClÃ¡udia (CorbÃ©lia)
Fabi Sartor (JesuÃ­tas)
INFANTOJUVENIL
Ana Clara Fontana (CorbÃ©lia)
Adrian (UbiratÃ£)
POPULAR
Mallu Cavalcanti (UbiratÃ£)
Maria Gabrielly Beletti (TupÃ£ssi) 
SERTANEJA
Luiz Carlos & Leandro (UbiratÃ£)
Hanny & Hillary (Nova Aurora",,48
Anahy,PR,Comentario,2022-09-12 14:16:15,fabrissandressa,,Obrigada pela oportunidade  e o apoio de sempre!!,
Anahy,PR,Comentario,2022-09-12 23:28:50,fatimaorlando3,,ParabÃ©ns! Grandes talentos.,
Anahy,PR,Post,2022-09-08 18:58:29,municipiodeanahy,Comunicado oficial aos nossos enfermeiros e tÃ©cnicos! ğŸ©ºğŸ¥¼,,24
Anahy,PR,Post,2022-09-07 13:37:48,municipiodeanahy,"ğŸŸ¢ Viva a IndependÃªncia do Brasil ğŸŸ¡ 
ğŸ”µ Comemoramos 200 anos da nossa IndependÃªncia ğŸŸ¢",,10
Anahy,PR,Post,2022-08-31 14:35:49,municipiodeanahy,"ğŸ“šğŸ“š Abrimos nesta quarta-feira, 31, as inscriÃ§Ãµes para o Concurso PÃºblico NÂº 01/2022, destinado Ã  contrataÃ§Ã£o de pessoal em Regime EstatutÃ¡rio, para atender Ã  necessidade do interesse pÃºblico e formaÃ§Ã£o de cadastro de reserva. 

ğŸ‘©â€ğŸ’¼ğŸ‘¨â€ğŸ’¼SÃ£o abertas vagas para 16 cargos em nÃ­veis fundamental, mÃ©dio e superior, com salÃ¡rios que vÃ£o de  R$1.212,00 a R$ 8.598,20. 

ğŸ–±ğŸ–±As inscriÃ§Ãµes estarÃ£o abertas entre os dias 31 de agosto atÃ© 28 de setembro/2022, e poderÃ£o ser realizadas somente via internet.

â¡â¡ Leia todas as informaÃ§Ãµes do concurso direto em nosso site: 
http://www.anahy.pr.gov.br/index.php?sessao=b054603368vfb0&id=1447667",,83
Anahy,PR,Post,2022-08-30 17:29:33,municipiodeanahy,"ğŸ‰ğŸ‰ParabÃ©ns para nossas equipes de Anahy que trouxeram para casa duas medalhas ğŸ¥³ğŸ¥³ 
Duas das nossas equipes conquistaram lugares no pÃ³dio na fase regional do JEPâ€™s â€“ Jogos Escolares do ParanÃ¡ Bom de Bola. âš½âš½

http://www.anahy.pr.gov.br/index.php?sessao=b054603368vfb0&id=1447634",,70
Anahy,PR,Comentario,2022-08-30 17:46:29,ricardo_matheus58,,ğŸ˜ğŸ˜,
Anahy,PR,Comentario,2022-08-30 19:51:09,heloiza_liima,,â¤ï¸ğŸ˜,
Anahy,PR,Comentario,2022-08-30 22:50:52,kaua.b.c,,ğŸ˜ğŸ¥‰,
Anahy,PR,Comentario,2022-08-30 23:01:54,vnziiin.a.s.14,,ğŸ˜ğŸ˜,
Anahy,PR,Comentario,2022-08-30 23:12:54,lleozin_99,,ğŸ˜ğŸ¥‰,
Anahy,PR,Comentario,2022-08-30 23:53:31,11_lluis,,ğŸ˜ğŸ¥‰,
Anahy,PR,Comentario,2022-08-31 00:26:42,pabil_,,ğŸ˜ğŸ˜,
Anahy,PR,Comentario,2022-08-31 00:49:07,junin_nunes_03,,ğŸ˜ğŸ¥‰,
Anahy,PR,Post,2022-08-30 14:21:27,municipiodeanahy,"ğŸš¨ğŸš¨Em cumprimento a Lei 13.722/18, conhecida tambÃ©m como Lei Lucas, todos os servidores da EducaÃ§Ã£o Municipal de Anahy receberam na manhÃ£ desta terÃ§a-feira, 30, um treinamento intensivo de atendimento de primeiros socorros ministrado pelo NÃºcleo de EducaÃ§Ã£o permanente do CONSAMU. O curso atende uma determinaÃ§Ã£o do prefeito Carlos Reis e da diretora do Departamento de EducaÃ§Ã£o Roseli SimÃµes. 

ğŸ¤—ğŸ¤—O treinamento abrangeu 18 professores. O curso Ã© realizado anualmente e todos ficam aptos a realizar tÃ©cnicas e procedimentos simples de primeiros socorros, mas que possui a importÃ¢ncia de salvar vidas. ğŸ™ŒğŸ™Œ

ğŸ©ºğŸ©ºO exercÃ­cio envolveu treinamentos para todas as situaÃ§Ãµes que podem acontecer dentro de sala de aula dentre elas: engasgamento, afogamento, parada cardiorrespiratÃ³ria, convulsÃµes, diabetes infantil, intoxicaÃ§Ã£o, trauma, queda, picada ou mordedura de animal peÃ§onhento entre outras. ğŸš‘ğŸš‘

http://www.anahy.pr.gov.br/index.php?sessao=b054603368vfb0&id=1447624",,35
Anahy,PR,Post,2022-08-30 12:26:02,municipiodeanahy,"ğŸ˜ğŸ˜A nossa Equipe odontolÃ³gica estÃ¡ desenvolvendo aÃ§Ãµes para reduzir demanda reprimida de atendimentos causada pela pandemia, e demos inÃ­cio a um trabalho intenso com o objetivo de zerar as filas de espera para tratamentos odontolÃ³gicos  principalmente entre crianÃ§as e idosos. ğŸ¦·ğŸ¦·

ğŸŸ¢ğŸŸ¢ Entre as aÃ§Ãµes desenvolvidas estÃ¡ a forma de agendamento para os pacientes adultos. A meta Ã© agilizar o acesso aos serviÃ§os com a liberaÃ§Ã£o de vagas semanais, que sÃ£o ofertadas todas as segundas-feiras pela manhÃ£ na recepÃ§Ã£o do atendimento odontolÃ³gico. ğŸ˜ğŸ˜

Confira mais detalhes na nossa reportagem no site do municÃ­pio: 
http://www.anahy.pr.gov.br/index.php?sessao=b054603368vfb0&id=1447605",,23
Anahy,PR,Post,2022-08-30 11:58:04,municipiodeanahy,"Na Ãºltima quinta-feira, 25 tivemos uma reuniÃ£o sobre implantaÃ§Ã£o do Conselho Municipal de PolÃ­ticas PÃºblicas sobre drogas. 
Reunimos a equipe tÃ©cnica do Departamento de SaÃºde, CREAS, Conselho Tutelar, Departamento de EducaÃ§Ã£o, Departamento de cultura e autoridades locais, (prefeito, vereadores) para uma palestra com  JosÃ© Augusto Soavinski. 

Os Conselhos de PolÃ­ticas sobre Drogas possuem funÃ§Ã£o consultiva, fiscalizatÃ³ria, normativa e deliberativa com capacidade de interaÃ§Ã£o com o Poder PÃºblico na definiÃ§Ã£o de prioridades e na elaboraÃ§Ã£o dos planos de aÃ§Ã£o, caracterizando-se como uma forma democrÃ¡tica de controle social, alÃ©m de importante espaÃ§o de articulaÃ§Ã£o polÃ­tica por abranger em sua composiÃ§Ã£o representantes de Ã¡reas estratÃ©gicas.",,10
Anahy,PR,Post,2022-08-26 16:50:10,municipiodeanahy,"Vamos desejar boa sorte aos nossos atletas? ğŸ¤ğŸ¤ğŸ€ğŸ€

âš½âš½Mais de 60 alunos de Anahy participam dos Jogos Escolares eles seguiram nesta quinta-feira, 25, rumo aos Jogos Escolares Bom de Bola que estÃ¡ sendo realizado em CapitÃ£o LeÃ´nidas Marques. â›¹ï¸â€â™‚ï¸â›¹ï¸â€â™‚ï¸

âš½âš½ Na noite de ontem os alunos participaram da abertura da 68Âª ediÃ§Ã£o do JEPâ€™s Bom de Bola em no EstÃ¡dio Municipal JoÃ£o Ruth Schmidt.

A fase regional do JEPâ€™s â€“ Jogos Escolares do ParanÃ¡ Bom de Bola conta com a presenÃ§a de 32 escolas de 15 municÃ­pios da regional de Cascavel, com mais de 600 atletas competindo na modalidade de futebol de campo. Algumas cidades jÃ¡ se encontram presentes no municÃ­pio.

O evento esportivo estÃ¡ previsto para acontecer do dia 25 a 28 de agosto nas categorias sub 14 e sub 17.  Anahy participa com 4 equipes, 2 equipes masculinas nas categorias A e B  e 2 equipes femininas nas categorias A e B. âš½âš½",,52
Anahy,PR,Post,2022-08-25 14:18:38,municipiodeanahy,"ğŸ¦ ğŸ¦  Servidores do Departamento Municipal de SaÃºde de Anahy receberam orientaÃ§Ãµes e treinamento na tarde desta quarta-feira, 24, sobre a Monkeypox, popularmente conhecida como varÃ­ola do macaco.  Todos os profissionais de saÃºde que atuam em qualquer tipo de serviÃ§o (AtenÃ§Ã£o PrimÃ¡ria Ã  SaÃºde, unidades  de  pronto  atendimento,  ambulatÃ³rios  e  hospitais)  devem  estar  atentos  para  a identificaÃ§Ã£o, notificaÃ§Ã£o e manejo adequado dos casos. ğŸ˜·ğŸ˜·

âŒ O municÃ­pio nÃ£o possui casos confirmados ou suspeitos da doenÃ§a, mas hÃ¡ registros positivos em cidades da regiÃ£o. 
Leia a reportagem completa em: 
http://www.anahy.pr.gov.br/index.php?sessao=b054603368vfb0&id=1447436",,29
Anahy,PR,Post,2022-08-23 18:28:00,municipiodeanahy,"No Ãºltimo sÃ¡bado as equipes de saÃºde deram Ãºm show! ğŸ‰ğŸ‰
Nosso Dia D de vacinaÃ§Ã£o foi um sucesso, e mais de 140 doses de imunizantes foram aplicadas. ğŸ‘¨â€âš•ï¸ğŸ‘©â€âš•ï¸
ğŸ˜ğŸ˜E a campanha de vacinaÃ§Ã£o contra a pÃ³lio continua atÃ© o dia 09 de Setembro. Nossa Sala de vacinaÃ§Ã£o funciona das 8h atÃ© as 16h. 
Leia a reportagem completa em nosso site! 
http://www.anahy.pr.gov.br/index.php?sessao=b054603368vfb0&id=1447357",,33
Anahy,PR,Comentario,2022-08-23 18:32:44,fabrissandressa,,LÃ­via e OtÃ¡vio famosos no Instagram do municÃ­pio  kkk,
Anahy,PR,Post,2022-08-19 15:09:19,municipiodeanahy,"ğŸ”´ AtenÃ§Ã£o papais e mamÃ£es de Anahy ğŸ”´
Realizaremos neste sÃ¡bado, 20, Dia D de vacinaÃ§Ã£o contra a poliomielite, e de multivacinaÃ§Ã£o para atualizaÃ§Ã£o da caderneta de adolescentes atÃ© 15 anos. 
A unidade do Posto de SaÃºde Central estarÃ¡ aberta das 9h atÃ© as 16h. 

http://www.anahy.pr.gov.br/index.php?sessao=b054603368vfb0&id=1447215",,7
Anahy,PR,Post,2022-08-19 15:09:18,municipiodeanahy,"ğŸ”´ AtenÃ§Ã£o papais e mamÃ£es de Anahy ğŸ”´
Realizaremos neste sÃ¡bado, 20, Dia D de vacinaÃ§Ã£o contra a poliomielite, e de multivacinaÃ§Ã£o para atualizaÃ§Ã£o da caderneta de adolescentes atÃ© 15 anos. 
A unidade do Posto de SaÃºde Central estarÃ¡ aberta das 9h atÃ© as 16h. 

http://www.anahy.pr.gov.br/index.php?sessao=b054603368vfb0&id=1447215",,2
Anahy,PR,Post,2022-08-19 15:09:18,municipiodeanahy,"ğŸ”´ AtenÃ§Ã£o papais e mamÃ£es de Anahy ğŸ”´
Realizaremos neste sÃ¡bado, 20, Dia D de vacinaÃ§Ã£o contra a poliomielite, e de multivacinaÃ§Ã£o para atualizaÃ§Ã£o da caderneta de adolescentes atÃ© 15 anos. 
A unidade do Posto de SaÃºde Central estarÃ¡ aberta das 9h atÃ© as 16h. 

http://www.anahy.pr.gov.br/index.php?sessao=b054603368vfb0&id=1447215",,2
Anahy,PR,Post,2022-08-19 15:09:13,municipiodeanahy,"ğŸ”´ AtenÃ§Ã£o papais e mamÃ£es de Anahy ğŸ”´
Realizaremos neste sÃ¡bado, 20, Dia D de vacinaÃ§Ã£o contra a poliomielite, e de multivacinaÃ§Ã£o para atualizaÃ§Ã£o da caderneta de adolescentes atÃ© 15 anos. 
A unidade do Posto de SaÃºde Central estarÃ¡ aberta das 9h atÃ© as 16h. 

http://www.anahy.pr.gov.br/index.php?sessao=b054603368vfb0&id=1447215",,3
Anahy,PR,Post,2022-08-16 17:18:06,municipiodeanahy,"Agricultores de Anahy devem declarar ITR 2022, prazo teve inÃ­cio nesta segunda-feira, 15 ğŸ‘©â€ğŸŒ¾ğŸ‘¨â€ğŸŒ¾

â¡â¡ Teve inÃ­cio nesta segunda-feira, 15, o prazo para a entrega da declaraÃ§Ã£o do Imposto Territorial Rural referente ao exercÃ­cio de 2022, e a administraÃ§Ã£o municipal de Anahy lembra que ela Ã© obrigatÃ³ria para pessoa fÃ­sica ou jurÃ­dica que seja proprietÃ¡ria, titular do domÃ­nio Ãºtil ou possuidora a qualquer tÃ­tulo, inclusive a usufrutuÃ¡ria, de imÃ³vel rural.

A data final para entrega Ã© no dia 30 de setembro, e deve ser feita de forma online, por intermÃ©dio do programa ITR/2022 disponÃ­vel no site da Secretaria Especial da Receita Federal do Brasil (rfb.gov.br).

O valor mÃ­nimo do imposto Ã© R$ 10. Valores inferiores a R$ 100 devem ser pagos em quota Ãºnica atÃ© o dia 30 de setembro. Valor superior a R$ 100 pode ser pago em atÃ© quatro quotas, cada quota deve ter valor igual ou superior a R$ 50. A primeira deve ser paga atÃ© dia 30 de setembro; jÃ¡ as demais devem ser pagas atÃ© o Ãºltimo dia Ãºtil de cada mÃªs, e serÃ£o acrescidas de juros Selic, atualmente em 13,7% ao ano, mais 1%.

Para o calculo do valor do ITR Ã© realizado atravÃ©s do Valor da Terra Nua â€“ VTN em hectares. Em Anahy o valor permanecerÃ¡ o mesmo utilizado no ano passado. â€œDiante da atual situaÃ§Ã£o econÃ´mica, os valores utilizados de Valor da Terra Nua (VTN) para o ano de 2022, optou-se por manter o valor informado pelo municÃ­pio em 2021â€.

Como mostra a tabela!",,9
Anahy,PR,Post,2022-08-16 16:50:02,municipiodeanahy,"Agosto Azul: SaÃºde de Anahy promove aÃ§Ãµes de incentivo aos cuidados da saÃºde do homem

O Departamento Municipal de SaÃºde de Anahy deu inÃ­cio nesta segunda-feira, 15, as aÃ§Ãµes de incentivo aos cuidados da saÃºde do homem que fazem parte da Campanha Agosto Azul.

Os profissionais de saÃºde estÃ£o realizando visitas no comÃ©rcio local, e nos dias 15, 17 e 19, os colaboradores dos locais visitados poderÃ£o realizar testagem para doenÃ§as, aferiÃ§Ã£o de pressÃ£o e tambÃ©m receberÃ£o as orientaÃ§Ãµes de prevenÃ§Ã£o ao cÃ¢ncer de prÃ³stata.

""Os servidores visitam as empresas e realizam os testes rÃ¡pido de sÃ­filis, HIV, Hepatites B e C, alÃ©m de verificaÃ§Ã£o de pressÃ£o arterial, saturaÃ§Ã£o de oxigÃªnio e frequÃªncia cardÃ­aca. Com os resultados em mÃ£os os homens sÃ£o encaminhados aos tratamentos especÃ­ficos e recebem as orientaÃ§Ãµes"" explica a Diretora do Departamento Ana LÃºcia Bessani.

A equipe da vigilÃ¢ncia em saÃºde realiza a orientaÃ§Ã£o referente a saÃºde do trabalhador, enquanto a Assistente Social lembra sobre a importÃ¢ncia da doaÃ§Ã£o de sangue. Os trabalhadores tambÃ©m recebem orientaÃ§Ã£o odontolÃ³gica e orientaÃ§Ã£o nutricional.

Nos dias 16 e 18 as atividades sÃ£o realizadas no Posto de SaÃºde Central, das 13h atÃ© as 16h. Todas as equipes estarÃ£o a disposiÃ§Ã£o dos homens para a atualizaÃ§Ã£o da carteirinha de vacinaÃ§Ã£o e tambÃ©m encaminhamentos aos serviÃ§os de saÃºde caso necessitem.

A campanha Agosto Azul Ã© voltada exclusivamente ao pÃºblico masculino, e tem o objetivo de orientar sobre a importÃ¢ncia de manter hÃ¡bitos de vida saudÃ¡vel, com foco na prevenÃ§Ã£o de doenÃ§as durante todo o ano, nÃ£o apenas no mÃªs de agosto.

""Na correria do dia-a-dia esquecemos da importÃ¢ncia da prevenÃ§Ã£o em nossa saÃºde, e essa aÃ§Ã£o do agosto azul vem para fortalecer e orientar os homens sobre os cuidados com sua saÃºde e prevenÃ§Ã£o a diversas doenÃ§as graves e crÃ´nicas, como doenÃ§as cardiovasculares, cÃ¢ncer de prÃ³stata, cÃ¢ncer de pele, obesidade, hipertrofia prostÃ¡tica, andropausa, tabagismo, cirrose e problemas no fÃ­gado, entre outras"" explica a diretora.

Leia a reportagem completo em nosso site: 
http://www.anahy.pr.gov.br/index.php?sessao=b054603368vfb0&id=1447055",,30
Anahy,PR,Post,2022-08-14 09:34:06,municipiodeanahy,"Feliz Dia Dos Pais! ğŸ’™
Recebam nosso abraÃ§o e carinho especial! ğŸ¥°
Que o domingo seja repleto de carinho e amor na sua famÃ­lia. ğŸ‘¨â€ğŸ‘¦ğŸ‘¨â€ğŸ‘§",,6
Anahy,PR,Post,2022-08-08 11:31:16,municipiodeanahy,"ğŸ‘©â€âš•ï¸ğŸ‘©â€âš•ï¸Estamos dando inÃ­cio Ã  vacinaÃ§Ã£o contra a poliomielite e a campanha de MultivacinaÃ§Ã£o para AtualizaÃ§Ã£o da Caderneta. ğŸ“–ğŸ“–
E os pais ou responsÃ¡veis podem levar as crianÃ§as atÃ© a Unidade de SaÃºde Central para receber a dose da vacina. ğŸ’‰ğŸ’‰

ğŸ’ªğŸ’ªA campanha de multivacinaÃ§Ã£o prevÃª a atualizaÃ§Ã£o das cadernetas de crianÃ§as e adolescentes, e serÃ£o disponibilizadas doses que protegem contra diversas doenÃ§as como tuberculose, hepatite, tÃ©tano, difteria, meningite, febre amarela, sarampo, rubÃ©ola, caxumba, catapora, gripe e covid-19, entre outras. ğŸ’ªğŸ’ª

http://www.anahy.pr.gov.br/index.php?sessao=b054603368vfb0&id=1446727",,4
Anahy,PR,Post,2022-08-06 17:51:21,municipiodeanahy,"Ensinar nÃ£o Ã© transferir conhecimento, mas criar as possibilidades para a sua produÃ§Ã£o e construÃ§Ã£o. ğŸ“šğŸ“š

ğŸ‘©â€ğŸ‘©â€ğŸ«ParabÃ©ns a todos os nossos profissionais da educaÃ§Ã£o! ğŸ«",,5
Anahy,PR,Post,2022-08-06 16:00:58,municipiodeanahy,"Na noite da Ãºltima quinta-feira, 04, mais de 300 alunos da rede municipal de ensino de Anahy receberam os kits de uniformes escolares. A entrega reuniu diretores das escolas municipais, professores, equipes pedagÃ³gicas, pais e alunos no SalÃ£o de Festas da ParÃ³quia Santa Ana.

O Prefeito Carlos Reis, ao lado vice-prefeito Ronaldo de Freitas agradeceu o empenho de todos os servidores em especial da educaÃ§Ã£o. Segundo ele, tÃ£o importante quanto  entregar obras e melhorias, Ã© atender  a populaÃ§Ã£o um a um.

â€œPrimeiro algo importante para os pais, segundo que ele coloca todos em igualdade. NÃ£o tem aquele que vai ter uma roupa melhor ou pior. E nÃ³s melhoramos os uniformes com novos tecidos, modelagens, cores.â€

O uso dos uniformes escolares influencia na educaÃ§Ã£o e formaÃ§Ã£o das crianÃ§as, como explica a Diretora de EducaÃ§Ã£o Roseli Miranda. Segundo ela, o uniforme faz com que os alunos tenham o sentimento de pertencimento ao grupo escolar, alÃ©m de ser fundamental no desenvolvimento psicossocial das crianÃ§as.

Cada kit entregue contÃ©m com duas camisetas (uma manga longa e uma manga curta) 1 jaqueta, 1 bermuda e 1 calÃ§a. No kit feminino tambÃ©m possui duas camisetas, jaqueta, calÃ§a, e saia. Cada kit foi adquirido pelo valor de R$315/unid. No total o municÃ­pio investiu com recursos prÃ³prios mais de R$100 mil. Foram adquiridos 499 kits. AlÃ©m dos alunos das escolas municipais, alunos da escola APAE tambÃ©m foram contemplados.

â€œNÃ£o tem sentido vocÃª ter um cargo pÃºblico se vocÃª nÃ£o cuidar das pessoas, nÃ£o olhar para as pessoas. E essa questÃ£o de uniforme, embora nÃ£o Ã© uma obra fÃ­sica, Ã© algo que nos enche de alegria em ver a felicidade das famÃ­lias e das crianÃ§asâ€ finalizou o prefeito.

Esteve presentes na entrega o Presidente da CÃ¢mara de Vereadores, Luciano Teodoro ao lado do vice-presidente vereador Marlon Leonardo de Carvalho, vereadores Reinaldo Barbosa da Silva, Arilson Batista de Souza, Valceir Felipe e Erica Ferreira Lopes.",,43
Anahy,PR,Post,2022-08-02 15:18:14,municipiodeanahy,"ğŸ’ªğŸ’ªğŸ’ªHoje pela manhÃ£ nossos servidores da saÃºde se reuniram para preparar as aÃ§Ãµes do segundo semestre aqui no nosso municÃ­pio. ğŸ‘ŒğŸ‘Œ
E a agenda e cronograma jÃ¡ estÃ£o prontos. ğŸ“…ğŸ“…
Confira tudo em uma reportagem completa no nosso site. 
ğŸ“ŒğŸ“Œ http://www.anahy.pr.gov.br/index.php?sessao=b054603368vfb0&id=1446502",,27
Anahy,PR,Comentario,2022-09-19 19:33:06,circoteatrosemlona,,â¤ï¸â¤ï¸â¤ï¸,
Anahy,PR,Post,2022-08-01 14:29:44,municipiodeanahy,"ğŸ‘©â€ğŸ“ğŸ‘¨â€ğŸ“ Nesta quinta-feira, 04, mais de 300 alunos da Rede Municipal de Ensino de Anahy receberÃ£o um kit completo de uniforme escolar. ğŸ‘©â€ğŸ’¼ğŸ‘¨â€ğŸ’¼
O MunicÃ­pio investiu mais de R$100 mil na compra de 499 kits.
ğŸ“ŒğŸ“Œ A entrega acontece as 19h no SalÃ£o Paroquial da Igreja Santa Ana!
Participe! 
http://www.anahy.pr.gov.br/index.php?sessao=b054603368vfb0&id=1446409",,7
Anahy,PR,Comentario,2022-09-19 19:33:11,circoteatrosemlona,,â¤ï¸â¤ï¸â¤ï¸â¤ï¸,
Anahy,PR,Post,2022-07-28 10:28:07,municipiodeanahy,"Um dos dias mais representativos para o agronegÃ³cio brasileiro chegou! ğŸ‘©â€ğŸŒ¾ğŸ‘¨â€ğŸŒ¾
ğŸ™ğŸ™Deixamos nosso Muito Obrigado a cada agricultor do nosso municÃ­pio! 
ParabÃ©ns! ğŸ‰ğŸ‰",,8
Anahy,PR,Post,2022-07-26 10:20:10,municipiodeanahy,"Viva a Padroeira de Anahy! ğŸ‰ğŸ‰
Viva a mÃ£e de Maria! ğŸ¤²ğŸ¤²
Viva Santa Ana! ğŸ™ŒğŸ™Œ",,20
Anahy,PR,Post,2022-07-25 13:05:50,municipiodeanahy,"ğŸ‘ğŸ‘ğŸ‘Hoje, parabenizamos aqueles que escolheram a estrada como companheira. 
ğŸš›ğŸš’ Feliz dia do motorista"" ğŸš—ğŸš˜",,8
Anahy,PR,Post,2022-07-22 15:01:39,municipiodeanahy,"ğŸ’ªğŸ’ªTivemos uma noite muito diferente! O ParangolÃ© este aqui em Anahy para uma palestra cheia de superaÃ§Ã£o e principalmente de aprendizado. ğŸ¤ğŸ¤
â–¶â–¶Clica aqui no link e leia a reportagem completa.
http://www.anahy.pr.gov.br/index.php?sessao=b054603368vfb0&id=1446131",,20
Anahy,PR,Post,2022-07-22 13:15:09,municipiodeanahy,"ğŸ½ğŸ½ğŸ½Nossas merendeiras se dedicaram para aprender novas receitas que vÃ£o incrementar o cardÃ¡pio dos nossos alunos! ,ğŸ˜‹ğŸ˜‹ğŸ˜‹
Esse segundo semestre promete ter muito mais sabor e nutriÃ§Ã£o! 
Leia a reportagem completa no nosso site e descubra o que vem por aÃ­! ğŸ¥—ğŸ¥˜ğŸŒ®ğŸ¥•

http://www.anahy.pr.gov.br/index.php?sessao=b054603368vfb0&id=1446120",,22
Anahy,PR,Post,2022-07-20 14:51:07,municipiodeanahy,"Ã‰ indiscutÃ­vel a importÃ¢ncia da vacinaÃ§Ã£o ğŸ¦ ğŸ¦ 
Por isso convocamos toda populaÃ§Ã£o para atualizaÃ§Ã£o da carteira de vacinas.
ğŸ“…ğŸ“… SerÃ£o dois dias com horÃ¡rios especiais de atendimento no nosso Posto de SaÃºde Central. 
Todas as vacinas do calendÃ¡rio estarÃ£o disponÃ­veis, inclusive as doses de reforÃ§o da COVID-19. 
Clique aqui e saiba as informaÃ§Ãµes completas. 
http://www.anahy.pr.gov.br/index.php?sessao=b054603368vfb0&id=1446019",,5
Anahy,PR,Post,2022-07-19 13:58:57,municipiodeanahy,"ğŸ¦‚ğŸ¦‚A equipe da VigilÃ¢ncia SanitÃ¡ria/Ambiental de Anahy encontrou na manhÃ£ desta segunda-feira, 18, dois escorpiÃµes amarelo enquanto realizavam a fiscalizaÃ§Ã£o em residÃªncias do municÃ­pio. ğŸ¦‚ğŸ¦‚
ğŸš®ğŸš®Ã‰ hora da populaÃ§Ã£o colaborar para evitarmos a propagaÃ§Ã£o deste aracnÃ­deo, que jÃ¡ causou acidentes. 

ğŸŸ¡ O escorpiÃ£o amarelo Ã© venenoso, e sua picada pode levar a morte. ğŸŸ¡

http://www.anahy.pr.gov.br/index.php?sessao=b054603368vfb0&id=1445974",,56
Anahy,PR,Comentario,2022-07-19 14:26:22,sidneyvanessaferreira,,ParabÃ©ns a toda equipe e principalmente ao meu Tio Edio Felipe. Sidney RJ,
Anahy,PR,Comentario,2022-07-19 14:52:57,renatadinizfelipe,,ğŸ‘ğŸ‘ğŸ‘,
Anahy,PR,Post,2022-07-13 20:37:36,municipiodeanahy,"ğŸ¤ğŸ¤O Prefeito de Anahy Carlos Reis esteve em Curitiba nesta terÃ§a-feira, 12, em busca de garantir recursos e tambÃ©m para negociar a retomada de obras paralisadas durante a pandemia. 
ğŸ“°ğŸ“°VocÃª pode ler a reportagem completa no site do municÃ­pio!",,25
Anahy,PR,Post,2022-06-29 16:52:10,municipiodeanahy,"*Anahy estÃ¡ em trÃªs finais no 1Âº Circuito Regional de Futsal*

_Equipe Sub-13 chega a final sem perder nenhum jogo_ 

TrÃªs categorias de base do MunicÃ­pio de Anahy conseguiram chegar as finais no 1Âº Circuito Regional de Futsal, o Sub-9, Sub-13 e Sub-16 disputarÃ£o o trofÃ©u neste sÃ¡bado, 2, em jogos que acontecem a partir das 14h25min no Distrito da Penha.
Nos jogos das semifinais as trÃªs equipes se destacaram nos resultados, com Ãªnfase para a equipe Sub-13 que chega a final invicta, e com dois jogadores excepcionais. KauÃ£ chegou a marca de 18 gols em 5 jogos, e Ryan marcou 14, tambÃ©m em cinco jogos.
O Sub-13 para chegar a final precisou vencer do Ouro Verde, em disputa que terminou em 6Ã—1. Na final deste sÃ¡bado, vai enfrentar o Iguatu.
Na categoria Sub-9 o jogador Rafael marcou os 4 gols da semifinal, e a equipe venceu o Iguatu que nÃ£o conseguiu marcar nenhum gol. E na final vai jogar contra o Ouro Verde.
O Sub-16 ganhou apenas por um gol de diferenÃ§a na disputa da Semifinal contra a Penha, e agora disputa a taÃ§a com o Iguatu.

*Jogos disputas finais*
â€¢	15h45min: Sub-09
â€¢	Ouro Verde x Anahy

â€¢	17h: Sub-13
â€¢	Anahy x Iguatu

â€¢	17h40min: Sub-16
â€¢	Iguatu x Anahy",,70
Anahy,PR,Comentario,2022-06-29 16:59:47,joao_lucas.22,,ğŸ˜ğŸ˜,
Anahy,PR,Comentario,2022-06-29 17:04:17,kaua.b.c,,ğŸ‘ğŸ˜,
Anahy,PR,Comentario,2022-06-29 17:13:45,silvaaagabriell,,ğŸ˜ğŸ˜,
Anahy,PR,Comentario,2022-06-29 20:34:56,alessandro_sl9,,ğŸ˜ğŸ”¥,
Anahy,PR,Comentario,2022-06-29 21:13:10,eae_paulinho_07,,ğŸ˜ğŸ˜,
Anahy,PR,Comentario,2022-06-29 22:06:25,miguelgusson8,,ğŸ˜ğŸ‘ğŸ‘,
Anahy,PR,Comentario,2022-06-30 02:34:16,_imnotluuan,,Pra cima,
Anahy,PR,Comentario,2022-06-30 13:11:16,murilo__chagas_diniz,,ğŸ‘ğŸ˜,
Anahy,PR,Post,2022-06-28 18:16:53,municipiodeanahy,"SaÃºde intensifica trabalhos de vistorias em residÃªncias de Anahy 

O alto nÃºmero de focos de dengue em Anahy levou a Secretaria de SaÃºde do MunicÃ­pio iniciar uma nova leva de vistorias nas residÃªncias. Durante toda esta semana, entre 27 e 01 de julho, os profissionais de saÃºde, ACS e ACEs, estarÃ£o acompanhados da vigilÃ¢ncia sanitÃ¡ria em busca de eliminar possÃ­veis criadouros e tambÃ©m realizar a notificaÃ§Ã£o de locais com focos do mosquito aedes aegypti. 
Durante a visita os servidores buscarÃ£o por vasos, vasilhames, pneus e itens em geral que possam estar acumulando Ã¡gua. Se houver a localizaÃ§Ã£o de um foco (local com larvas do mosquito), o proprietÃ¡rio receberÃ¡ a notificaÃ§Ã£o imediatamente. HaverÃ¡ tambÃ©m a coleta das larvas, e desmanche do criadouro. 
A Diretora de SaÃºde Ana Lucia Bessani alerta para os cuidados. ""Pedimos que as pessoas faÃ§am a limpeza de seus quintais, eliminem os possÃ­veis criadouros para que nossa cidade nÃ£o venha enfrentar uma epidemia de dengue."" 
A equipe tambÃ©m irÃ¡ realizar uma vistoria em busca do escorpiÃ£o amarelo. A VigilÃ¢ncia EpidemiolÃ³gica estÃ¡ intensificando os trabalhos no combate ao escorpiÃ£o, e alerta sobre os cuidados para evitar a proliferaÃ§Ã£o deste aracnÃ­deo. 
""Eles vivem em ambientes externos, como jardins e quintais. Deve-se evitar o acÃºmulo de entulhos, folhas secas e lixo domÃ©stico â€“ que atraem baratas, o principal alimento do escorpiÃ£o. NÃ³s tivemos somente este ano 26 escorpiÃµes capturados. Sendo que um deles foi causador de acidente. Pedimos a colaboraÃ§Ã£o da populaÃ§Ã£o para que facilitem o acesso dos servidores aos quintais e residÃªncias."" alerta a Diretora.",,10
Anahy,PR,Post,2022-06-27 15:48:18,municipiodeanahy,"*ANAHY* -  Pagamento *R$ 150.000,00* -  MinistÃ©rio da SaÃºde

Foi *PAGO* ao municÃ­pio de *Anahy*  recursos no valor de *R$ 150.000,00* destinados ao *Incremento do Piso de AtenÃ§Ã£o Primaria â€“ PAP*. Pagamento da parcela Ãºnica, ordem bancaria nÂº 2022OB815028.

Recursos estes oriundos da emenda individual impositiva nÂº 38090001, do *Deputado SÃ©rgio Souza â€“ MDB/PR* no OGU 2022.

Compromisso do Deputado SÃ‰RGIO SOUZA com o municÃ­pio de Anahy.",,5
Anahy,PR,Post,2022-06-27 14:15:17,municipiodeanahy,"*Anahy: Grupo Muffato realiza entrevistas na agÃªncia do trabalhador nesta segunda-feira, 27*

Durante toda esta segunda-feira, 27, a equipe de Recursos Humanos do Grupo Muffato realiza entrevistas na AgÃªncia do Trabalhador de Anahy para a contrataÃ§Ã£o imediata em 14 postos de trabalho nas empresas do grupo em Cascavel.
A expectativa Ã© que sejam realizadas entre 90 a 100 entrevistas durante todo o dia. Ã‰ preciso que compareÃ§a ainda hoje, 27, na agÃªncia com a carteira de trabalho em mÃ£os, e um documento com foto.
O Grupo Muffato oferece transporte e um salÃ¡rio inicial de R$1.700,00. Ainda dÃ¡ tempo para que mais interessados possam participar da seleÃ§Ã£o.
Confira as vagas abertas: 
â€¢	Operador de Caixa
â€¢	Repositor de Mercadorias 
â€¢	AÃ§ougueiro
â€¢	Agente de prevenÃ§Ã£o e perdas 
â€¢	Balconista
â€¢	Auxiliar de panificadora
â€¢	Encarregados de Setor 
â€¢	Assistente financeiro 
â€¢	Auxiliar de estacionamento
â€¢	Ajudante de armazenamento
â€¢	Operador de empilhadeira 
â€¢	Recebedor de mercadorias
â€¢	Recepcionista
â€¢	Vendedor 
Responsabilidades e atribuiÃ§Ãµes
â€¢	Realizar atendimento ao pÃºblico;
â€¢	Habilidade de relacionamento interpessoal;
â€¢	Trabalho em equipe;
â€¢	Executar atividades rotineiras;
â€¢	Cumprir normas e procedimentos
REQUISITOS E QUALIFICAÃ‡Ã•ES
â€¢	Gostar de trabalhar com pessoas;
â€¢	Foco no atendimento;
â€¢	Ter afinidade com a dinÃ¢mica do varejo;
â€¢	Cumprir normas e procedimentos;
â€¢	Estar em busca de desafios e crescimento;
â€¢	Disponibilidade de horÃ¡rios.
InformaÃ§Ãµes Adicionais
â€¢	RefeiÃ§Ã£o/alimentaÃ§Ã£o;
â€¢	Descontos em empresas parceiras;
â€¢	CartÃ£o convÃªnio;
â€¢	Treinamentos e formaÃ§Ãµes pela nossa Universidade corporativa - Uniffato
â€¢	Carreira",,37
Anahy,PR,Post,2022-06-25 17:42:45,municipiodeanahy,"*Anahy: Prefeito em exercÃ­cio acompanha visita de Governador Ã  CafelÃ¢ndia*
O Prefeito em exercÃ­cio de Anahy Ronaldo de Freitas esteve na tarde desta sexta-feira, 24, em CafelÃ¢ndia para acompanhar a vinda do Governador do ParanÃ¡ Carlos Massa Ratinho Junior. 
O governador veio Ã  cidade vizinha para anunciar a construÃ§Ã£o de dois novos empreendimentos habitacionais em parceria com a cooperativa Copacol e a construtora Pacaembu. SerÃ£o 336 novas moradias para a cidade, alÃ©m de 168 unidades para a vizinha Nova Aurora, que somam cerca de R$ 74 milhÃµes de novos investimentos para a regiÃ£o Oeste.
Ronaldo de Freitas acompanhou o evento ao lado de prefeitos da regiÃ£o oeste, deputados e secretÃ¡rios de Estado. Ele frisou a importÃ¢ncia de uma parceria como essa para atender uma demanda tÃ£o importante que atinge diretamente a cooperativa. O prefeito em exercÃ­cio vÃª a parceria como algo que irÃ¡ gerar melhorias alÃ©m da prÃ³pria moradia. 
""Ter uma casa prÃ³pria significa que a famÃ­lia passa a ter tambÃ©m mais seguranÃ§a, qualidade de vida, saÃºde jÃ¡ que passa a ter uma rede de Ã¡gua e esgoto de excelente qualidade, enfim, abre infinitas possibilidades e oportunidades para esses trabalhadores.""
COMO PARTICIPAR â€“ Os moradores da regiÃ£o que desejam adquirir um imÃ³vel nas cidades devem se inscrever no cadastro de pretendentes da Cohapar. Assim que os empreendimentos estiverem disponÃ­veis para comercializaÃ§Ã£o, todos os inscritos serÃ£o notificados por e-mail sobre a oportunidade de adesÃ£o ao projeto da cidade que escolheram.
A concessÃ£o dos benefÃ­cios estaduais dependerÃ¡ da comprovaÃ§Ã£o das condiÃ§Ãµes de renda informadas no cadastro, mediante anÃ¡lise tÃ©cnica da Cohapar, e posterior avaliaÃ§Ã£o financeira da Caixa EconÃ´mica para assinatura do contrato de financiamento.",,14
Anahy,PR,Post,2022-06-25 02:00:43,municipiodeanahy,"Na noite desta sexta-feira o prefeito licenciado CarlÃ£o, confirmou que recebeu um comunicado direto do Gabinete do Governador Ratinho sobre a liberaÃ§Ã£o de mais de R$ 1 milhÃ£o de reais para investimentos na saÃºde. 

Confira onde este valor serÃ¡ aplicado:
âœ… R$900 mil para aquisiÃ§Ã£o de um Ã´nibus e um micro Ã´nibus. 
âœ… R$140 mil para dois veÃ­culos.
âœ… R$60 mil para equipamentos. 

Anahy Ã© mais saÃºde! ğŸ‘ŠğŸ»

O prefeito informou que jÃ¡ no inÃ­cio da semana deve autorizar a abertura da licitaÃ§Ã£o para aquisiÃ§Ã£o desses bens.",,26
Anahy,PR,Post,2022-06-20 15:05:09,municipiodeanahy,"â€œDomingo na Ruaâ€ reÃºne famÃ­lias de Anahy em tarde de eventos

A tarde do domingo, 19, foi de reunir a famÃ­lia para assistir as atraÃ§Ãµes preparadas pela Prefeitura Municipal atravÃ©s da Secretaria de Desenvolvimento Social de Anahy, em um â€œDomingo na Ruaâ€ com futebol, show circense e show musical.
A tarde comeÃ§ou com o torneio de futebol feminino, e as donas da casa levantaram o trofÃ©u de primeiro lugar jogando contra o time do municÃ­pio de Iguatu e ganharam por 1Ã—0. O time de CorbÃ©lia ficou com o 3Âº lugar e Penha ocupou a 4Âª posiÃ§Ã£o.
As atraÃ§Ãµes continuaram dentro do ginÃ¡sio de esportes com um show de circo apresentada pelo grupo Sou Arte.
O Prefeito em exercÃ­cio Ronaldo de Freitas agradeceu a participaÃ§Ã£o em peso da populaÃ§Ã£o, ficou satisfeito em ver o envolvimento das crianÃ§as com as brincadeiras.
Ele tambÃ©m lembrou da importÃ¢ncia que uma atraÃ§Ã£o como essa tem para conscientizar os pequenos, e afirmou que um evento como esse sÃ³ Ã© possÃ­vel graÃ§as a um parceiro essencial do municÃ­pio, a Itaipu Binacional. â€œTemos muito que agradecer todo incentivo que a Itaipu dÃ¡ ao nosso municÃ­pio. Eles sÃ£o essenciais para que possamos proporcionar isso tudo a populaÃ§Ã£oâ€ explicou ele.
Com o tema â€œImaginÃ³polisâ€ foram mais de duas horas de acrobacias e danÃ§as voltadas para a conscientizaÃ§Ã£o do meio ambiente, em uma terra encantada, movida pelo poder da imaginaÃ§Ã£o.
â€œAs crianÃ§as lembram de um show como esse por muito tempo, e Ã© atravÃ©s dele que inserimos novos hÃ¡bitos conscientes. E claro, relembra os adultos tambÃ©m de hÃ¡bitos simples, como separar o lixoâ€ ressaltou Ronaldo.
O evento reuniu mais de mil pessoas e terminou no inÃ­cio da noite com a apresentaÃ§Ã£o na rua da banda de country rock West Walmets.",,33
Anahy,PR,Post,2022-06-13 21:40:23,municipiodeanahy,"ANAHY ADQUIRE CARRO SPIN PARA SAÃšDE

O Governo Municipal adquiriu com recursos da venda da camioneta Ranger um veÃ­culo tipo Spin. Ele Ã© um carro completo, com cÃ¢mbio automÃ¡tico, bancos de couro e sete lugares. Segundo o prefeito, este veÃ­culo serÃ¡ usado para viagens para Curitiba e para Cascavel. 

Com esse veÃ­culo oferecemos mais seguranÃ§a e conforto aos nossos pacientes e acompanhantes, possibilitando levar com folga 07 passageiros ou 05 passageiros mais a cadeira de rodas. 

Mais uma aquisiÃ§Ã£o que busca prestar sempre o melhor serviÃ§o na Ã¡rea da saÃºde, comemora o prefeito licenciado CarlÃ£o. Ele ainda agradeceu ao conselho municipal de saÃºde, equipe de saÃºde sob a direÃ§Ã£o da Ana LÃºcia, vice prefeito e atÃ© final do mÃªs prefeito em exercÃ­cio Ronaldo de Freitas e aos vereadores.",,31
Anahy,PR,Comentario,2022-06-14 00:35:06,nando.felipe.904,,ğŸ‘,
Anahy,PR,Post,2022-06-11 14:39:51,municipiodeanahy,,,39
Anahy,PR,Post,2022-06-10 14:35:02,municipiodeanahy,,,6
Anahy,PR,Post,2022-06-10 14:33:15,municipiodeanahy,,,19
Anahy,PR,Post,2022-06-08 20:27:40,municipiodeanahy,,,8
Anahy,PR,Post,2022-06-07 22:29:21,municipiodeanahy,,,11
Anahy,PR,Post,2022-06-07 13:35:22,municipiodeanahy,,,2
Anahy,PR,Post,2022-05-26 10:02:10,municipiodeanahy,,,2
Anahy,PR,Post,2022-05-23 16:41:34,municipiodeanahy,"Domingo de entretenimento lazer e cultura em Anahy 

O municÃ­pio de Anahy Ã© destaque pelas aÃ§Ãµes de governo que tem verdadeira inclusÃ£o social . Nesse momento e ao mesmo tempo a final do Futebol, Cultura e lazer no mesmo lugar. Por forÃ§a maior, devido ao falecimento de queridos Anaienses o evento â€œ DanÃ§ando na ruaâ€ serÃ¡ feito em outro momento. O prefeito de Anahy Carlos AntÃ´nio Reis agradeceu o trabalho das equipes de organizaÃ§Ã£o e a presenÃ§a de todos. Segue os campeÃµes do futebol . 

Reineri campeÃ£o 
Real bags vice
Canarinho/nova cantu em  terceiro colocado. 

Anderson Torres 
Da Assessoria de Imprensa 
Imprensa Oficial",,39
Anahy,PR,Post,2022-05-16 21:44:20,municipiodeanahy,,,15
Anahy,PR,Post,2022-05-13 22:14:08,municipiodeanahy,,,4
Anahy,PR,Post,2022-05-12 18:07:29,municipiodeanahy,,,6
Anahy,PR,Post,2022-05-11 00:28:38,municipiodeanahy,"Anahy retomou nesta terÃ§a-feira o programa Hiperdia

Com objetivo de estabelecer a organizaÃ§Ã£o da assistÃªncia em saÃºde aos municÃ­pes anaienses, O Governo  Municipal de Anahy, juntamente com o Departamento de saÃºde vem adotando estratÃ©gias para melhorar a qualidade de vida. O grande objetivo tem sido prevenir e promover saÃºde, atravÃ©s da vinculaÃ§Ã£o dos usuÃ¡rios a atenÃ§Ã£o primÃ¡ria em saÃºde. 
Desta forma reduzir o Ã´nus das doenÃ§as cardiovasculares  e doenÃ§as crÃ´nicas nÃ£o  transmissÃ­veis. ( diabetes, hipertensÃ£o arterial entre outras).
Dentre as estratÃ©gias, estÃ£o as medidas de cuidados de saÃºde pessoal, medidas anti- tabÃ¡gicas, alimentaÃ§Ã£o e nutriÃ§Ã£o, saÃºde bucal e psÃ­quica.
Ã‰ importante salientar que a aproximaÃ§Ã£o dos profissionais de saÃºde com os pacientes Ã© a estratÃ©gia prioritÃ¡ria de atenÃ§Ã£o bÃ¡sica, para que o paciente tome conhecimento das condiÃ§Ãµes mais favorÃ¡veis de atendimento e acesso as medidas multissetoriais (mÃ©dicos clÃ­nico e especialistas, enfermagem tÃ©cnico em enfermagem, nutriÃ§Ã£o, psicologia, odontologia, farmÃ¡cia bÃ¡sica, Acs e Ace e demais profissionais)
EstÃ¡ previsto realizar esta aÃ§Ã£o uma vez ao mÃªs, onde os pacientes serÃ£o convidados atravÃ©s das Acs.
O Departamento de SaÃºde agradeceu todo o apoio do Prefeito de Anahy Carlos AntÃ´nio Reis que nÃ£o tem medido esforÃ§os, promovendo condiÃ§Ãµes para que os profissionais de saÃºde sejam sempre mais atuantes. 

Anderson Torres 
Da Assessoria de Imprensa 
Governo Municipal de Anahy 
Imprensa Oficial",,15
Anahy,PR,Comentario,2022-05-11 22:39:03,nutri_meurer,,ğŸ‘ğŸ‘,
Anahy,PR,Post,2022-05-09 21:48:36,municipiodeanahy,"MÃ£es da Boa Vista e Vila Rural sÃ£o homenageadas pelo Governo Municipal 

As MÃ£es da comunidade Boa Vista e Vila Rural receberam uma grande festa em homenagem ao dia das mÃ£es. O evento foi promovido pelo Governo Municipal de Anahy por meio do Departamento de AssistÃªncia Social. Elas receberam presentes, abraÃ§os e homenagem do Governo Municipal de Anahy 

Anderson Torres 
Imprensa Oficial",,36
Anahy,PR,Comentario,2022-05-09 21:55:57,dailbrandao,,ğŸ‘ğŸ‘ğŸ‘ğŸ‘,
Anahy,PR,Post,2022-05-05 21:53:18,municipiodeanahy,"Anahy nÃ£o para 
Asfaltamento avanÃ§a na Ã¡rea urbana 

Uma semana marcante para a histÃ³ria da cidade de Anahy. Nessa semana o Prefeito de Anahy trouxe esses notÃ­cias. Uma semana de trabalho muito produtiva. O prefeito CarlÃ£o trouxe de Curitiba trÃªs Ã´nibus novos. A cidade ainda contemplada com pa carregadeira e retroescavadeira e agora a grande movimentaÃ§Ã£o na Ã¡rea urbana. ComeÃ§aram as obras de recape asfÃ¡ltico. SÃ£o vÃ¡rias ruas : 
Rua General Osorio, entre a Rua SapucaÃ­ a rua Rio Verde. 
Avenida ParanÃ¡ entre a Rua General OsÃ³rio e 
a Avenida Brasil. 
Rua Marechal Rondon entre a Avenida ParanÃ¡ e Rua Rio Verde. 
Rua Rio Ivai entre a Rua MarcÃ­lio Dias 
Rua A entre a Rua B e PR 474
Rua B entre a Rua A e Rua C . O prefeito de Anahy CarlÃ£o comemora mais essa obra a fundo perdido, e na aÃ§Ã£o polÃ­tica do Deputado Estadual Traiano.  Um investimento de 638 mil reais 

Anderson Torres 
Da Assessoria de Imprensa 
Governo Municipal de Anahy",,21
Anahy,PR,Post,2022-05-03 20:03:24,municipiodeanahy,"ANAHY â€“ *PAGAMENTO de R$ 764.000,00* na AGRICULTURA

O MinistÃ©rio da Agricultura *pagou R$ 764.000,00* a *Anahy* para aquisiÃ§Ã£o de *01 PÃ¡ Carregadeira*, objeto do *ConvÃªnio 918884/2021* celebrado na Plataforma+Brasil. 

Desde recurso pago na Ordem BancÃ¡ria *2021OB800099* R$ 429.750,00 (quatrocentos e vinte e nove mil, setecentos e cinquenta reais) foi destinado, pelo *Deputado SÃ©rgio Souza* ao municÃ­pio de Anahy no O.G.U. de 2021 e cadastrado na proposta/SICONV 034365/2021.

*Compromisso do Deputado SÃ©rgio Souza com o municÃ­pio de Anahy*.",,5
Anahy,PR,Comentario,2022-05-03 20:16:44,sergiosouzapr,,ğŸ™Œ Podem contar comigo e com meu mandato! Trabalhamos por vcs!,
Anahy,PR,Post,2022-05-02 16:43:40,municipiodeanahy,"Prefeito CarlÃ£o de Anahy discursa representando os prefeitos do ParanÃ¡ em Evento oficial do governo estadual

O evento ocorreu na manhÃ£ desta segunda  feira na academia policial do GuatupÃª, onde foram entregues Ã´nibus para transporte escolar. Na oportunidade Anahy recebeu trÃªs Ã´nibus, comemorou o prefeito CarlÃ£o. O prefeito Anaiense ainda manifestou alegria em falar em nome dos prefeitos do ParanÃ¡ .

Anderson Torres 
Imprensa Oficial",,18
Anahy,PR,Post,2022-05-02 16:42:16,municipiodeanahy,"Um dia para ser celebrado! ğŸšŒğŸ“£

Nesta segunda -feira (02) o prefeito CarlÃ£o e o vice prefeito Ronaldo de Freitas participaram de importante evento na capital do estado, onde receberam trÃªs Ã´nibus 0 KM para atender o transporte escolar. Cada unidade tem capacidade de 30 lugares. Essa grande conquista sÃ³ foi possÃ­vel pelo grande trabalho de articulaÃ§Ã£o do prefeito CarlÃ£o junto aos deputados SÃ©rgio Sousa, Zeca Dirceu e Diego Garcia que apresentaram emenda de bancada para aquisiÃ§Ã£o desses Ã´nibus. A SEED fez todo processo de aquisiÃ§Ã£o e agora repassa esses Ã´nibus ao municÃ­pio por indicaÃ§Ã£o desses deputados. Para ter  uma ideia do valor dessa conquista apenas 48 municÃ­pios receberam Ã´nibus. A maioria recebeu apenas um Ã´nibus, Anahy recebeu trÃªs. Isso de fato Ã© para ser comemorado, pois alÃ©m de garantir os recursos junto aos deputados , o municÃ­pio teve que se habilitar para receber esses veÃ­culos, e ainda realizar trabalho junto a Secretaria de Estado da EducaÃ§Ã£o para colocar o municÃ­pio entre aqueles que foram beneficiados nesta entrega. Tudo isso demonstra nossa organizaÃ§Ã£o e articulaÃ§Ã£o polÃ­tica engrandecendo desta forma nosso trabalho, comprovando mais uma vez que nossa filosofia de trabalhar em unidade com nossos vereadores traz grandes resultados para populaÃ§Ã£o. Essa conquista divido com nosso vice- prefeito Ronaldo ,  equipe do departamento de EducaÃ§Ã£o, ex vereador Paulo Robson e todos nossos vereadores. Finaliza o prefeito CarlÃ£o.
GratidÃ£o ao Deputado Federal SÃ©rgio Sousa,  Deputado Federal Zeca Dirceu e Deputado Diego Garcia, lembrou 
ainda o prefeito.",,24
Anahy,PR,Post,2022-05-01 12:00:15,municipiodeanahy,,,6
Anahy,PR,Post,2022-04-28 21:47:49,municipiodeanahy,"Prefeito de Anahy participa das comemoraÃ§Ãµes dos 49 anos da EMBRAPA

Na tarde de ontem as 16 horas, o Prefeito de Anahy Carlos AntÃ´nio Reis, participou em BrasÃ­lia,  do evento comemorativo de 49 anos da 
(EMBRAPA )
Empresa  Brasileira de Pesquisa AgropecuÃ¡ria, que presta relevantes serviÃ§os de desenvolvimento de pesquisas e inovaÃ§Ã£o para agricultura Brasileira. â€œHonrosamente fomos convidados a participar deste evento pelo deputado Federal SÃ©rgio Sousa ,
Presidente  da Frente Parlamentar  da AgropecuÃ¡ria que por conta de sua atuaÃ§Ã£o parlamentar, foi o Ãºnico deputado homenageado neste evento comemorativo de 49 anos da EMBRAPA. O prefeito CarlÃ£o salientou que esse excelente relacionamento polÃ­tico tem resultado no atendimento de vÃ¡rias demandas de Anahy 

Anderson Torres 
Da Assessoria de Imprensa 
Governo Municipal de Anahy 
Com informaÃ§Ãµes de BrasÃ­lia",,7
Anahy,PR,Post,2022-04-27 23:07:19,municipiodeanahy,,,4
Anahy,PR,Post,2022-04-27 23:05:41,municipiodeanahy,"Prefeito de Anahy participa de reuniÃ£o da Bancada dos Deputados do PR no Congresso Nacional 

Dia marcante para a histÃ³ria da PolÃ­tica do Estado do ParanÃ¡. Prefeitos do Oeste do ParanÃ¡ estÃ£o participando de importante reuniÃ£o no Congresso Nacional a convite dos Deputados Federais da Bancada Paranaense. A pauta Ã© importante. 

â€œâ€â€â€Participando agora de reuniÃ£o na Camara dos Deputados,  com a bancada de Deputados  do ParanÃ¡, alinhando aÃ§Ãµes para melhorias para populaÃ§Ã£o dos municÃ­pios do ParanÃ¡. Dia intenso de muito trabalho e produtivoâ€ afirmou o Prefeito de Anahy Carlos AntÃ´nio Reis, prefeito do Oeste e presente na reuniÃ£o do parlamento Federal. 

Anderson Torres 
Da Assessoria de Imprensa 
Governo Municipal de Anahy 
Com informaÃ§Ãµes do Congresso Nacional",,25
Anahy,PR,Post,2022-04-27 15:09:18,municipiodeanahy,,,4
Anahy,PR,Post,2022-04-26 22:42:57,municipiodeanahy,"Prefeito de Anahy estÃ¡ na Marcha dos Prefeitos a Brasilia 

Prefeitos, vereadores, gestores e parlamentares se reÃºnem em BrasÃ­lia a partir desta segunda-feira (25) para debater temas das cidades e apresentar reivindicaÃ§Ãµes. A 23Âª Marcha a BrasÃ­lia em Defesa dos MunicÃ­pios vai atÃ© quinta-feira (28) e deve contar com mais de sete mil pessoas.

Os debates vÃ£o abordar assuntos como a reforma tributÃ¡ria, saneamento, o cenÃ¡rio pÃ³s-pandemia e o piso do magistÃ©rio, por exemplo. DiscussÃµes que estÃ£o sempre em pauta, segundo o presidente da ConfederaÃ§Ã£o Nacional dos MunicÃ­pios, Paulo Ziulkoski.

O prefeito de Anahy Carlos AntÃ´nio Reis estÃ¡ presente nesse importante evento Nacional, junto com a grande comitiva de prefeitos da Amop. 

Anderson Torres 
Da Assessoria de Imprensa 
Governo Municipal de Anahy",,14
Anahy,PR,Comentario,2022-04-27 00:20:38,roberto.barboza.54738,,ğŸ‘ğŸ‘ grande CarlÃ£o  e pÃ©cinha presente,
Anahy,PR,Post,2022-04-24 16:16:47,municipiodeanahy,"Anahy 
Projeto Gerar e Amar traz saÃºde e dignidade a gestantes 

Uma reuniÃ£o importante realizada na Ãºltima semana fortificou ainda mais o vÃ­nculo de gestantes e o municÃ­pio de Anahy. O prefeito de Anahy Carlos AntÃ´nio Reis se reuniu com as gestantes e o Departamento de SaÃºde. A diretora Ana LÃºcia Bessani Santana  e a coordenadora do Projeto PsicÃ³loga  Deise Tambara Minosso da Silva receberam as gestantes e apresentaram o Projeto. Depois todas as gestantes foram cadastradas. Com duraÃ§Ã£o de um ano. AÃ§Ã£o de profissionais como mÃ©dico, psicÃ³logo, nutricionista e enfermeiro tornam o projeto ainda mais completo. O prefeito de Anahy Carlos AntÃ´nio Reis agradeceu todo o empenho da equipe de saÃºde. Aulas de alongamento e ginÃ¡stica serÃ£o feitas com o Professor de EducaÃ§Ã£o FÃ­sica JosÃ© Carlos. No final da gestaÃ§Ã£o a gestante receberÃ¡ um kit completo de enxoval: 
01 bolsa 
01 shampoo e sabonete lÃ­quido 
01 termÃ´metro digital 
01 pacote de gazes 
01 caixa de cotonete 
01 pacote de lenÃ§o descartÃ¡vel 
01 pomada para assadura 
02 babitas 
01 coeiro 
01 mijao e 01 pagÃ£o 
01 macacÃ£o 
02 pares de meias 
01 toalha de banho 
01 banheira 
01 pacote de fralda descartÃ¡vel 
O prefeito CarlÃ£o destacou a importÃ¢ncia do envolvimento de uma grande equipe composta por mÃ©dicos, enfermeiros, psicÃ³loga,ACS, nutricionista, fisioterapeuta,
Professor de EducaÃ§Ã£o FÃ­sica, assistente social, dentistas e atÃ© professora de artesanato. Uma vez por mÃªs a equipe se reunirÃ¡ para avaliaÃ§Ã£o do trabalho desenvolvido no projeto. 

Anderson Torres 
Da Assessoria de Imprensa 
Governo Municipal de Anahy",,45
Anahy,PR,Comentario,2022-04-24 17:45:54,nutri_meurer,,Mto sucesso. Anahy em crescimento constante.ğŸ‘ğŸ‘ğŸ‘ğŸ‘,
Anahy,PR,Post,2022-04-18 18:41:59,municipiodeanahy,"Estrada 
Mais uma obra realizada pelo Governo Municipal de Anahy 

Essa era uma obra aguardada com expectativa pelos moradores da Comunidade Boa Vista de Anahy. O prefeito de Anahy Carlos AntÃ´nio Reis buscou os recursos e realizou essa obra tÃ£o importante. Era um trecho problemÃ¡tico e que precisava ser melhorado. Nas fotos e vÃ­deo se vÃª como tudo estÃ¡ melhor, proporcionando agilidade no trÃ¡fego e seguranÃ§a no trÃ¢nsito. O prefeito CarlÃ£o agradeceu a parceria com o vice prefeito Ronaldo e os vereadores. O prefeito CarlÃ£o agradeceu o ex vereador Paulo Robson que sempre esteve ao lado do governo municipal, para a realizaÃ§Ã£o desta importante obra.

Anderson Torres 
Da Assessoria de Imprensa 
Governo Municipal de Anahy 
Imprensa Oficial",,31
Anahy,PR,Post,2022-04-17 12:58:35,municipiodeanahy,,,4
Anahy,PR,Post,2022-04-14 16:41:35,municipiodeanahy,"Coelho da PÃ¡scoa visita as instituiÃ§Ãµes de ensino municipal em Anahy 

A administraÃ§Ã£o municipal atravÃ©s do Prefeito Carlos Reis e do vice Ronaldo, juntamente com o Departamento de EducaÃ§Ã£o no dia de ontem (13)fez a alegria das crianÃ§as. Foi a visita do coelho da pÃ¡scoa e entrega de doces. Foram entregues 350 cestinhas para os alunos das escolas: Escola Municipal VinÃ­cius de Moraes, CMEI Menino Jesus, CMEI Anna Limpo Felisberto e Escola de EducaÃ§Ã£o Especial EmÃ­lio Mudrey -  APAE. 
"" Agradecemos e reconhecemos a dedicaÃ§Ã£o e carinho da administraÃ§Ã£o com as nossas crianÃ§as, ver a alegria delas nos emociona"", destacou  a diretora do departamento de EducaÃ§Ã£o Roseli SimÃµes. Os agradecimentos tambÃ©m foram estendidos as diretoras das escolas Irene Moraes Fabris, Monica do Nascimento, Simone Schinato de Souza e Luciene EstevÃ£o.

Anderson Torres 
Da Assessoria de Imprensa 
Colaborou: Professora Roseli  SimÃµes",,33
Anahy,PR,Comentario,2022-04-14 19:34:34,angela_a72,,Nossa LULU ğŸ˜ğŸ˜ğŸ˜,
Anahy,PR,Post,2022-04-01 22:45:30,municipiodeanahy,"Todos contra a Dengue 
Anahy se une no combate e prevenÃ§Ã£o 

Equipes de todos os Departamentos do municÃ­pio de Anahy se uniram nessa sexta feira, em um grande mutirÃ£o de combate Ã  dengue. AlÃ©m da limpeza, pulverizaÃ§Ã£o, os profissionais voluntÃ¡rios tambÃ©m orientaram os munÃ­cipes. A 
Equipe de saÃºde do setor de endemias , com a colaboraÃ§Ã£o dos funcionÃ¡rios da saÃºde e demais departamentos estÃ£o passando nas casas, fazendo a vistoria dos quintais. Eliminando os focos e em seguida estÃ£o passando o veneno. Fazendo o bloqueio nos quarteirÃµes. 
â€œâ€ Estamos a pedir a colaboraÃ§Ã£o e a compreensÃ£o de todos , nesse momento crÃ­tico onde estamos com muitos casos suspeitos de dengue. Pedindo para que o pessoal limpe seu quintalâ€ salientou a Diretora do Departamento de SaÃºde Ana Lucia Bessani Santana. A equipe unida desempenhou esse trabalho durante toda essa semana. 
O prefeito de Anahy Carlos AntÃ´nio Reis parabenizou todos os envolvidos e voluntÃ¡rios dessa importante mobilizaÃ§Ã£o. 

Anderson Torres 
Da Assessoria de Imprensa 
Governo Municipal de Anahy",,29
Anahy,PR,Post,2022-03-29 21:40:36,municipiodeanahy,"Anahy conquista pÃ¡ carregadeira de 745 mil 

O prefeito de Anahy Carlos AntÃ´nio Reis confirmou a conquista de mais uma mÃ¡quina nova. Trata se de uma pÃ¡ carregadeira avaliada em 745 mil reais. O prefeito Carlao confirmou que a mÃ¡quina atenderÃ¡ as necessidades dos trabalhos da agricultura e estradas, abrangendo os trabalhos do setor agricultura e Departamento RodoviÃ¡rio.
O prefeito de Anahy Carlos AntÃ´nio Reis confirmou que a conquista se deve ao trabalho de parceria do municÃ­pio de Anahy com os Deputados Federais SÃ©rgio Souza e Valdir Rossoni, sendo recursos oriundos de emendas parlamentares. 

Anderson Torres 
Da Assessoria de Imprensa 
Governo Municipal de Anahy",,18
Anahy,PR,Post,2022-03-23 23:21:35,municipiodeanahy,"Atualizando 
Obra de asfalto na via de acesso Ã  Boa Vista avanÃ§a 

MÃ¡quinas e profissionais do Departamento RodoviÃ¡rio do municÃ­pio de Anahy continuam trabalhando. A obra importante de asfaltamento que terÃ¡ custo de 870 mil reais avanÃ§a com quatro centÃ­metros de espessura. Nessa tarde o SecretÃ¡rio Geral do MunicÃ­pio Edimar Zanatta estÃ¡ no local . O servidor municipal Arilson Batista de Souza fez registro em vÃ­deo mostrando o avanÃ§o  da implantaÃ§Ã£o da malha em detalhes 

Anderson Torres 
Da Assessoria de Imprensa 
Governo Municipal de Anahy",,22
Anahy,PR,Post,2022-03-22 00:55:25,municipiodeanahy,"Via de acesso Ã  Comunidade Boa Vista recebe asfalto. 

A obra Ã© bastante esperada devido as dificuldades de trafegabilidade do trecho. A via de acesso Ã  Comunidade Boa Vista voltou a receber melhorias. O trecho Ã© de mil quinhentos e cinquenta metros de asfalto . O valor da obra Ã© de 870 mil reais. O atendimento da obra seguirÃ¡ os roteiros onde o trecho estÃ¡ mais deteriorado. Toda a parte onde hÃ¡ o registro de deformidades, buracos, serÃ¡ melhorado. O prefeito de Anahy Carlos AntÃ´nio Reis comemora esse investimento conquistado atravÃ©s de financiamento, em um convÃªnio importante com a Caixa Economica Federal. â€œ Importante ressaltar a preocupaÃ§Ã£o com a situaÃ§Ã£o desse trecho que vai passar por importantes melhorias. Importante tanto para quem mora, quanto para quem lÃ¡ tem a necessidade dÃ¡ trafegabilidade das mÃ¡quinas agrÃ­colas e escoamento de safraâ€ finalizou o Prefeito de Anahy Carlos AntÃ´nio Reis, ressaltando a importÃ¢ncia tambÃ©m da agricultura para o municÃ­pio de Anahy. 

Anderson Torres 
Da Assessoria de Imprensa 
Governo Municipal de Anahy",,10
Anahy,PR,Post,2022-03-22 00:51:38,municipiodeanahy,"MunicÃ­pio de Anahy adquire veÃ­culo novo para o Departamento de EducaÃ§Ã£o 

Um investimento feito com recursos prÃ³prios. O municÃ­pio de Anahy apresentou no final da Ãºltima semana a mais nova aquisiÃ§Ã£o municipal. Desta vez para o Departamento de EducaÃ§Ã£o. Trata se de um veÃ­culo Renalt adquirido totalmente com recursos prÃ³prios. O valor investido de 67 mil reais. A aquisiÃ§Ã£o melhora deslocamentos dos profissionais administrativos do setor, dando seguranÃ§a e agilidade aos serviÃ§os. O prefeito de Anahy Carlos AntÃ´nio Reis ressalta a economia que vem sendo feita em todos os setores, e assim dando condiÃ§Ãµes de aquisiÃ§Ãµes importantes e necessÃ¡rias como esta. 

Anderson Torres 
Da Assessoria de Imprensa 
Governo Municipal de Anahy",,27
Anahy,PR,Comentario,2022-03-22 00:55:56,andersontorres1974,,â¤ï¸â¤ï¸,
Anahy,PR,Comentario,2022-03-22 00:55:58,andersontorres1974,,ğŸ™Œ,
Anahy,PR,Comentario,2022-03-22 21:37:42,irani.modaas,,ğŸ‘ğŸ‘,
Anahy,PR,Post,2022-03-17 11:57:20,municipiodeanahy,"Anahy recebe a Escola de Futebol FuracÃ£o 

Implementar aÃ§Ãµes que promovam a cidadania e o bem comum atravÃ©s do Esporte. Nesse contexto Anahy realizou mais uma reuniÃ£o nessa tarde, promovendo aÃ§Ãµes em parceria com a Escola de Futebol FuracÃ£o. 
 Na ReuniÃ£o realizada nesse dia 14 foram discutidos assuntos referentes Ã  escola de futebol FURACÃƒO , que tem como objetivo formar bons cidadÃ£os atravÃ©s do esporte,  tornando-se atleta ou nÃ£o. 
Para que o projeto possa fluir  Ã© necessÃ¡rio manter uma parceria com a EducaÃ§Ã£o. 

Na reuniÃ£o esteve presente  o prefeito de Anahy  Carlos AntÃ´nio Reis, a diretora do Departamento de EducaÃ§Ã£o Roseli,  a diretora  da Escola Vinicius de Moraes professora Irene , coordenadora Vanderleia , o diretor do Colegio Estadual JosÃ© BonifÃ¡cio Professor Nivaldo e a professora Sabrina  que estÃ¡ responsÃ¡vel pela atuaÃ§Ã£o e execuÃ§Ã£o  do projeto. A Escola de Futebol FuracÃ£o serÃ¡ lanÃ§ada nos prÃ³ximos dias. o municÃ­pio de Anahy jÃ¡ tem alunos inscritos e a reuniÃ£o realizada determina um plano de aÃ§Ã£o e parcerias. A Escola de Futebol FuracÃ£o Ã© um projeto social vinculado ao Clube AtlÃ©tico Paranaense, e ser desenvolvido em Anahy sob a responsabilidade do MunicÃ­pio. A Escola Municipal Vinicius de Moraes e o ColÃ©gio Estadual JosÃ© BonifÃ¡cio serÃ£o parceiros desse projeto. 

Anderson Torres 
Da Assessoria de Imprensa 
Governo Municipal de Anahy",,35
Anahy,PR,Post,2022-03-14 18:11:23,municipiodeanahy,,,6
Anahy,PR,Post,2022-03-11 16:11:18,municipiodeanahy,,,7
Anahy,PR,Post,2022-03-10 18:53:04,municipiodeanahy,"Equipe da SaÃºde prioriza escovaÃ§Ã£o e bochecho com flÃºor para estudantes da Rede Municipal de EducaÃ§Ã£o 

Um trabalho importante desenvolvido diretamente aos Estudantes da Rede Municipal de EducaÃ§Ã£o de Anahy. 
Hoje a Equipe de odontologia estÃ¡ no perÃ­odo da manhÃ£ e tarde realizando a EscovaÃ§Ã£o supervisionada e bochecho com FlÃºor na Escola Municipal VinÃ­cius de Moraes.
O bochecho faz parte do programa estadual de bochecho com flÃºor. Ã‰ feito nos alunos a partir de 6 anos de idade. Os sachÃªs de flÃºor sÃ£o fornecidos pelo Governo do ParanÃ¡.
A escovaÃ§Ã£o supervisionada Ã© realizada em todos os alunos da rede municipal de ensino, onde tÃ©cnicas apropriadas da escovaÃ§Ã£o bucal e orientaÃ§Ãµes sobre a saÃºde bucal sÃ£o disponibilizadas. Faz parte das atividades coletivas da saÃºde bucal do municÃ­pio.As escovas sÃ£o fornecidas pelo municÃ­pio para todos os estudantes, incluindo APAE e Crescer. 

Anderson Torres 
Da Assessoria de Imprensa 
Governo Municipal de Anahy",,34
Anahy,PR,Post,2022-03-08 20:49:31,municipiodeanahy,"Prefeito e vereador de Anahy foram recebidos pelo SecretÃ¡rio da EducaÃ§Ã£o 

Muito trabalho. 
Assim se traduz a presenÃ§a de Anahy em mais uma viagem de trabalho em Curitiba. No final dessa manhÃ£, o prefeito de Anahy Carlos AntÃ´nio Reis e o vereador Arilson Batista de Souza foram recebidos pelo SecretÃ¡rio de Estado da EducaÃ§Ã£o Renato Feder, e pela Chefe de Gabinete da Secretaria de EducaÃ§Ã£o Suzana. Na importante audiÃªncia foram tratados assuntos importantes como a liberaÃ§Ã£o de trÃªs Ã´nibus 0 km para atender a rede escolar de Anahy. 
â€œ SaÃ­mos bastante animados desse encontro. Existe uma grande expectativa desses Ã´nibus serem entregues atÃ© o inÃ­cio de Abril. Vamos gestionar para ter esse pedido atendido pelo Governo do ParanÃ¡ â€œ finalizou o Prefeito de Anahy Carlos AntÃ´nio Reis . 

Anderson Torres 
Da Assessoria de Imprensa 
Governo Municipal de Anahy",,13
Anahy,PR,Post,2022-03-08 20:45:26,municipiodeanahy,"Presidente da ALEP recebe prefeito de Anahy e vereador Anaiense 

Em mais uma viagem de trabalho a Curitiba, o prefeito de Anahy Carlos AntÃ´nio Reis foi recebido pelo Presidente da Assembleia Legislativa do ParanÃ¡ Deputado Estadual Ademar Traiano. O prefeito Carlao estÃ¡ acompanhado do servidor e vereador Arilson Batista de Souza. Na pauta de assuntos o Parque Ambiental e demandas do municÃ­pio. 

Anderson Torres 
Da Assessoria de Imprensa 
Colaborou Assessoria do Deputado",,25
Anahy,PR,Post,2022-03-07 11:16:30,municipiodeanahy,"EmoÃ§Ã£o marca grande encontro da mulher de Anahy 

Dezenas de mulheres Anaienses participaram de um grande encontro realizado ontem no GinÃ¡sio de Esportes de Anahy. EstÃ¡ foi a dÃ©cima primeira ediÃ§Ã£o alusiva ao Dia Internacional da Mulher. Com palestra motivacional o encontro foi marcado por Palestra Show e sorteio de muitos brindes. O Departamento de AÃ§Ã£o Social se superou mais uma vez na ediÃ§Ã£o desse grande encontro que teve as benÃ§Ã£o do pÃ¡roco Celso Grifo, e homenagem da Igreja Batista, com a participaÃ§Ã£o de todas as igrejas da cidade. O Diretor do Departamento de AÃ§Ã£o Social Jhone Gomes Camapum destacou a competÃªncia da equipe principalmente durante a pandemia. O vereador Arilson Batista de Souza enalteceu a uniÃ£o da cidade. A primeira dama do municÃ­pio Leni Reis parabenizou o progresso da mulher de Anahy nas lutas do dia a dia. A
Vereadora Erica Ferreira falou do empoderamento e competÃªncia feminina . Representando o Poder Legislativo o vereador Marlon destacou os investimentos do municÃ­pio para a mulher de todas as idades . O prefeito de Anahy Carlos AntÃ´nio Reis agradeceu o grande empenho do Departamento de AÃ§Ã£o Social em todos os assuntos, atuando com competÃªncia, seriedade, carinho e respeito com as pessoas. CarlÃ£o falou da gestÃ£o, marcada pelo trabalho mas sobretudo pela uniÃ£o e empenho de todos os envolvidos. CarlÃ£o falou das dificuldades da pandemia, mas tambÃ©m relembrou a luta de todos por melhores dias. O evento foi marcado pela emoÃ§Ã£o e sobretudo feito para â€œ matar saudadesâ€. Afinal a quanto tempo as mulheres de Anahy nÃ£o se encontravam em um momento tÃ£o marcante. O prefeito Carlao finalizou citando a emoÃ§Ã£o de todos os dias sÃ³ procuram fazer sempre o melhor . 

Anderson Torres 
Da Assessoria de Imprensa 
Governo Municipal de Anahy",,20
Anahy,PR,Post,2022-03-05 23:39:08,municipiodeanahy,"ContÃªiner â€œ Vida Marinhaâ€ surpreende pela variedade e originalidade 

Os alunos dos CMEIs, Escola Municipal e Apae ficaram surpresos com um evento inedito, disponibilizado pelo Governo Municipal de Anahy, atravÃ©s do Departamento Municipal da EducaÃ§Ã£o. Em sua primeira vez no municÃ­pio, o contÃªiner que deu destaque a vida marinha, surpreendeu pela originalidade e variedade. Buscando retratar a importÃ¢ncia da vida marinha na natureza, o destaque foi para espÃ©cies marinhas que puderam ser tocadas pelas crianÃ§as. Todas as espÃ©cies apresentadas sÃ£o verdadeiros e puderam ser tocados pelos alunos. 
â€œ Uma emoÃ§Ã£o para esses alunos. Um momento Ã­mpar para a classe escolar â€œ destacou a Diretora da Escola Municipal Vinicius de Moraes Professora Roseli Simoes. O evento foi programado para o Ãºltimo dia 04 e aconteceu ao longo do dia. O prefeito de Anahy Carlos AntÃ´nio Reis destacou a exclusividade do evento: â€œ Algo jamais visto no municÃ­pio e na regiÃ£o. A classe escolar dos dias de hoje estÃ¡ muito moderna e atualizada por isso Ã© preciso inovarâ€ finalizou o Prefeito Carlao. 

Anderson Torres
Da Assessoria de Imprensa
Governo Municipal de Anahy",,25
Anahy,PR,Post,2022-03-05 18:47:59,municipiodeanahy,,,8
Anahy,PR,Post,2022-03-02 13:20:13,municipiodeanahy,,,9
Anahy,PR,Post,2022-02-24 11:04:05,municipiodeanahy,"Hiperdia volta a atender e busca qualidade de vida na saÃºde do cidadÃ£o. 

Dentro dos trabalhos do Programa de SaÃºde da FamÃ­lia, o Departamento de SaÃºde de Anahy volta a atender atravÃ©s do Programa Hiperdia. Com dicas de atendimento social o Hiperdia ganhou a preferÃªncia Ã© a confianÃ§a do cidadÃ£o. Com atividades que buscam a longevidade e a qualidade da saÃºde, o Hiperdia salva vidas. Nesse programa os hipertensos e diabÃ©ticos tem um atendimento especial . Nesse primeiro momento foi feito uma apresentaÃ§Ã£o das atividades do grupo com atendimento atÃ© o final do ano com psicÃ³logo, enfermeiro, dentista entre outros. Sempre na feira Ãºltima do mÃªs com atendimentos de nutricionista, mÃ©dicos, exames. Foram realizados testes rÃ¡pidos, acompanhamentos de doenÃ§as crÃ´nicas nÃ£o transmissÃ­veis, com testes de hepatite, testes de insulina, sinais vitais, pressÃ£o arterial, e orientaÃ§Ã£o de como descartar as agulhas de insulina. O Departamento de SaÃºde se destaca nas atividades e aÃ§Ãµes preventivas nos cuidados da saÃºde de todas as idades. A enfermeira responsÃ¡vel Rosimar tem conversado muito com os munÃ­cipes sobre saÃºde. AlÃ©m da enfermeira responsÃ¡vel contou com a participaÃ§Ã£o do tÃ©cnico de enfermagem Gilberto, as Acs e tambÃ©m a nutricionista AndrÃ©ia Meurer. A equipe Hiperdia agradeceu o Prefeito de Anahy Carlos Antonio Reis pelo grande apoio aos cuidados com a saÃºde de todas as idades . Os agradecimentos foram extensivos a profissional Ana LÃºcia, atuante na gerÃªncia das atividades de saÃºde de Anahy. 

Anderson Torres 
Da Assessoria de Imprensa 
Governo Municipal de Anahy",,21
Anahy,PR,Comentario,2022-02-24 13:53:30,___andreiamnutr,,ğŸ‘,
Anahy,PR,Post,2022-02-23 14:29:01,municipiodeanahy,"Projeto Horta da Comunidade supera expectativas e faz distribuiÃ§Ã£o de hortaliÃ§as. 

Uma equipe determinada e que se supera toda a semana. Assim se define o trabalho da equipe que atua no â€œ Projeto Horta da Comunidadeâ€ do municÃ­pio de Anahy. Aconteceu hoje a entrega de  kits de hortaliÃ§as pelo projeto horta da comunidade no municÃ­pio de Anahy.  As famÃ­lias  contempladas receberam os alimentos atravÃ©s do trabalho desenvolvido pela secretaria de saÃºde  e Itaipu Binacional. â€œ A qualidade de vida Ã© prioridade do governo municipal de Anahy. Promovendo hÃ¡bitos saudÃ¡veis como uma boa alimentaÃ§Ã£o, tendo em vista a seguranÃ§a alimentar e nutricional elementos fundamentais para o desenvolvimento e o bem estar social dos munÃ­cipesâ€. Andrea Meurer, nutricionista do municÃ­pio, agradeceu o trabalho de todos os envolvidos e agradeceu o apoio do Prefeito CarlÃ£o . 

Anderson Torres 
Da Assessoria de Imprensa 
Governo Municipal de Anahy",,40
Anahy,PR,Comentario,2022-02-23 14:47:28,eigenstuhler_,,ParabÃ©ns a toda equipe do projeto,
Anahy,PR,Comentario,2022-02-23 15:15:01,___andreiamnutr,,ğŸ‘ğŸ‘ğŸ‘ obgda a todos envolvidos. â¤ï¸,
Anahy,PR,Comentario,2022-02-25 22:42:21,sirinoosana,,ParabÃ©ns pelo projeto ğŸ‘ğŸ‘,
Anahy,PR,Post,2022-02-18 12:52:01,municipiodeanahy,Confira os detalhes das obras de calÃ§amento e cascalhamento que estÃ£o sendo entregues. O trabalho continua! âœ…ğŸ‘ŠğŸ»,,27
Anahy,PR,Post,2022-02-18 12:41:15,municipiodeanahy,"Anahy entrega benfeitorias nas Estradas Porto Anahy e Comercial 

Anahy continua avanÃ§ando quando o assunto se refere aos cuidados com as estradas. O prefeito de Anahy Carlos AntÃ´nio Reis, o vice prefeito Ronaldo de Freitas, o Poder Legislativo entregaram oficialmente essa semana benfeitorias e cuidados especiais de duas estradas importantes. A Estrada Comercial, e a Estrada Porto Anahy receberam importantes melhorias que vÃ£o de cascalhamento, bueiros, em toda a sua extensÃ£o. O prefeito CarlÃ£o comemora com a municipalidade essas importantes conquistas que melhoram ainda mais a vida de quem mora no campo. Nas Fotos aÃ©reas se vÃª a diferenÃ§a de um trabalho feito por grandes profissionais no comando do servidor Arilson Batista de Souza. 

Anderson Torres 
Da Assessoria de Imprensa 
Governo Municipal de Anahy",,35
Anahy,PR,Post,2022-02-18 12:28:55,municipiodeanahy,,,6
Anahy,PR,Post,2022-02-11 01:57:58,municipiodeanahy,,,10
Anahy,PR,Post,2022-02-05 17:43:47,municipiodeanahy,"Deputado Traiano agradece  e reafirma compromisso com Anahy 

O Deputado Estadual e Presidente da Assembleia Legislativa do Estado do ParanÃ¡ Ademar Traiano, agradeceu de forma calorosa a recepÃ§Ã£o que teve nessa manhÃ£ no municÃ­pio de Anahy. Em grande reuniÃ£o o parlamentar foi recebido pelo prefeito de Anahy Carlos AntÃ´nio Reis, Presidente do Poder Legislativo Luciano Teodoro Ribeiro e vereadores e servidores pÃºblicos e lideranÃ§as. Na reuniÃ£o o prefeito CarlÃ£o encaminhou solicitaÃ§Ãµes, entre estÃ¡s a de um Ã´nibus. Junto com a populaÃ§Ã£o o Deputado Traiano reafirmou o seu compromisso com o municÃ­pio.  Confirmou o atendimento de demandas entre estas melhorias no trajeto a comunidade Boa Vista. O prefeito de Anahy Carlos AntÃ´nio Reis comemorou e homenageou o Deputado Traiano. 

Anderson Torres 
Da Assessoria de Imprensa 
Governo Municipal de Anahy",,21
Anahy,PR,Comentario,2022-02-07 15:48:39,ouroeprataproducoes,,ğŸ‘ğŸ‘ğŸ‘ğŸ‘ğŸ‘,
Anahy,PR,Post,2022-01-31 21:43:58,municipiodeanahy,,,5
Anahy,PR,Post,2022-01-31 21:26:47,municipiodeanahy,,,10
Anahy,PR,Post,2022-01-31 21:25:08,municipiodeanahy,"Governo Municipal de Anahy lamenta morte do ex vereador Leoncio 

Em nota a imprensa e decreto, o Prefeito de Anahy Carlos AntÃ´nio Reis lamentou a morte do ex vereador Anaiense Leoncio Joaquim da Silva.
â€œâ€â€ De conduta exemplar, o ex e nobre edil colaborou muito para o progresso e desenvolvimento de Anahy. Atuando com lisura e espÃ­rito de trabalho, o ex vereador deixa saudadesâ€ salientou consternado o Prefeito de Anahy Carlos AntÃ´nio Reis. Ao lamentar a morte do ex vereador Leoncio, o prefeito decretou luto oficial de trÃªs dias, salientando que o nobre edil Leoncio deixa em toda a sua histÃ³ria o registro de todo um trabalho realizado em prol aos Anaienses, sendo essa uma lamentÃ¡vel perdaâ€ finalizou o Prefeito CarlÃ£o. 

Anderson Torres 
Da Assessoria de Imprensa 
Governo Municipal de Anahy",,32
Anahy,PR,Post,2022-01-30 21:12:13,municipiodeanahy,,,26
Anahy,PR,Comentario,2022-01-30 21:29:14,drmaurorezende,,Meus sentimentos a todos os famÃ­liares!!!,
Anahy,PR,Comentario,2022-01-30 23:13:41,oda_amboni,,Meus sentimentos a todos da famÃ­lia.,
Anahy,PR,Comentario,2022-01-31 02:20:55,d.fatimaburguerepizzaria,,ğŸ˜¢ Descanse em paz ğŸ˜¢ğŸ˜¢,
Anahy,PR,Comentario,2022-01-31 13:07:15,cristiane_paula_da_silva,,"""Combateu o bom combate"",agora descansa ao lado do pai celestial.",
Anahy,PR,Post,2022-01-26 17:43:52,municipiodeanahy,"SaÃºde de Anahy recebe equipamentos e amplia atendimento 

Aliado ao grande empenho dos profissionais da saÃºde, a chegada de novos equipamentos amplia ainda mais esse atendimento. O prefeito de Anahy Carlos AntÃ´nio Reis confirmou a chegada de um lote de equipamentos que amplia ainda mais o atendimento da saÃºde, valorizando aÃ§Ãµes de qualidade e resultados para quem necessita desse atendimento.
Independente da pandemia, sempre intensificamos essa busca de investimentos e mais recursos para manter a manutenÃ§Ã£o e ampliar o atendimento desse setorâ€ salientou o prefeito CarlÃ£o. Na apresentaÃ§Ã£o dos equipamentos conquistados o prefeito agradeceu o empenho de todos os envolvidos e salientou a gestÃ£o polÃ­tica como causadora dessas conquistas. Na lista Ã© possÃ­vel constatar o resultado desse trabalho. 
05 notebooks 
08 computadores 
06 impressoras multifuncional 
12 aparelhos de ar condicionado
02 geladeiras 
19 cadeiras giratÃ³rias 
01 esfigmo 
01 oxÃ­metro de dedo
11 armÃ¡rios de aÃ§o 
01 desfribilador
01 eletrocardiografo
01 oxÃ­metro de pulso portÃ¡til 
01 autoclave
O valor do investimento ultrapassa a casa dos 270 mil reais. O prefeito de Anahy CarlÃ£o, salientou que o setor de saÃºde tem recebido um Ã³timo volume de recursos priorizando um atendimento de qualidade para todas as idades. 
O prefeito CarlÃ£o agradeceu a gestora do Departamento de SaÃºde Ana LÃºcia, o vice prefeito Ronaldo de Freitas e todos os vereadores do Poder Legislativo de Anahy. O prefeito de Anahy tambÃ©m citou os esforÃ§os e trabalho de resultados do SecretÃ¡rio Geral Edimar Zanatta. 

Anderson Torres 
Da Assessoria de Imprensa 
Governo Municipal de Anahy",,14
Anahy,PR,Post,2022-01-26 14:15:29,municipiodeanahy,"Prefeito CarlÃ£o em Curitiba 

O prefeito de Anahy Carlos AntÃ´nio Reis voltou atuar em viagem de trabalho em Curitiba. VÃ¡rias aÃ§Ãµes junto ao Governo do Estado. O prefeito de Anahy Carlos Reis,esteve agora na PresidÃªncia da Assembleia Legislativa acompanhado do presidente da CÃ¢mara Municipal, Luciano Ribeiro e do vereador Arilson. 
â€œâ€ Tratamos de demandas do municÃ­pio no setor de saÃºde e liberaÃ§Ã£o de ambulÃ¢ncia para Anahy â€œ publicou o Dep. Ademar Traiano. 

Anderson Torres 
Da Assessoria de Imprensa 
Governo Municipal de Anahy",,13
Anahy,PR,Post,2022-01-25 14:12:18,municipiodeanahy,"CapacitaÃ§Ã£o para combate a endemias em Anahy 

Os profissionais do Departamento de SaÃºde de Anahy tem se preparado para os novos tempos que envolvem a saÃºde popular. O nome disso Ã© cada vez mais capacitaÃ§Ã£o. Na semana passada mais aÃ§Ãµes dessa Ã¡rea foram desenvolvidas. 
Aconteceu uma capacitaÃ§Ã£o em tÃ©cnicas de campo para o combate Ã s endemias (como a dengue, por exemplo) que aconteceu na sexta feira Ã  tarde no posto de saÃºde, para as ACEs, ACS e tÃ©cnicos da vigilÃ¢ncia sanitÃ¡ria e ambiental. O
Importante evento foi ministrado pela prÃ³pria Coordenadora da vigilÃ¢ncia em endemias Ana Maria FlorÃªncio. 

Participantes:

*JosÃ© Maria Rotta* (agente da vigilÃ¢ncia sanitÃ¡ria/ambiental/visat) 
*Felipe Viana Lycurgo* (agente da vigilÃ¢ncia sanitÃ¡ria/ambiental/visat) 
*Marinalva da Silva Nascimento* (ACS)
*Jacira Oliveira de Carvalho Jandrey* (ACS)
*Monica Milousk* (ACS)
*Iris CezÃ¡rio* (ACE)
*Elizeide Conde de Jesus* (ACS)
*Aparecida da Silva Rosa* (ACE)
Essas tÃ©cnicas de campo se referem Ã s habilidades e condutas Ã  serem tomadas para o desempenho de vistorias e demais aÃ§Ãµes de combate Ã s endemias, como por exemplo, a dengue. A populaÃ§Ã£o pode ajudar nesse trabalho cuidando dos quintais com muita limpeza e seguindo a orientaÃ§Ã£o desses profissionais de saÃºde 

Anderson Torres 
Da Assessoria de Imprensa 
Governo Municipal de Anahy",,19
Anahy,PR,Comentario,2022-01-25 15:45:42,___andreiamnutr,,ParabÃ©ns. Conhecimento Ã© poder ğŸ‘ğŸ‘ğŸ‘,
Anahy,PR,Post,2022-01-24 16:25:01,municipiodeanahy,,,6
Anahy,PR,Post,2022-01-13 23:27:07,municipiodeanahy,,,17
Anahy,PR,Comentario,2022-01-13 23:27:34,andersontorres1974,,Estaremos juntos,
Anahy,PR,Post,2022-01-11 22:50:34,municipiodeanahy,,,20
Anahy,PR,Post,2022-01-07 12:46:18,municipiodeanahy,,,20
