Antonio Prado,RS,Post,2022-09-19 21:02:30,prefeituradeantonioprado,"MATEADA Ã‰ UM SUCESSO
Na tarde deste domingo, 18/09 aconteceu a Mateada na PraÃ§a Garibaldi. Com inÃ­cio as 14 horas, a programaÃ§Ã£o se estendeu atÃ© as 18 horas de domingo. Com uma apresentaÃ§Ã£o do ACTG Cancela do Imigrante, o pÃºblico se encantou com as belas e tradicionais danÃ§as do grupo, tambÃ©m aconteceu um show com Fabiano Quilante que levou o tradicionalismo presente nas mÃºsicas gaÃºchas. A tarde estava completa com Ã¡gua quente e erva-mate por conta da Ponche Verde. A praÃ§a estava movimentada com um grande e extenso pÃºblico que tambÃ©m pode aproveitar e conhecer a ExposiÃ§Ã£o : Um Olhar Tropeiro, onde mostrou o trajar dos antigos Birivas, homens que construÃ­ram nossa identidade serrana, esse Projeto do PRACULTURA teve como proponente a Andreza Scopel Forlin. O Prefeito Roberto JosÃ© Dalle Molle, a Primeira Dama Nelci, o Vice-Prefeito Elias Zulian, a SecretÃ¡ria de EducaÃ§Ã£o, Cultura e Desporto Adrina Sartori e equipe do Departamento de Cultura estiveram presentes no evento.",,37
Antonio Prado,RS,Post,2022-09-17 18:26:52,prefeituradeantonioprado,"Semana Farroupilha 2022  De 12 Ã  20 de setembro  ExposiÃ§Ã£o : Um Olhar Tropeiro 
Local: SaguÃ£o da Prefeitura  Mostra do trajar dos antigos Birivas, homens que construÃ­ram nossa identidade serrana. Projeto do PRACULTURA. Proponente Andreza Scopel Forlin.",,18
Antonio Prado,RS,Post,2022-09-16 21:20:13,prefeituradeantonioprado,"Nesta sexta-feira, 16 de setembro aconteceu o encerramento das atividades do â€œCarreteiro Estudantilâ€ no CTG â€“ Parque Imigrante. Em comemoraÃ§Ã£o a semana farroupilha a Secretaria de EducaÃ§Ã£o, Cultura e Desporto desenvolveu essa atividade onde os alunos das escolas municipais participaram de uma refeiÃ§Ã£o tradicional gaÃºcha, um carreteiro tradicional.
Durante quarta-feira, quinta-feira e hoje, os alunos das escolas Aparecida, JoÃ£o XXIII, Narciso Verza, Santana, CrianÃ§a Feliz, Casa de NazarÃ© e APAE participarÃ£o da atividade.
O Prefeito Roberto JosÃ© Dalle Molle  e o Vice-Prefeito Elias Zulian participaram do encontro na tarde de hoje, acompanhados da SecretÃ¡ria de EducaÃ§Ã£o, Cultura e Desporto Adriana Sartori.",,51
Antonio Prado,RS,Comentario,2022-09-16 22:15:33,preciladallabilia,,ğŸ‘ğŸ‘ğŸ‘ğŸ‘ğŸ‘,
Antonio Prado,RS,Post,2022-09-14 20:47:52,prefeituradeantonioprado,"Na tarde desta quarta-feira, 14/09 o Prefeito Roberto JosÃ© Dalle Molle esteve no Centro Municipal de Eventos para acompanhar a montagem dos espaÃ§os da 3Âª ExpoPrado e da 1Âª Feira de Hortigranjeitos.
Foram visitados os espaÃ§os internos, externos, como tambÃ©m o local dos shows que irÃ£o acontecer.
A 3Âª ExpoPrado e a 1Âª Feira de Hortigranjeitos acontecem de 22 a 25 de setembro, no Centro Municipal de Eventos.",,58
Antonio Prado,RS,Comentario,2022-09-14 21:35:31,marieliferreiragolin,,ParabÃ©ns AntÃ´nio Prado. ParabÃ©ns prefeito e vice. NinguÃ©m caminha sozinho.  Um prefeito que mostra como se faz. Todos ganham.,
Antonio Prado,RS,Post,2022-09-14 20:09:57,prefeituradeantonioprado,"Boletim informativo do dia 14.09.2022 sobre a situaÃ§Ã£o global dos casos atendidos pela rede municipal de saÃºde em decorrÃªncia da pandemia do COVID-19 (coronavÃ­rus), em AntÃ´nio Prado.",,7
Antonio Prado,RS,Post,2022-09-12 19:35:59,prefeituradeantonioprado,"VacinaÃ§Ã£o
ProrrogaÃ§Ã£o da Campanha de MultivacinaÃ§Ã£o e PÃ³lio

	O MinistÃ©rio da SaÃºde prorrogou atÃ© o dia 30/09 a Campanha Nacional de VacinaÃ§Ã£o contra a Poliomielite: para crianÃ§as de 1 ano a menores de 5 anos e MultivacinaÃ§Ã£o: para atualizaÃ§Ã£o da Carteirinha de vacinaÃ§Ã£o da crianÃ§a e adolescentes, atÃ© 14 anos.
	Devido Ã  baixa cobertura vacinal em todo o paÃ­s, reforÃ§amos a importÃ¢ncia da vacinaÃ§Ã£o contra a Poliomelite. A gotinha previne paralisia infantil, doenÃ§a que causa paralisia nos membros inferiores.
	A vacinaÃ§Ã£o ocorre de segunda Ã  sexta-feira em todas as UBS, das 08h Ã s 11h45min e das 13h30min Ã s 17h15min.",,4
Antonio Prado,RS,Post,2022-09-09 20:54:25,prefeituradeantonioprado,Confira a ProgramaÃ§Ã£o organizada pela Prefeitura para a Semana Farroupilha 2022.,,25
Antonio Prado,RS,Post,2022-09-08 21:07:45,prefeituradeantonioprado,"UBS SANTANA

Atendimento: quintas-feiras Ã  tarde.
Agendamento de consultas atravÃ©s do telefone 3293.4147 (UBS Planalto)
Telefone da UBS Santana (54)99688-1932
ServiÃ§os ofertados na UBS: Consultas mÃ©dicas, curativos, administraÃ§Ã£o de medicamentos, vacinas, retirada de pontos, coleta de exame citopatolÃ³gico, verificaÃ§Ã£o de sinais vitais, testes rÃ¡pidos (DST e Covid-19), orientaÃ§Ã£o de enfermagem e conta tambÃ©m com FarmÃ¡cia BÃ¡sica.",,7
Antonio Prado,RS,Post,2022-09-08 19:35:09,prefeituradeantonioprado,"2Â° ENCONTRO MUNICIPAL DE VIGILÃ‚NCIA EM SAÃšDE PARA PROFISSIONAIS DA ESTÃ‰TICA E BELEZA

TEMA: SEGURANÃ‡A E SAÃšDE: COMPARTILHANDO RESPONSABILIDADES
DIA 26 DE SETEMBRO
HorÃ¡rio: das 09h Ã s 11h
LOCAL: ESPAÃ‡O CULTURA

PÃšBLICO ALVO: manicures, pedicures, podÃ³logos, tatuadores, barbeiros, esteticistas, depiladores e outros profissionais da beleza.",,11
Antonio Prado,RS,Post,2022-09-08 13:31:00,prefeituradeantonioprado,"CONHEÃ‡A OS GANHADORES DO MÃŠS DE AGOSTO:
Nota Fiscal GaÃºcha: Olga paim
Nota Fiscal Legal: Ã‰rica Agostini Pauletti",,14
Antonio Prado,RS,Post,2022-09-07 22:21:59,prefeituradeantonioprado,"Na manhÃ£ desta quarta-feira, feriado nacional de 7 de setembro aconteceu o tradicional desfile em comemoraÃ§Ã£o Ã  IndependÃªncia do Brasil. Com inÃ­cio Ã s 9 horas, o desfile seguiu pela Avenida Valdomiro Bocchese atÃ© Ã s 11 horas. Escolas do MunicÃ­pio, entidades e organizaÃ§Ãµes desfilaram honrando a PÃ¡tria. O Prefeito Roberto JosÃ© Dalle Molle discursou e ressaltou a importÃ¢ncia das comemoraÃ§Ãµes dos 200 anos da IndependÃªncia do Brasil. O Vice-Prefeito Elias Zulian, SecretÃ¡rios e demais autoridades do MunicÃ­pio presenciaram o desfile do Palanque Oficial.

Ãlbum de fotos completo no Facebook da Prefeitura Municipal de AntÃ´nio Prado",,98
Antonio Prado,RS,Comentario,2022-09-07 23:00:14,preciladallabilia,,"ParabÃ©ns a todos, o desfile foi lindo ğŸ‘ğŸ‘ğŸ‘",
Antonio Prado,RS,Post,2022-09-06 20:32:45,prefeituradeantonioprado,"Alegria de Viver - ServiÃ§o de ConvivÃªncia para Pessoas Idosas de AntÃ´nio Prado participa de Encontro Intermunicipal de Campestre da Serra

Atividade teve como objetivo a integraÃ§Ã£o dos idosos da regiÃ£o.
O ServiÃ§o de ConvivÃªncia para Pessoas Idosas de AntÃ´nio Prado participou neste domingo (4) do Encontro Intermunicipal de Grupos de Idosos em Campestre da Serra. A atividade foi promovida pelo Executivo de Campestre da Serra com o objetivo de promover o envelhecimento saudÃ¡vel e ativo dos idosos da regiÃ£o, atuando na contribuiÃ§Ã£o da melhoria da qualidade de vida, autonomia e integraÃ§Ã£o social. 
A programaÃ§Ã£o contou com missa e almoÃ§o de confraternizaÃ§Ã£o. AlÃ©m de AntÃ´nio Prado, o evento contou com a participaÃ§Ã£o de grupos de diversos municÃ­pios, entre eles, SÃ£o Marcos, Vacaria, IpÃª e Esmeralda.
Na oportunidade, Sueli Carlesso, coordenadora do Centro de ConvivÃªncia do Idoso de AntÃ´nio Prado, convidou os idosos a participar e inscrever candidata ao 4Âº Concurso da Escolha Regional da Rainha da Terceira Idade, que vai ocorrer no prÃ³ximo dia 16 de outubro, no Centro de Eventos.",,24
Antonio Prado,RS,Post,2022-09-06 20:04:36,prefeituradeantonioprado,"Boletim informativo do dia 06.09.2022 sobre a situaÃ§Ã£o global dos casos atendidos pela rede municipal de saÃºde em decorrÃªncia da pandemia do COVID-19 (coronavÃ­rus), em AntÃ´nio Prado.",,7
Antonio Prado,RS,Post,2022-09-06 19:11:46,prefeituradeantonioprado,"1Âº Encontro de ConvivÃªncia Familiar Ã© realizado pela Secretaria de AssistÃªncia Social e Cidadania 

Atividade foi realizada com as famÃ­lias beneficiÃ¡rias da PolÃ­tica de AssistÃªncia Social.
Nesta quarta-feira (31) a Prefeitura de AntÃ´nio Prado por meio da Secretaria de AssistÃªncia Social e Cidadania promoveu o 1Âº Encontro de ConvivÃªncia Familiar com famÃ­lias beneficiÃ¡rias da PolÃ­ticas de AssistÃªncia Social. A atividade que ocorreu no CRAS - Centro de ReferÃªncia de AssistÃªncia Social Dorvalino Afonso de Nale foi ministrada pela assistente social Cristiane Donazzolo e pela psicÃ³loga Adriana Sotoriva.
O tema do 1Âº Encontro de ConvivÃªncia Familiar foi sobre os vÃ­nculos familiares e o fortalecimento dos laÃ§os afetivos para a construÃ§Ã£o de relaÃ§Ãµes saudÃ¡veis. â€œSabemos que nem sempre o clima em famÃ­lia Ã© o de comercial de margarina. EntÃ£o, para ajudar a melhorar as relaÃ§Ãµes, trazemos algumas sugestÃµes para manter a harmonia familiarâ€, afirma Cristiane, explicando que as vezes temos mais paciÃªncia com estranhos do que com nossos prÃ³prios familiares.
De acordo com Adriana, cada encontro terÃ¡ um assunto diferente e as famÃ­lias usuÃ¡rias dos serviÃ§os do CRAS serÃ£o convidadas a participar. â€œNosso objetivo Ã© oferecer os instrumentos para que as famÃ­lias possam se fortalecer e enfrentar as dificuldades vivenciadasâ€, conclui a profissional.",,5
Antonio Prado,RS,Post,2022-09-06 16:52:58,prefeituradeantonioprado,"Alunos do Ensino Fundamental da rede pÃºblica municipal de AntÃ´nio Prado receberam chromebooks para utilizar em sala de aula. 
De acordo com a Secretaria Municipal de EducaÃ§Ã£o Cultura e Desporto foram entregues 30 aparelhos para a Escola Municipal de Ensino Fundamental Nossa Senhora Aparecida e outros 30 chromebooks para a Escola Municipal de Ensino Fundamental JoÃ£o XXIII. O Chromebook Ã© um notebook concebido pela empresa Google e conta com o sistema operacional Chrome OS. Com recursos simplificados para acessar a internet, o computador conta com um sistema de login integrado com as contas educacionais de professores e alunos e sÃ£o para uso especÃ­fico de alunos em sala de aula  na rede municipal de ensino. Com o equipamento, Ã© possÃ­vel acessar os serviÃ§os on-line de todas as ferramentas da plataforma Google Sala de Aula e das ferramentas do Google for Education. A expectativa Ã© que a nova ferramenta colabore para uma maior inserÃ§Ã£o da tecnologia nas instituiÃ§Ãµes de ensino buscando a aprimoramento da aprendizagem. Na foto, estudantes do 4Âº ano, orientados pela professora Franciele Marin, da Escola Aparecida utilizando os chromebooks em sala de aula.",,16
Antonio Prado,RS,Comentario,2022-09-07 02:32:21,carlinhachilantipinheiro,,â¤ï¸,
Antonio Prado,RS,Post,2022-09-06 15:34:17,prefeituradeantonioprado,"InscriÃ§Ãµes abertas 

Campeonato Municipal de Bocha
InscriÃ§Ãµes de 5 a 16 de setembro.

InformaÃ§Ãµes - 3293-5622",,2
Antonio Prado,RS,Post,2022-09-03 15:20:36,prefeituradeantonioprado,"No final da manhÃ£ deste sÃ¡bado, 3 de setembro, o Prefeito Roberto JosÃ© Dalle Molle e o Vice-Prefeito Elias Zulian estiveram na Unidade BÃ¡sica de SaÃºde Centro. Na ocasiÃ£o aconteceu o Dia D de VacinaÃ§Ã£o, onde foram aplicadas a Vacina contra a Covid-19, a Campanha de MultivacinaÃ§Ã£o para crianÃ§as e adolescentes menores de 15 anos, a Vacina da Polio (gotinha) para crianÃ§as de 1 ano a menores de 5 anos e a Vacina da Influenza para todas as pessoas acima de 06 meses.
O SecretÃ¡rio de Obras, ViaÃ§Ã£o e TrÃ¢nsito Gilberto Ramos acompanhou a visita.
A Enfermeira da VigilÃ¢ncia EpidemiolÃ³gica Natali Leorato Zen, destacou a boa adesÃ£o da populaÃ§Ã£o nessa manhÃ£ de vacinaÃ§Ã£o.",,51
Antonio Prado,RS,Comentario,2022-09-03 15:53:21,anazulian123,,AdoreiiiğŸ‘ğŸ‘ğŸ‘ğŸ‘,
Antonio Prado,RS,Comentario,2022-09-03 23:28:02,paulasouy,,ğŸ‘ğŸ‘ğŸ‘,
Antonio Prado,RS,Comentario,2022-09-04 20:33:23,marcelocarniel,,Que bom ver o acompanhamento da administraÃ§Ã£o em loco nos setores pÃºblicos. ğŸ‘ğŸ‘ğŸ‘,
Antonio Prado,RS,Comentario,2022-09-03 15:58:19,mcbnanny195563,,O Posto de saÃºde merece uma boa pintura por fora..,
Antonio Prado,RS,Post,2022-09-02 22:38:12,prefeituradeantonioprado,"O Prefeito Roberto JosÃ© Dalle Molle e o Vice-Prefeito Elias Zulian, na tarde desta sexta-feira, 2 de setembro, estiveram visitando as obras de pavimentaÃ§Ã£o asfÃ¡ltica na Linha 21 de Abril. A empresa estÃ¡ executando a camada de base com brita graduada para o posterior recebimento da camada de Concreto Betuminoso Usinado a Quente - CBUQ.",,66
Antonio Prado,RS,Post,2022-09-02 20:47:43,prefeituradeantonioprado,"Na tarde desta sexta-feira, 2 de setembro, o Prefeito Roberto JosÃ© Dalle Molle esteve visitando o Posto de DoaÃ§Ãµes de AntÃ´nio Prado, localizado no Bairro Aparecida. 
Na oportunidade ocorria a oficina de costura que acontece todas quartas-feiras e sextas-feiras Ã  tarde, na atividade as mulheres produzem diversas peÃ§as em tecidos. Nesses dias acontece a oficina de crochÃª, aberta para todos. 
TambÃ©m o Prefeito Roberto acompanhou o trabalho de separaÃ§Ã£o de peÃ§as de roupas e tambÃ©m onde as peÃ§as sÃ£o colocadas para doaÃ§Ã£o. 
A Diretora da Coordenadoria da Mulher Daniela Perini Ã© quem coordena as atividades.",,28
Antonio Prado,RS,Post,2022-09-02 19:42:40,prefeituradeantonioprado,"Rede de ProteÃ§Ã£o a CrianÃ§a e ao Adolescente se reÃºne 

A articulaÃ§Ã£o da rede de proteÃ§Ã£o tem como objetivo discutir aÃ§Ãµes preventivas e protÃ©ticas das crianÃ§as e adolescentes do municÃ­pio.

A Rede de ProteÃ§Ã£o de CrianÃ§as e Adolescentes de AntÃ´nio Prado realizou nesta quarta-feira (31) o encontro mensal da equipe. A reuniÃ£o ocorreu na Secretaria de AssistÃªncia Social e Cidadania e contou com a participaÃ§Ã£o de Priscila Salamon, SecretÃ¡ria de AssistÃªncia Social e Cidadania; Adriana Sottoriva e Cristiane Donazzolo, servidoras da Secretaria AssistÃªncia Social e Cidadania; Angelica Pelizzaro, Brenda Vierheller e Luana Gularte Barbosa, servidoras da Secretaria de SaÃºde; Maria Isabel Furtado e Newson Oliveira, servidores da Secretaria de EducaÃ§Ã£o, Cultura e Desporto; Carolina Grazziotin, Eneiva Balancelli e Marizete Zanon, Conselheiras Tutelares.
A rede de proteÃ§Ã£o articulada Ã© integrada por servidores das Secretarias de SaÃºde, EducaÃ§Ã£o, AssistÃªncia Social e Conselho Tutelar, tem como objetivo a discussÃ£o, construÃ§Ã£o de estratÃ©gias para o trabalho da rede junto aos atendidos sob a premissa intersetorial que compreende as dimensÃµes biolÃ³gica, psicolÃ³gica e social de cada pessoa. 
Na oportunidade, foram apresentados os casos trabalhados por cada Secretaria, discutidas formas de melhor atender cada assistido e alinhadas as prÃ³ximas aÃ§Ãµes da rede de proteÃ§Ã£o. â€œDiscutindo as situaÃ§Ãµes em conjunto, com profissionais de serviÃ§o social, enfermagem, pedagogia e psicologia, conselho tutelar, conseguimos assim maior efetividade e resolutividade, pois o olhar integral oferece uma visÃ£o ampliada dos casosâ€, explica Priscila, destacando que a iniciativa traz benefÃ­cios para toda a sociedade.",,12
Antonio Prado,RS,Post,2022-09-02 19:13:54,prefeituradeantonioprado,"Conselho Municipal dos Direitos da CrianÃ§a e do Adolescente realiza reuniÃ£o ordinÃ¡ria

O Conselho Municipal da CrianÃ§a e do Adolescente de AntÃ´nio Prado â€“ Comdica esteve reunido nesta sexta-feira (02) na sala de reuniÃµes do Centro de ReferÃªncia de AssistÃªncia Social Dorvalino Afonso de Nale â€“ CRAS. O encontro contou com a participaÃ§Ã£o de Priscila Salamon, SecretÃ¡ria de AssistÃªncia Social e Cidadania; Ademir Franceschini, presidente do Comdica; Mirela Carra, SecretÃ¡ria do Comida e servidora da Secretaria de AssistÃªncia Social e Cidadania; NÃ¡tali Zen, da Secretaria de SaÃºde; Fabiana Chilanti, da Secretaria de AdministraÃ§Ã£o; Anderson Visentin, da Secretaria da Fazenda; Marciano da Silva, do CPM da Escola Nossa Senhora Aparecida. Ligia Bombana, da CÃ¢mara de IndÃºstria e ComÃ©rcio.
No encontro, foram apresentadas e aprovadas diversas pautas, entre elas, o apoio financeiro do Comdica ao transporte e alimentaÃ§Ã£o dos alunos inscritos na oficina do ServiÃ§o de ConvivÃªncia e Fortalecimento de VÃ­nculos (SCFV) e para a Caravana do Dia das CrianÃ§as nos bairros. Segundo Priscila, os recursos que irÃ£o custear as aÃ§Ãµes sÃ£o provenientes da doaÃ§Ã£o de parte do imposto de renda devido de pessoas fÃ­sicas e jurÃ­dicas. â€œA destinaÃ§Ã£o de parte do imposto de renda Ã© a uma oportunidade de contribuir com iniciativas que irÃ£o ser utilizadas na melhoria de vida de crianÃ§as e adolescentes de nosso municÃ­pioâ€, conclui a gestora. 
Ainda no encontro, foram definidas aÃ§Ãµes das prÃ³ximas atividades do Conselho, como a ConferÃªncia Municipal dos Direitos e da CrianÃ§a e do Adolescente, com previsÃ£o para ocorrer no final do mÃªs de outubro. O presidente do Comdica ressaltou a necessidade de maior participaÃ§Ã£o da sociedade civil e de jovens nas atividades do Conselho. â€œCom a maior participaÃ§Ã£o da sociedade teremos um Conselho mais forteâ€, avalia Franceschini.",,26
Antonio Prado,RS,Post,2022-09-02 16:55:41,prefeituradeantonioprado,"MELHORIAS NAS ESTRADAS

A Estrada de SÃ£o Valentim, nos Ãºltimos dias recebeu melhorias como o alargada da via, a realizaÃ§Ã£o da drenagem e tambÃ©m feito o recapeamento da mesma.
As melhorias da via melhoram o escoamento de toda nossa produÃ§Ã£o, bem como o trafego de veÃ­culos.",,27
Antonio Prado,RS,Post,2022-09-02 14:28:39,prefeituradeantonioprado,"Setembro Amarelo!

Viver Ã© a melhor escolha. 
MÃªs da PrevenÃ§Ã£o ao suicÃ­dio.",,8
Antonio Prado,RS,Post,2022-09-01 20:34:10,prefeituradeantonioprado,"TÃªnis de mesa

Na manhÃ£ desta quinta-feira, 1Âº de setembro aconteceu a abertura dos Jogos Municipais de TÃªnia de Mesa.
A competiÃ§Ã£o foi realizada no SalÃ£o da Gruta, e contou com seis escolas participantes, tendo um total de 48 alunos. Foram dividas em quatro categorias, sendo elas Juvenil para o masculino e feminino e Infantil tambÃ©m para masculino e feminino.
O Vice-Prefeito Elias Zulian esteve presente no inÃ­cio dos jogos. TambÃ©m o Diretor do Departamento de Esportes acompanhou o evento.
Confira o nome dos ganhadores:
Juvenil Masculino
1Â° lugar: JoÃ£o - Escola IrmÃ£o Irineu
2Â° lugar:  Guilherme - Escola Interativa
3Â° lugar: Lucas - Escola IrmÃ£o Irineu
3Â° lugar: Leonardo - Escola Santana

Juvenil Feminino
1Â° lugar: Gisele - Escola Ulisses Cabral
2Â° lugar: Shaiane - Escola Santana
3Â°lugar: Lara - Escola IrmÃ£o Irineu
3Â° lugar: Brenda - Escola IrmÃ£o Irineu

Infantil Masculino
1Â° lugar: JoÃ£o - Escola Interativa 
2Â° lugar: Felipe Rafael - Escola Ulisses Cabral
3Â° lugar: Luis - Escola JoÃ£o XXIII
3Â° lugar: Pedro - Escola IrmÃ£o Irineu 

Infantil Feminino
1Â° lugar: Ana - Escola Santana
2Â° lugar: Millary - Escola IrmÃ£o Irineu
3Â° lugar: Emily - Escola Aparecida
3Â° lugar: Stefany - Escola JoÃ£o XXIII",,10
Antonio Prado,RS,Post,2022-09-01 19:49:29,prefeituradeantonioprado,"SEMANA DA PÃTRIA

Na manhÃ£ desta quinta-feira, 1Âº de setembro aconteceu a cerimÃ´nia de abertura da Semana da PÃ¡tria 2022. Na ocasiÃ£o Prefeito Roberto JosÃ© Dalle Molle acompanhado do Vice-Prefeito Elias Zulian estiveram presentes.
Na tarde da manhÃ£ aconteceu o Hasteamento das Bandeiras, e a OraÃ§Ã£o CÃ­vica Ã  Escolas JoÃ£o XXIII realizou, na parte da tarde aconteceu o Arriamento das Bandeiras, seguido pela OraÃ§Ã£o CÃ­vica das Escolas IrmÃ£o Irineu e Meu Mundinho.
A SecretÃ¡ria de EducaÃ§Ã£o, Cultura e Desporto Adriana Sartori esteve presente nos dois atos realizados.
A programaÃ§Ã£o segue por toda semana atÃ© dia 7 de setembro, confira os horÃ¡rios e apresentaÃ§Ãµes no site da Prefeitura.",,26
Antonio Prado,RS,Post,2022-09-01 14:49:43,prefeituradeantonioprado,"ATENÃ‡ÃƒO!!!
VACINAÃ‡ÃƒO - SÃBADO 03/09
HORÃRIO DAS 8H Ã€S 12H
UBS Centro

VACINA CONTRA A COVID-19:
- Dose 1 e Dose 2
	CrianÃ§as de 3 a 11 anos (necessita agendamento prÃ©vio), adolescentes (de 12 a 17 anos) e adultos (acima de 18 anos).
- 3Âª Dose (ReforÃ§o) 
	Adolescentes (de 12 a 17 anos), adultos (acima de 18 anos) e adultos acima de 18 anos com duas doses de Janssen.
- 4Âª Dose (2Âº ReforÃ§o â€“ R2) 
	Adulto de 18 a 39 anos com comorbidades, adultos acima de 40 anos e Profissionais da SaÃºde.
 As doses de reforÃ§o devem ser aplicadas com intervalo mÃ­nimo de 4 meses apÃ³s a aplicaÃ§Ã£o da Dose 2 ou ReforÃ§o.

Neste sÃ¡bado, 03 de setembro, a UBS Centro tambÃ©m estarÃ¡ aplicando vacinas da:
- Campanha de MultivacinaÃ§Ã£o para crianÃ§as e adolescentes menores de 15 anos;
- Vacina da Polio (gotinha) para crianÃ§as de 1 ano a menores de 5 anos;
- Vacina da Influenza para todas as pessoas acima de 06 meses.",,6
Antonio Prado,RS,Post,2022-09-01 13:50:01,prefeituradeantonioprado,Confira a 8Âª ganhadora do Programa Nota Legal da Prefeitura de AntÃ´nio Prado!,,43
Antonio Prado,RS,Comentario,2022-09-01 18:55:49,lykpeliculas,,Obrigado,
Antonio Prado,RS,Comentario,2022-09-01 14:39:55,lykpeliculas,,Como funciona a nota fiscal legal,
Antonio Prado,RS,Post,2022-08-31 20:52:06,prefeituradeantonioprado,Prefeito Roberto JosÃ© Dalle Molle na 45Âª Expointer.,,38
Antonio Prado,RS,Post,2022-08-31 20:16:45,prefeituradeantonioprado,"Boletim informativo do dia 31.08.22 sobre a situaÃ§Ã£o global dos casos atendidos pela rede municipal de saÃºde em decorrÃªncia da pandemia do COVID-19 (coronavÃ­rus), em AntÃ´nio Prado.",,9
Antonio Prado,RS,Post,2022-08-31 13:21:05,prefeituradeantonioprado,"PREFEITO NA EXPOINTER 

Hoje, 31 de agosto, durante a 45Âª Expointer, a Famurs estÃ¡ realizando, a tradicional Assembleia Geral de Prefeitos, o Prefeito Roberto JosÃ© Dalle Molle estÃ¡ presente. O encontro com diversos gestores, iniciou Ã s 9h, no Centro de Eventos da Pista B, localizado no PavilhÃ£o 36 do Parque de ExposiÃ§Ãµes Assis Brasil, em Esteio.
Dentro das pautas do encontro, serÃ¡ apresentado o Plano de InovaÃ§Ã£o aos MunicÃ­pios, o projeto desenvolvido pela AgÃªncia Besouro, que coloca em prÃ¡tica a consultoria para a construÃ§Ã£o de planos municipais a fim de gerar novas oportunidades.
Ainda na pauta da inovaÃ§Ã£o, a Famurs assinarÃ¡ um termo de cooperaÃ§Ã£o junto ao Sebrae/RS, com objetivo de fomentar a educaÃ§Ã£o empreendedora e qualificaÃ§Ã£o de professores. A parceria tambÃ©m tambÃ©m estÃ¡ voltada ao fomento da inovaÃ§Ã£o na educaÃ§Ã£o e a formaÃ§Ã£o de jovens para geraÃ§Ã£o de trabalho qualificado.
Na oportunidade, a campanha institucional da GestÃ£o 2022/2023, intitulada â€œInovaÃ§Ã£o Ã© quando muda a vida da genteâ€ serÃ¡ lanÃ§ada. 
A campanha ""Sinal Vermelho Contra a ViolÃªncia DomÃ©stica"" tambÃ©m serÃ¡ apresentada onde acontecerÃ¡ a adesÃ£o oficial por parte dos municÃ­pios presentes em parceria com a AssociaÃ§Ã£o dos Magistrados Brasileiros (AMB) e com a AssociaÃ§Ã£o de JuÃ­zes do Rio Grande do Sul (Ajuris). O principal objetivo da Campanha Ã© auxiliar as vÃ­timas de violÃªncia domÃ©stica a realizarem suas denÃºncias contra os agressores.
O Prefeito ainda na parte da tarde visitarÃ¡ expositores presentes na Expointer. O SecretÃ¡rios de Agricultura, Meio Ambiente e Desenvolvimento Industrial Gilmar Pontel estÃ¡ presente.",,21
Antonio Prado,RS,Post,2022-08-29 14:21:41,prefeituradeantonioprado,"ğŸ‡§ğŸ‡·Semana da PÃ¡tria 2022ğŸ‡§ğŸ‡·

Confira a programaÃ§Ã£o completa no site da Prefeitura.",,25
Antonio Prado,RS,Post,2022-08-29 13:39:10,prefeituradeantonioprado,"Prefeitura de AntÃ´nio Prado realiza Primeira Caminhada LilÃ¡s pelo combate Ã  violÃªncia contra a mulher 

Foram distribuÃ­dos folderes informativos nos comÃ©rcios da avenida principal da cidade.
Nesta sexta-feira (26) a Secretaria de AssistÃªncia Social e Cidadania por meio da Coordenadoria da Mulher em conjunto com o Conselho Municipal dos Direitos de Mulher promoveram a caminhada pelo combate Ã  violÃªncia contra a mulher. A atividade contou com a presenÃ§a do Prefeito Roberto JosÃ© Dalle Molle e da primeira-dama Nelci Dalle Molle; do Vice-prefeito Elias Zulian e sua esposa KÃ¡tia Oliboni; da Coordenadora da Mulher, Daniela Perini e voluntÃ¡rias.
Foram visitados os comÃ©rcios da avenida principal da cidade e distribuÃ­dos folderes informativos sobre as campanhas Agosto LilÃ¡s e Sinal Vermelho. Durante a aÃ§Ã£o, uma ambulÃ¢ncia acompanhou a atividade com a sirene ligada, para chamar a atenÃ§Ã£o da comunidade para o combate da violÃªncia contra a mulher. 
Conforme o Prefeito, para mudar a cultura da violÃªncia deve-se trabalhar desce cedo, na escola. â€œA prevenÃ§Ã£o comeÃ§a na educaÃ§Ã£o das nossas crianÃ§as e jovens, estamos empenhados em mudar esse cenÃ¡rio, plantando a semente para no futuro colher bons frutosâ€, avalia Dalle Molle, destacando que a Secretaria de AssistÃªncia Social e Cidadania possui programas de combate Ã  violÃªncia.
â€œPretendemos chamar a atenÃ§Ã£o da sociedade para a importÃ¢ncia da denÃºncia, pois a cultura do silÃªncio Ã© um dos agravantes do crime de violÃªncia contra a mulherâ€, lembra o Vice-prefeito, destacando nada empodera mais um povo do que conhecimento e educaÃ§Ã£o.
Confira a matÃ©ria completa no site.",,32
Antonio Prado,RS,Post,2022-08-27 23:33:26,prefeituradeantonioprado,Recado do Prefeito Roberto JosÃ© Dalle Molle na 40Âª Noite Italiana!,,72
Antonio Prado,RS,Post,2022-08-26 20:26:18,prefeituradeantonioprado,"Na tarde desta sexta-feira o Prefeito Roberto JosÃ© Dalle Molle, acompanhado do Vice-Prefeito Elias Zulian estiveram presentes na Tarde Italiana, promovida pela CDL AntÃ´nio Prado. A atividade faz parte das comemoraÃ§Ãµes do aniversÃ¡rio de 47 anos da APAE, e foi realizada no Centro Municipal de Eventos. Musicas e comidas tÃ­picas italianas embalaram Ã  tarde com entretenimento de todos. A diretora da APAE AntÃ´nio Prado Josiane Agostini Manica, professoras e menbros da Diretoria do CDL AntÃ´nio Prado  acompanharam os alunos.",,64
Antonio Prado,RS,Comentario,2022-08-27 01:01:10,paulasouy,,â¤ï¸â¤ï¸,
Antonio Prado,RS,Post,2022-08-26 15:47:13,prefeituradeantonioprado,"Confira o recado da Natali Leorato Zen, Enfermeira da VigilÃ¢ncia EpidemiolÃ³gica.",,55
Antonio Prado,RS,Comentario,2022-08-27 01:02:51,paulasouy,,â¤ï¸â¤ï¸,
Antonio Prado,RS,Post,2022-08-25 18:59:04,prefeituradeantonioprado,"Posto de DoaÃ§Ãµes de Roupas e Agasalhos oferece roupas para quem precisa 
HÃ¡ roupas, agasalhos, cobertores, roupas de cama e banho, entre outros itens para o conforto tÃ©rmico da populaÃ§Ã£o que necessita em AntÃ´nio Prado.
A Secretaria de AssistÃªncia Social e Cidadania por meio da Coordenadoria da Mulher oferece roupas, agasalhos, cobertores, roupas de cama e banho, entre outros itens para o conforto tÃ©rmico da populaÃ§Ã£o mais vulnerÃ¡vel de AntÃ´nio Prado. As mesmas podem ser retiradas no Posto de DoaÃ§Ãµes, no bairro Aparecida, que atende nas segundas, quartas e sextas-feiras, das 13h30 Ã s 17h30. JÃ¡ as doaÃ§Ãµes podem ser feitas de segunda a sexta- feira, das 8h Ã s 11h45 e das 13h15 Ã s 17h30, diretamente no CRAS - Centro de ReferÃªncia de AssistÃªncia Social Dorvalino Afonso de Nale.
Segundo Daniela Perini, Diretora da Coordenadoria da Mulher e responsÃ¡vel pelo Posto de DoaÃ§Ãµes nÃ£o Ã© necessÃ¡rio ter cadastro prÃ©vio, apenas informar o nome completo e assinar a retirada dos produtos. â€œPode procurar o Posto de DoaÃ§Ãµes qualquer pessoa que esteja precisando de roupas. A AdministraÃ§Ã£o PÃºblica estÃ¡ sempre Ã  disposiÃ§Ã£o da comunidadeâ€, conclui Daniela.
A SecretÃ¡ria de AssistÃªncia Social e Cidadania, Priscila Salamon, ressalta que a contribuiÃ§Ã£o da comunidade e das entidades estÃ¡ sendo fundamental para que este serviÃ§o seja realizado. â€œO inverno Ã© agora. Doar Ã© um gesto de amor que aquece nossos coraÃ§Ãµesâ€, afirma a gestora, ressaltando que as roupas precisam estar em boas condiÃ§Ãµes para que sejam destinadas a doaÃ§Ãµes. 
Ainda, que os beneficiÃ¡rios retirem o necessÃ¡rio para sua famÃ­lia, assim mais famÃ­lias podem se beneficiar. Mais informaÃ§Ãµes podem ser obtidas na Secretaria de AssistÃªncia Social e Cidadania pelos telefones (54) 3293-4091 / 3293-4249.",,15
Antonio Prado,RS,Post,2022-08-25 18:14:30,prefeituradeantonioprado,"Agosto LilÃ¡s terÃ¡ caminhada pelo combate Ã  violÃªncia contra a mulher 

Mulheres da Secretaria de AssistÃªncia Social e Cidadania, Coordenadoria da Mulher, Conselho Municipal dos Direitos da Mulher e Primeiras-Damas de AntÃ´nio Prado irÃ£o visitar o comÃ©rcio da avenida principal da cidade.
Na prÃ³xima sexta-feira (26) a Secretaria da AssistÃªncia Social e Cidadania atravÃ©s da Coordenadoria da Mulher em parceria com o Conselho da Mulher, irÃ¡ realizar uma caminhada no comÃ©rcio da Ã¡rea central da cidade distribuindo folders com informaÃ§Ãµes sobre violÃªncia domÃ©stica e formas de denunciar. A atividade contarÃ¡ com a participaÃ§Ã£o das primeiras-damas Nelci Dalle Molle e KÃ¡tia Oliboni.
â€œConvidamos a todos para participar dessa caminhada. Juntos podemos transformar a realidade de violÃªncia que muitas mulheres e famÃ­lias estÃ£o vivenciando. Esse Ã© um problema social e de saÃºde pÃºblica que afeta a sociedade como um todo, nÃ£o podemos nos calar diante do crescente nÃºmero de casosâ€, afirma Daniela Perini, Diretora da Coordenadoria da Mulher. 
Segundo ela as aÃ§Ãµes do Agosto LilÃ¡s nÃ£o se limitarÃ£o apenas ao mÃªs de agosto, devendo ter aÃ§Ãµes de prevenÃ§Ã£o e combate Ã  violÃªncia nas atividades da AdministraÃ§Ã£o Municipal nos prÃ³ximos meses. â€œO Poder Executivo tem um olhar sensÃ­vel Ã  causa, o que nos motiva a continuar promovendo atividades de conscientizaÃ§Ã£o da populaÃ§Ã£o, com o envolvimento da sociedade como um todoâ€, concluiu Priscila Salamon, SecretÃ¡ria de AssistÃªncia Social e Cidadania.",,21
Antonio Prado,RS,Post,2022-08-25 14:35:02,prefeituradeantonioprado,"Na manhÃ£ desta quinta-feira aconteceu a â€œEscola na PraÃ§aâ€, com os alunos da APAE AntÃ´nio Prado. Os alunos realizaram as atividades de pintura, confecÃ§Ã£o de tapetes e mÃºsica pra animar a manhÃ£. O Prefeito Roberto JosÃ© Dalle Molle, o Vice-Prefeito Elias Zulian e a Secretaria de EducaÃ§Ã£o, Cultura e Desporto participaram da atividade. A Diretora da APAE Josiane Agostini Manica destaca o lema 2022 das FederaÃ§Ãµes das APAES: Superar barreiras para garantir a inclusÃ£o.
Essa aÃ§Ã£o Ã© uma das atividades das comemoraÃ§Ãµes da Semana Nacional Da Pessoa Com DeficiÃªncias Intelectual E MÃºltipla e dos 47 anos da AssociaÃ§Ã£o de Pais e Amigos dos Excepcionais. Na parte da tarde com o objetivo de integraÃ§Ã£o com a sociedade, acontecerÃ¡ um jogo de futebol amistoso entre APAE X Ser AntÃ´nio Prado no GinÃ¡sio de Esportes LourenÃ§o Golin Ã s 14 horas.",,96
Antonio Prado,RS,Post,2022-08-24 19:45:36,prefeituradeantonioprado,"Boletim informativo do dia 24.08.22 sobre a situaÃ§Ã£o global dos casos atendidos pela rede municipal de saÃºde em decorrÃªncia da pandemia do COVID-19 (coronavÃ­rus), em AntÃ´nio Prado.",,6
Antonio Prado,RS,Post,2022-08-24 18:56:36,prefeituradeantonioprado,"VocÃª sabia... 
A sala do empreendedor possui espaÃ§o compartilhado para trabalho - coworking.
Auxilio na emissÃ£o de notas fiscais e assuntos aos pequenos e mÃ©dios empresÃ¡rios.

Para mais informaÃ§Ãµes:
(54) 3293-5640",,13
Antonio Prado,RS,Post,2022-08-24 16:51:57,prefeituradeantonioprado,"Encontro Educacional de Aprendizagem 

A SecretÃ¡ria de EducaÃ§Ã£o, Cultura e Desporto, Adriana Sartori, a Coordenadora PedagÃ³gica, Maria Isabel Furtado, a Diretora Jussara Bressan, representando as Escolas Municipais de EducaÃ§Ã£o Infantil e a Diretora, Marilene Rizzi, representando as escolas Municipais de Ensino Fundamental, estiveram presentes em um Encontro Educacional, no MunicÃ­pio de Bento GonÃ§alves, com o SecretÃ¡rio de EducaÃ§Ã£o de Sobral- CE, Herbert de Lima. Este municÃ­pio alcanÃ§ou o maior Ã­ndice do IDEB do Brasil. No encontro, Herbert apresentou a todos os SecretÃ¡rios de EducaÃ§Ã£o da regiÃ£o presentes, um histÃ³rico das aÃ§Ãµes que levaram o MunicÃ­pio de Sobral a ser referÃªncia em EducaÃ§Ã£o no paÃ­s. Um dia de aprendizagem e de troca de vivÃªncias importantes para pensar nos novos passos da EducaÃ§Ã£o no MunicÃ­pio de AntÃ´nio Prado.
ApÃ³s o encontro  foi realizada uma visita Ã  Escola de Ensino Fundamental Tancredo Neves e a Escola de EducaÃ§Ã£o Infantil Recanto Alviazul, para troca de experiÃªncias entre as DireÃ§Ãµes de Escolas.",,21
Antonio Prado,RS,Post,2022-08-23 21:33:30,prefeituradeantonioprado,"A Prefeitura de AntÃ´nio Prado apresenta as expectativas do Programa Conecta Rural- 2Â°episÃ³dio, que tem como objetivo colocar cabos de internet fibra Ã³ptica a todas as comunidades.",,19
Antonio Prado,RS,Post,2022-08-23 18:30:13,prefeituradeantonioprado,"Reiteramos que estÃ£o abertas para o Edital 002/2022 para concessÃ£o de patrocÃ­nios. 

Maiores informaÃ§Ãµes no link:

https://www.antonioprado.rs.gov.br/UPLarquivos/portal_chamamentos_publicos_4_10082022165448.pdf",,7
Antonio Prado,RS,Post,2022-08-22 13:20:04,prefeituradeantonioprado,"Ãšltimas vagas: inscriÃ§Ãµes abertas para oficinas de FormaÃ§Ã£o do ServiÃ§o de ConvivÃªncia para Adolescentes 
Atividades visam a integraÃ§Ã£o social e iniciaÃ§Ã£o profissional para o mundo do trabalho.
A Secretaria de AssistÃªncia Social e Cidadania de AntÃ´nio Prado por meio do ServiÃ§o de ConvivÃªncia e Fortalecimento de VÃ­nculos para Adolescentes â€“ SCFV estÃ¡ oferecendo oficinas de integraÃ§Ã£o social e iniciaÃ§Ã£o profissional para adolescentes de 13 a 17 anos cadastrados no CadÃšnico. 
As atividades irÃ£o comeÃ§ar no mÃªs de agosto e o tÃ©rmino estÃ¡ previsto para dezembro deste ano. As aulas serÃ£o realizadas duas vezes na semana, da tarde, onde serÃ£o trabalhadas a formaÃ§Ã£o humana, cidadania e formaÃ§Ã£o profissional. â€œA atividade tem como objetivo promover a convivÃªncia, o desenvolvimento do protagonismo e da autonomia a partir das potencialidades dos adolescentes â€, conclui Priscila. 
Confira as Atividades:
- Ãrea administrativa (secretariado);
- Ãrea de marketing (propaganda e marketing pessoal);
- Ãrea comercial (atendimento ao cliente e tÃ©cnicas de vendas);
- Ãrea de produÃ§Ã£o (logÃ­stica e cadeia de suprimentos);
- Ãrea do RH e departamento pessoal (bÃ¡sico em departamento pessoal);
- Ãrea financeira (contabilidade bÃ¡sica); e
- Plano de NegÃ³cios.
As inscriÃ§Ãµes devem ser realizadas no CRAS, localizado na Rua Sete de Setembro, 796, prÃ³ximo ao pÃ³rtico de entrada da cidade. Mais informaÃ§Ãµes podem ser obtidas pelo (54) 3293-4249.",,8
Antonio Prado,RS,Post,2022-08-19 20:58:26,prefeituradeantonioprado,"A soma entre a forÃ§a dos nossos produtores, a tradiÃ§Ã£o agrÃ­cola trazida pelos imigrantes e as mais novas tecnologias desenvolvidas para o campo tornam o agro de AntÃ´nio Prado um campo de extrema relevÃ¢ncia.
As mais de mil propriedades em nosso interior produzem uma vasta variedade de alimentos que sÃ£o destinados a brasileiros de todas as partes, gerando negÃ³cios que possibilitam qualidade de vida e renda para nossa comunidade.
Por tamanha forÃ§a deste setor, vÃªm sendo realizada uma sÃ©rie de projetos do municÃ­pio para fomentar o empreendedorismo do agronegÃ³cio local. A prefeitura estÃ¡ investindo em cabeamento por fibra Ã³ptica em toda a Ã¡rea rural da cidade. As estradas do interior tÃªm recebido atenÃ§Ã£o especial, com novas obras de asfalto e conservaÃ§Ã£o das vias, facilitando o escoamento da produÃ§Ã£o.
AlÃ©m disso, de 22 a 25 de setembro ocorrerÃ¡ a 1Âº Feira de Hortigranjeiros de AntÃ´nio Prado, resultado de uma parceria entre a prefeitura, Emater, CIC AntÃ´nio Prado, Cooprado, Sindipe e Sindicato dos Trabalhadores Agricultores Familiares de AntÃ´nio Prado. Em sua programaÃ§Ã£o a Feira contarÃ¡ com rodadas de negÃ³cios, entre produtores da regiÃ£o e potenciais novos fornecedores, unindo tecnologia, negÃ³cios e qualificaÃ§Ã£o. SerÃ£o apresentados, ainda, cases de empreendimentos do campo, visitas a propriedades e pesquisas de aÃ§Ãµes necessÃ¡rias aos produtores.",,452
Antonio Prado,RS,Comentario,2022-08-21 11:13:59,hudsoncalandrelli,,Que maravilha! Tenho um grande sonho de conhecer AntÃ´nio Prado! Moro em Ji-ParanÃ¡-RO e um dia pretendo estar aÃ­ juntamente com a minha esposa e minha bambina Antonella Calandrelli ğŸ’šâ¤,
Antonio Prado,RS,Comentario,2022-08-20 16:50:12,dudi_susin,,ğŸ‘ğŸ¼ğŸ‘ğŸ¼ğŸ‘ğŸ¼,
Antonio Prado,RS,Comentario,2022-08-19 22:15:33,rangel.clarissa,,ğŸ‘ğŸ‘ğŸ‘ğŸ‘ğŸ‘,
Antonio Prado,RS,Comentario,2022-08-20 14:35:58,ralphpodre,,ğŸ‘ğŸ‘ğŸ‘ğŸ‘ğŸ‘ orgulho â¤ï¸,
Antonio Prado,RS,Comentario,2022-08-20 01:22:13,jeh_ssicasouza,,â¤ï¸,
Antonio Prado,RS,Comentario,2022-08-20 11:53:28,natisbarison,,Trabalho impecÃ¡vel ğŸ‘ğŸ»ğŸ‘ğŸ¼ğŸ‘ğŸ½,
Antonio Prado,RS,Comentario,2022-08-20 17:20:58,gui_lovats,,â¤ï¸â¤ï¸â¤ï¸â¤ï¸,
Antonio Prado,RS,Comentario,2022-09-06 23:35:09,crepuana,,Amo essa cidade! Acho que em outra vida vivi aÃ­...,
Antonio Prado,RS,Comentario,2022-08-20 12:45:07,cantinazulian,,Que perfeitoâ£ï¸,
Antonio Prado,RS,Comentario,2022-09-02 18:41:32,plenaturismo,,"ParabÃ©ns AntÃ´nio Prado, logo visitarei vocÃªs para conhecer todas estas maravilhas e depois trazermos vistantes que tambÃ©m possam se encantar! ğŸ¥°ğŸ‘ğŸ‘ğŸ‘ğŸ‘ğŸ‘",
Antonio Prado,RS,Comentario,2022-08-22 10:21:54,elaine_enovaviagens,,@analima.dosreis,
Antonio Prado,RS,Comentario,2022-08-20 13:51:57,clarice.fag,,@djantoniopaulo partiuu conhecerğŸ˜ğŸ˜ğŸ˜,
Antonio Prado,RS,Post,2022-08-19 20:37:50,prefeituradeantonioprado,"PREGÃƒO PRESENCIAL NÂº 050/2022 OBJETO: contrataÃ§Ã£o de prestaÃ§Ã£o de serviÃ§os de lavagens de veÃ­culos, caminhÃµes e mÃ¡quinas para manutenÃ§Ã£o da frota municipal. DATA DE ABERTURA: 29 de agosto de 2022, Ã s 14h. MODALIDADE: PregÃ£o Presencial. Tipo: â€œMenor PreÃ§o por Loteâ€.",,6
Antonio Prado,RS,Comentario,2022-08-19 20:38:07,prefeituradeantonioprado,,"Para maiores informaÃ§Ãµes e edital completo, acesse nosso site, na aba licitaÃ§Ãµes.
https://www.antonioprado.rs.gov.br/portal.php?pagina=licitacoes_editais",
Antonio Prado,RS,Post,2022-08-19 11:44:56,prefeituradeantonioprado,"ServiÃ§o de ConvivÃªncia do Idoso de AntÃ´nio Prado realiza ChÃ¡ mensal

Cerca de 100 idosos participaram do encontro

A ComissÃ£o Assistencial Projeto Conviver realizou na tarde desta quarta-feira (17) o tradicional chÃ¡ com o grupo de idosos do municÃ­pio, momento de integraÃ§Ã£o em que todos os participantes das atividades semanais reÃºnem-se para confraternizaÃ§Ã£o. Estiveram na atividade Elias Zulian, Vice-prefeito; Simone Damin, psicÃ³loga da Secretaria de AssistÃªncia Social e Cidadania; Sueli Carlesso, coordenadora das atividades do Centro de ConvivÃªncia do Idoso, Laureano Fortuna, sÃ³cio benemÃ©rito do Projeto Conviver; entre outros convidados. 
Neste dia foi celebrado os aniversariantes dos meses de junho, julho e agosto, que foram presenteados pela Entidade. â€œBuscamos sempre fazer as atividades com carinho, oferecer o melhor para quem participa. Os participantes encontram aqui a oportunidade de conversar, de fazer atividades que beneficiem a saÃºde fÃ­sica e mentalâ€, explica Sueli.
Conforme o Vice-prefeito, o clube Ã© fundamental para a comunidade pradense, porque entre suas funÃ§Ãµes, contribui diretamente para a saÃºde fÃ­sica e emocional dos participantes. â€œEsses encontros sÃ£o uma oportunidade de relaxar, de encontrar os amigos e fazer novas amizadesâ€, afirma Elias, destacando o quanto as pessoas idosas jÃ¡ contribuÃ­ram para o MunicÃ­pio de AntÃ´nio Prado.

Projeto Conviver.

Entre as atividades desenvolvidas no projeto estÃ£o aulas de hidroginÃ¡stica, danÃ§a, ginÃ¡stica, jogos e espiritualidade.  Para mais informaÃ§Ãµes, entre em contato com o CRAS - Centro de ReferÃªncia de AssistÃªncia Social Dorvalino Afonso de Nale pelo telefone (54)3293-4091 ou WhatsApp (54)3293-4249.",,37
Antonio Prado,RS,Post,2022-08-18 20:36:04,prefeituradeantonioprado,"SOLICITAÃ‡ÃƒO PARA MAIOR SEGURANÃ‡A AO MUNICÃPIO 

Nesta quinta-feira, 18/08, o Prefeito Roberto JosÃ© Dalle Molle esteve em Porto Alegre para entrega de ofÃ­cios na Secretaria de SeguranÃ§a do Estado. Com o baixo efetivo da Brigada Militar e considerando que neste segundo semestre diversos eventos serÃ£o realizados no MunicÃ­pio,  na oportunidade novos pedidos de reforÃ§o para a Brigada Militar foram entregues Ã  Secretaria Estadual. TambÃ©m foi solicitado o pedido de novos veÃ­culos, para assim manter a Brigada Militar e a PolÃ­cia Civil cada vez mais ativas em AntÃ´nio Prado.",,13
Antonio Prado,RS,Post,2022-08-18 14:15:45,prefeituradeantonioprado,"A forÃ§a do agro de AntÃ´nio Prado recebendo ainda mais destaque!
Vem aÃ­ a 1Âº Feira de Hortigranjeiros de AntÃ´nio Prado!

Um dos primeiros eventos agrÃ­colas da regiÃ£o, a Feira de Hortigranjeiros foi criada para qualificar a produÃ§Ã£o rural de AntÃ´nio Prado e dos municÃ­pios prÃ³ximos. A iniciativa Ã© o resultado de uma parceria entre a prefeitura, Emater, CIC AntÃ´nio Prado, Cooprado, Sindipe e Sindicato dos Trabalhadores Agricultores Familiares de AntÃ´nio Prado. ""Queremos atrair para AntÃ´nio Prado novas tecnologias, soluÃ§Ãµes inovadoras para as rotinas do campo e fomentar boas prÃ¡ticas que impulsionem as nossas agroindÃºstrias e, tambÃ©m, a agricultura familiar"", explica o prefeito, Roberto JosÃ© Dalle Molle.

Confira no site da Prefeitura de AntÃ´nio Prado e tambÃ©m no site antonioprado.tur.br todas as informaÃ§Ãµes.",,80
Antonio Prado,RS,Post,2022-08-18 13:23:57,prefeituradeantonioprado,"PROJETO APARECIDA NÃ“S POR NÃ“S
 
A Escola Municipal de Ensino Fundamental Nossa Senhora Aparecida estÃ¡ desenvolvendo O Projeto Aparecida NÃ³s por NÃ³s que teve inÃ­cio no mÃªs de abril de 2022 e se estenderÃ¡ atÃ© dezembro de 2022 abrangendo desde a EducaÃ§Ã£o Infantil atÃ© a EJA com algumas atividades voltadas as famÃ­lias dos alunos.
As aÃ§Ãµes programadas sÃ£o: musicalizaÃ§Ã£o, yoga, iniciaÃ§Ã£o esportiva, palestras, oficinas de conhecimento, oficinas de danÃ§a, oficinas de rima, oficinas de grafite, oficinas de pajada, oficinas de DJ, rodas de conversa, gravaÃ§Ã£o de videoclipes, criaÃ§Ã£o de rap, mostra cultural e para finalizar o projeto teremos um tratado de paz juntamente com as famÃ­lias.
O objetivo deste projeto Ã© implementar aÃ§Ãµes formativas, esportivas e de arte- educaÃ§Ã£o junto aos alunos e familiares da escola atravÃ©s de atividades lÃºdicas e de integraÃ§Ã£o.
Todas as oficinas tÃªm um propÃ³sito educativo, interativo e lÃºdico:
A musicalizaÃ§Ã£o favorece o desenvolvimento da sensibilidade, da criatividade, do senso rÃ­tmico, do prazer de ouvir mÃºsica, da imaginaÃ§Ã£o, memÃ³ria, concentraÃ§Ã£o, atenÃ§Ã£o.
CrianÃ§as que praticam yoga tÃªm aumento na concentraÃ§Ã£o, relaxamento, maior flexibilidade, equilÃ­brio fÃ­sico e mental.
A iniciaÃ§Ã£o esportiva Ã© o perÃ­odo em que a crianÃ§a inicia a prÃ¡tica regular de um esporte e Ã© orientada para vÃ¡rias modalidades esportivas.
Chiquinho Divilas, Rap e Educador Social, estÃ¡ desenvolvendo diversas oficinas com o intuito de aproximar essas crianÃ§as e jovens oferecendo uma oportunidade de experiÃªncia com arte, numa linguagem que jÃ¡ Ã© reconhecida pela juventude, ampliando o repertÃ³rio atravÃ©s do hip-hop, a arte em espaÃ§os de conflitos tem um papel fundamental para contrariar as estatÃ­sticas da violÃªncia.",,14
Antonio Prado,RS,Post,2022-08-17 20:03:46,prefeituradeantonioprado,"Boletim informativo do dia 17.08.22 sobre a situaÃ§Ã£o global dos casos atendidos pela rede municipal de saÃºde em decorrÃªncia da pandemia do COVID-19 (coronavÃ­rus), em AntÃ´nio Prado.",,5
Antonio Prado,RS,Post,2022-08-17 12:03:01,prefeituradeantonioprado,"PREGÃƒO PRESENCIAL NÂº 049/2022 OBJETO: contrataÃ§Ã£o de prestaÃ§Ã£o de serviÃ§os de instrutores habilitados para atuarem em oficinas educativas, repetiÃ§Ã£o do PregÃ£o Presencial nÂº 040/2022. DATA DE ABERTURA: 22 de agosto de 2022, Ã s 09h. MODALIDADE: PregÃ£o Presencial. Tipo: â€œMenor PreÃ§o por Loteâ€.",,4
Antonio Prado,RS,Comentario,2022-08-17 12:03:12,prefeituradeantonioprado,,"Para maiores informaÃ§Ãµes e edital completo, acesse nosso site, na aba licitaÃ§Ãµes.https://www.antonioprado.rs.gov.br/portal.php?pagina=licitacoes_editais",
Antonio Prado,RS,Post,2022-08-16 21:23:30,prefeituradeantonioprado,"Secretaria de AssistÃªncia Social e Cidadania forma turma de Cuidadores de Idosos!

Ao todo, 20 pessoas concluÃ­ram o curso oferecido pela AdministraÃ§Ã£o PÃºblica Municipal e o SENAC.

A Secretaria de AssistÃªncia Social e Cidadania promoveu nesta terÃ§a-feira (16) mais uma formatura de curso profissionalizante. Ao todo, 20 pessoas concluÃ­ram o Curso de Cuidados com Pessoas Idosas com duraÃ§Ã£o de 20 horas. A atividade realizada no CRAS - Centro de ReferÃªncia de AssistÃªncia Social Dorvalino Afonso de Nale foi promovida pela Prefeitura de AntÃ´nio Prado por meio da Secretaria de AssistÃªncia Social e Cidadania em parceria com SENAC - ServiÃ§o Nacional de Aprendizagem Comercial.
Participaram da formatura o Prefeito Roberto JosÃ© Dalle Molle; a SecretÃ¡ria de AssistÃªncia Social e Cidadania, Priscila Salamon; o representante do SENAC, Marco AurÃ©lio Xavier; a professora e enfermeira responsÃ¡vel por ministrar o curso, Carine Piassa; o Vereador Giovani Fiorese. 
Na ocasiÃ£o, a professora destacou que ainda antes do tÃ©rmino das aulas, um dos alunos chegou a receber convite de trabalho na Ã¡rea. â€œDesse curso saÃ­ram Ã³timos cuidadores de idosos, tenho certeza que serÃ£o profissionais exemplaresâ€, avalia Carine. A professora parabenizou o Executivo por oferecer de forma gratuita o curso: â€œNÃ£o sÃ£o todas as Prefeituras que oferecem cursos tÃ£o bons, fico feliz que a comunidade aproveitou a oportunidadeâ€.
A SecretÃ¡ria agradeceu a disponibilidade do SENAC e a dedicaÃ§Ã£o dos alunos em aprender. â€œEsse curso faz a diferenÃ§a na vida das pessoas, nÃ£o apenas no lado profissional, mas na vida, no dia a dia de cada umâ€, conclui Priscila, colocando a Secretaria e o CRAS Ã  disposiÃ§Ã£o da comunidade pradense.
De acordo com o Prefeito, hÃ¡ mercado de trabalho para os novos profissionais, jÃ¡ que hÃ¡ tendÃªncia do envelhecimento da populaÃ§Ã£o, nÃ£o apenas do MunicÃ­pio, mas em todo o paÃ­s. â€œO Poder PÃºblico agradece a equipe da Secretaria, do SENAC e especialmente de todos os alunos que participaram dessa atividade, ficamos muito felizes em poder colaborar com o crescimento profissional e pessoal de cada um e saibam que podem contar com o Executivo Municipalâ€, afirma Roberto JosÃ© Dalle Molle.",,46
Antonio Prado,RS,Post,2022-08-16 20:27:55,prefeituradeantonioprado,CHAMADA PÃšBLICA NÂº 004/2022 OBJETO: prestaÃ§Ã£o de serviÃ§o de fisioterapia em consultÃ³rio prÃ³prio para atendimento aos usuÃ¡rios do Sistema Ãšnico de SaÃºde â€“ SUS. DATA DE INÃCIO DE CREDENCIAMENTO: 19 de agosto de 2022. PRAZO PARA APRESENTAÃ‡ÃƒO DE IMPUGAÃ‡ÃƒO: 11 a 18 de agosto de 2022.,,21
Antonio Prado,RS,Comentario,2022-08-16 20:28:05,prefeituradeantonioprado,,"Para maiores informaÃ§Ãµes e edital completo, acesse nosso site, na aba licitaÃ§Ãµes.
https://www.antonioprado.rs.gov.br/portal.php?pagina=licitacoes_editais",
Antonio Prado,RS,Post,2022-08-16 14:37:22,prefeituradeantonioprado,"PREGÃƒO PRESENCIAL NÂº 048/2022
OBJETO: fornecimento de produtos MÃ©dico Hospitalares para atender Ã s necessidades da Rede Municipal de SaÃºde
DATA DE ABERTURA: 17 de agosto de 2022, Ã s 09h. 
MODALIDADE: PregÃ£o Presencial. Tipo: â€œMenor PreÃ§o por Loteâ€.",,6
Antonio Prado,RS,Comentario,2022-08-16 14:37:31,prefeituradeantonioprado,,"Para maiores informaÃ§Ãµes e edital completo, acesse nosso site, na aba licitaÃ§Ãµes.
https://www.antonioprado.rs.gov.br/portal.php?pagina=licitacoes_editais",
Antonio Prado,RS,Post,2022-08-16 13:57:51,prefeituradeantonioprado,"CHAMADA PÃšBLICA NÂº 003/2022 
OBJETO: fornecimento de gÃªneros alimentÃ­cios diretamente da Agricultura Familiar e do Empreendedor Familiar Rural.
DATA PARA ENVIO DE PROJETO DE VENDA: 11 a 30 de agosto de 2022. 
PRAZO PARA APRESENTAÃ‡ÃƒO DE IMPUGAÃ‡ÃƒO: 03 a 10 de agosto de 2022.",,5
Antonio Prado,RS,Comentario,2022-08-16 13:58:00,prefeituradeantonioprado,,"Para maiores informaÃ§Ãµes e edital completo, acesse nosso site, na aba licitaÃ§Ãµes.
https://www.antonioprado.rs.gov.br/portal.php?pagina=licitacoes_editais",
Antonio Prado,RS,Post,2022-08-16 12:39:03,prefeituradeantonioprado,"Coordenadoria da Mulher oferece oficina gratuita de Costura e CrochÃª 

Atividade Ã© realizada nas segundas e sextas-feiras, a partir das 13h30, no Posto de DoaÃ§Ãµes 
Com o objetivo de ampliar as oportunidades de renda das famÃ­lias pradenses, a Prefeitura por meio da Secretaria de AssistÃªncia Social e Cidadania deu inÃ­cio a Oficina de Costura e CrochÃª. A atividade Ã© realizada pela Coordenadoria da Mulher nas segundas e sextas-feiras, das 13h30 Ã s 17h30, no Posto de DoaÃ§Ãµes localizado no Bairro Aparecida. A oficina Ã© ministrada pela coordenadora Daniela Perini.
As oficinas oferecidas sÃ£o gratuitas e os materiais utilizados nas aulas sÃ£o disponibilizados pela Secretaria e por doaÃ§Ãµes da comunidade. Atualmente, oito mulheres de diferentes idades participam das aulas. â€œBuscamos a valorizaÃ§Ã£o das mulheres, inserir no mercado profissionais qualificadas e preparadas para empreender, nosso compromisso Ã© incentivar o protagonismo e a autonomia das mulheres pradenses. As participantes tÃªm demonstrado muita habilidade, a cada aula Ã© possÃ­vel ver a evoluÃ§Ã£o delasâ€, comemora Daniela.
Interessados em participar da atividade podem ir diretamente no Posto de DoaÃ§Ãµes fazer a inscriÃ§Ã£o. Mais informaÃ§Ãµes podem ser obtidas na Coordenadoria da Mulher pelo telefone (54) 3293-4091. 
Confira a matÃ©ria completa no site.",,39
Antonio Prado,RS,Post,2022-08-15 21:57:06,prefeituradeantonioprado,"Live Cultural amanhÃ£ â€“ Viva o Talian
20 horas
Pelo Facebook e canal do Youtube- Live Cultural Viva o Talian
Link nos comentÃ¡rios.",,14
Antonio Prado,RS,Comentario,2022-08-15 21:57:48,prefeituradeantonioprado,,"Youtube - https://www.youtube.com/channel/UCzJ1fI61pw8Y5JFddO1DN8g
Facebook - https://www.facebook.com/livevivaotalian",
Antonio Prado,RS,Post,2022-08-15 16:41:04,prefeituradeantonioprado,"Mais de 200 pradenses ainda nÃ£o retiraram o cartÃ£o do Devolve ICMS 
BenefÃ­cio Ã© destinado a inscritos no CadÃšnico; CartÃ£o deve ser retirado no Banrisul
Ao todo, 331 pradenses tÃªm direito a receber parte do ICMS â€“ sigla que identifica o Imposto sobre OperaÃ§Ãµes relativas Ã  CirculaÃ§Ã£o de Mercadorias e sobre PrestaÃ§Ãµes de ServiÃ§os de Transporte Interestadual e Intermunicipal e de ComunicaÃ§Ã£o â€“ por meio do Devolve ICMS, programa do Governo Estadual. 
No entanto, 213 pessoas ainda nÃ£o retiraram o cartÃ£o para usar o benefÃ­cio. O levantamento foi realizado pela Secretaria de AssistÃªncia Social e Cidadania nesta sexta-feira (12). A devoluÃ§Ã£o Ã© de R$ 400,00 por ano, paga em quatro parcelas anuais de R$ 100,00. No mÃªs de julho foi depositada a terceira parcela do benefÃ­cio.
Confira a matÃ©ria completa no site da Prefeitura.",,6
Antonio Prado,RS,Post,2022-08-15 14:41:18,prefeituradeantonioprado,"COMITIVA DE ITALIANOS VISITA ANTÃ”NIO PRADO

Na manhÃ£ de sexta-feira, 12/08, a Prefeitura de AntÃ´nio Prado recebeu a visita de dois casais de italianos da famÃ­lia FAVARON, provenientes do Comune de Martellago, ProvÃ­ncia de Veneza, que vieram para o encontro da famÃ­lia na Linha Gomercindo. Na oportunidade os visitantes foram recebidos pelo Prefeito Roberto JosÃ© Dalle Molle e pelo Vice-prefeito Elias Zulian. Diversos assuntos sobre a tradiÃ§Ã£o italiana presente em nosso municÃ­pio foram abordados, bem como o nosso dialeto, o â€œtalianâ€. TambÃ©m foi apresentado o vÃ­deo turÃ­stico que retrata as belezas e tradiÃ§Ãµes pradenses. Ao final os visitantes entregaram uma homenagem do ""Sindaco"" (Prefeito) de Martellago, Andra Saccarola, saudando o Prefeito Roberto bem como todas as famÃ­lias que aqui chegaram. O evento encerrou-se com a troca de flÃ¢mulas com os brasÃµes das respectivas cidades e artesanato local.",,29
Antonio Prado,RS,Post,2022-08-15 14:04:23,prefeituradeantonioprado,"Feira do Livro 2022 anuncia o Patrono 
Cristiano da Silva Barbosa serÃ¡ o patrono da 19Âª ediÃ§Ã£o da Feira do Livro de AntÃ´nio Prado, que volta a acontecer depois de 2 anos. Escritor, professor e tradicionalista, Cristiano atua na Ã¡rea da Cultura regional e folclore hÃ¡ mais de 20 anos. Possui seis livros publicados: 
- Tropeirismo Biriva, HistÃ³ria, canto e danÃ§a; 2016.
- Bailar GaÃºcho â€“ Entre a TÃ©cnica e o Sentir; 2017.
Valsas e Valsados de Antigamente; com Toni Sidi Pereira, 2017.
- Nossas Lendas, de pai para filho, 2018. 
- Ensaios do Povo GaÃºcho, festas, bailes, costumes e religiosidade; 2020.
- Paese Nuovo, 30 anos; 2021.
E estÃ¡ para lanÃ§ar o livro: ""Meia Canha, uma histÃ³ria alÃ©m dos salÃµes e Minhas Viagens, 33 crÃ´nicas escolhidas"";
Casado com Andrezza Scopel Forlin que Ã© companheira tambÃ©m na realizaÃ§Ã£o de projetos culturais, e pais do Pedro que tambÃ©m ajudou na criaÃ§Ã£o do livro Nossas Lendas, de pai pra filho.
A 19 Feira do Livro de AntÃ´nio Prado acontecerÃ¡ de 7 a 11 de Novembro, no Centro HistÃ³rico de AntÃ´nio Prado e terÃ¡ como tema: Cultivando a leitura, preservando nossas culturas.",,31
Antonio Prado,RS,Post,2022-08-14 16:38:06,prefeituradeantonioprado,Feliz dia dos pais 2022!,,21
Antonio Prado,RS,Post,2022-08-12 20:54:45,prefeituradeantonioprado,"Na tarde desta sexta-feira, 12/08 o Prefeito Roberto JosÃ© Dalle Mole esteve visitando a Escola Municipal JoÃ£o XXIII. Na oportunidade ele conversou com a direÃ§Ã£o sobre futuras aÃ§Ãµes para a escola. TambÃ©m o Prefeito aproveitou para acompanhar as futuras aÃ§Ãµes que serÃ£o realizadas na cancha da mesma, bem como visitou salas de aulas e espaÃ§os de aprendizado para as crianÃ§as.",,109
Antonio Prado,RS,Comentario,2022-08-14 02:29:29,terezinhacarra,,âœ¨ğŸ‘ğŸ‘ğŸ‘ğŸ‘ğŸ‘,
Antonio Prado,RS,Comentario,2022-08-14 20:01:20,personalcamilazulian,,ParabÃ©ns ğŸ‘ğŸ»ğŸ‘ğŸ»,
Antonio Prado,RS,Comentario,2022-08-13 23:38:58,edna.carra,,ParabÃ©nsğŸ‘ğŸ‘ğŸ‘ğŸ¥³ğŸ¥³ğŸ¥³,
Antonio Prado,RS,Comentario,2022-08-13 01:13:20,clarice_simm,,ğŸ‘ğŸ‘ğŸ‘ğŸ‘ğŸ‘,
Antonio Prado,RS,Comentario,2022-08-14 16:18:18,zulian_zelia,,â¤ParabÃ©ns pela escola.â¤,
Antonio Prado,RS,Comentario,2022-08-13 06:19:37,andreza.xavier.5220,,@camiidemelo,
Antonio Prado,RS,Post,2022-08-12 20:02:21,prefeituradeantonioprado,"ATENÃ‡ÃƒO!!!

AMPLIAÃ‡ÃƒO DA VACINAÃ‡ÃƒO DOSE DE 2Âº REFORÃ‡O (DOSE 4) PARA
PESSOAS DE 18 A 39 ANOS COM COMORBIDADES

- Dose 1 e Dose 2
	CrianÃ§as de 3 a 11 anos (necessita agendamento prÃ©vio), adolescentes (de 12 a 17 anos) e adultos (acima de 18 anos).

- 3Âª Dose (ReforÃ§o) 
	Adolescentes (de 12 a 17 anos), adultos (acima de 18 anos) e adultos acima de 18 anos com duas doses de Janssen.

- 4Âª Dose (2Âº ReforÃ§o â€“ R2) 
	Adulto de 18 a 39 anos com comorbidades, adultos acima de 40 anos e Profissionais da SaÃºde.

  As doses de reforÃ§o devem ser aplicadas com intervalo mÃ­nimo de 4 meses apÃ³s a aplicaÃ§Ã£o da Dose 2 ou ReforÃ§o.

	Neste sÃ¡bado, 13 de agosto, a UBS Centro estarÃ¡ aplicando vacinas da:
- Campanha de MultivacinaÃ§Ã£o para crianÃ§as e adolescentes menores de 15 anos;
- Vacina da Polio (gotinha) para crianÃ§as de 1 ano a menores de 5 anos;
- Vacina da Influenza
- Vacina da Covid-19.

HorÃ¡rio das 08hs Ã s 12hs",,2
Antonio Prado,RS,Post,2022-08-12 16:34:18,prefeituradeantonioprado,"Secretaria de ComÃ©rcio e Turismo realiza reuniÃµes para formataÃ§Ã£o de novos roteiros turÃ­sticos em AntÃ´nio Prado

Nos dias 10 e 11 de agosto, no EspaÃ§o Cultura, a Secretaria de ComÃ©rcio e Turismo de AntÃ´nio Prado realizou as primeiras reuniÃµes de planejamento dos novos roteiros urbano e rural do municÃ­pio. Na ocasiÃ£o estiveram presentes proprietÃ¡rios de casas tombadas, proprietÃ¡rios de terrenos rurais, de empreendimentos turÃ­sticos e interessados em investir no turismo.
O Prefeito, Roberto JosÃ© Dalle Molle deu as boas-vindas aos participantes destacando a importÃ¢ncia do turismo e seu potencial econÃ´mico e social. Na sequÃªncia a SecretÃ¡ria PatrÃ­cia Schenkel apresentou a iniciativa e a proposta foi conduzida pelos consultores do SEBRAE, Gladis Pipi e Vlademir Roman.
AlÃ©m de ressaltar a importÃ¢ncia da organizaÃ§Ã£o de um roteiro, foram elencados vÃ¡rios pontos que tornam os estabelecimentos mais atrativos e bem avaliados pelo pÃºblico, possibilitando o sucesso do empreendimento.
O projeto Ã© uma aÃ§Ã£o da Secretaria de ComÃ©rcio e Turismo para fortalecer e profissionalizar o turismo local, fomentando o fluxo de visitantes e criando possibilidades para aumento da renda do municÃ­pio.",,29
Antonio Prado,RS,Post,2022-08-11 23:48:17,prefeituradeantonioprado,"Na noite desta quinta-feira, aconteceu a segunda reuniÃ£o para apresentaÃ§Ã£o dos planos e pacotes de instalaÃ§Ã£o da internet em propriedades rurais. O encontro aconteceu na capela SÃ£o Paulo Gomercindo e moradores da capela Santo AntÃ´nio tambÃ©m estiveram presentes. Na oportunidade o Prefeito Roberto JosÃ© Dalle Molle deu as boas vindas a todos e tambÃ©m convidou os presentes para a 1Âª Feira de Hortigranjeiros, apresentando o vÃ­deo de divulgaÃ§Ã£o da mesma. O Prefeito destaca a importÃ¢ncia da internet para todo interior, que Ã© fundamental, pois a comunicaÃ§Ã£o melhora como um todo, bem como para as indÃºstrias presentes nas Ã¡reas rurais de AntÃ´nio Prado. O SecretÃ¡rio de Agricultura, Meio Ambiente e Desenvolvimento Industrial Gilmar Pontel esteve presente na noite.",,21
Antonio Prado,RS,Post,2022-08-11 18:26:32,prefeituradeantonioprado,"Ãndice de AtualizaÃ§Ã£o Cadastral da AssistÃªncia Social de AntÃ´nio Prado supera o Ã­ndice Nacional
Na tarde desta quarta-feira (10) foi realizado o encontro mensal do Conselho Municipal de AssistÃªncia Social na sala de reuniÃµes da Secretaria de AssistÃªncia Social e Cidadania. Participaram do encontro Priscila Salamon, SecretÃ¡ria Secretaria de AssistÃªncia Social e Cidadania; Cleusa Pastore, presidente do Conselho Municipal de AssistÃªncia Social; AngÃ©lica Pelizzaro e Simone Damin, da Secretaria de AssistÃªncia Social e Cidadania; Carla Fantin, SecretÃ¡ria da Fazenda; Carla Pinheiro, da Secretaria de EducaÃ§Ã£o, Cultura e Desporto; Daniela Perini, Coordenadora da Mulher; Eleia Carra, da APAE â€“ AssociaÃ§Ã£o de Pais e Amigos dos Excepcionais; Sueli Carlesso, da ComissÃ£o Assistencial Projeto Conviver; Elaine Chiarello, da Emater/Ascar; Marines Grazziotin, do Lions Clube de AntÃ´nio Prado; Maria Ercilia Colossi, da Coordenadoria do Clube de MÃ£es; Isolda Pezzi, da Patre â€“ AssociaÃ§Ã£o de Apoio dos Pacientes com CÃ¢ncer. 
A SecretÃ¡ria apresentou o relatÃ³rio das atividades da pasta, destacando o Ã­ndice de Acompanhamento da AtualizaÃ§Ã£o Cadastral em que a mÃ©dia Nacional Ã© de 83,29 e o MunicÃ­pio obteve 86,59, ou seja, valor trÃªs pontos superior Ã  mÃ©dia do paÃ­s. De acordo com Priscila, o resultado foi alcanÃ§ado atravÃ©s do trabalho em conjunto dos servidores da pasta. â€œO resultado Ã© fruto da dedicaÃ§Ã£o e do trabalho Ã¡rduo dos servidores que tÃªm se empenhado em atualizar os cadastrosâ€, afirma a gestora.
A SecretÃ¡ria tambÃ©m comemorou a reduÃ§Ã£o de famÃ­lias inscritas no programa AuxÃ­lio Brasil, antigo Bolsa FamÃ­lia. No mÃªs de fevereiro eram 300 famÃ­lias recebendo o benefÃ­cio, em julho o nÃºmero caiu para 271. Conforme a gestora, a reduÃ§Ã£o no nÃºmero de inscritos Ã© consequÃªncia das polÃ­ticas pÃºblicas que buscam promover a qualificaÃ§Ã£o profissional e a autonomia dos indivÃ­duos. â€œOs nÃºmeros provam que a equipe vem realizando um bom trabalho e estamos no caminho certoâ€, avalia Priscila.
Confira a matÃ©ria completa no site.",,17
Antonio Prado,RS,Post,2022-08-11 14:30:58,prefeituradeantonioprado,"Entrega de doaÃ§Ã£o da Campanha â€œSolidariedade, uma ideia que nÃ£o envelheceâ€

Na manhÃ£ desta quinta-feira, 11/08, foram entregue doaÃ§Ãµes da campanha de denominada â€œSolidariedade, uma ideia que nÃ£o envelheceâ€. A aÃ§Ã£o foi uma realizaÃ§Ã£o da Cooprado, Sicredi e da Escola JoÃ£o XXIII, onde foram arrecadadas fraldas geriÃ¡tricas e produtos de higiene pessoal. Os donativos foram entregues na sede da Cooperativa Agroindustrial Pradense, e foram destinados Ã  Secretaria de SaÃºde, Secretaria de AssistÃªncia Social e Cidadania ParÃ³quia Sagrado CoraÃ§Ã£o de Jesus e ao Hospital SÃ£o JosÃ©. A SecretÃ¡ria Jordana da Sec. SaÃºde e a SecretÃ¡ria Priscila da Sec, AssistÃªncia e Cidadania estiveram no ato recebendo as doaÃ§Ãµes e destacaram a importÃ¢ncia dessa aÃ§Ã£o a toda comunidade pradense atendida pelas mesmas.",,21
Antonio Prado,RS,Post,2022-08-10 20:57:46,prefeituradeantonioprado,"Na tarde desta quarta-feira, 10 de agosto, o Prefeito Roberto JosÃ© Dalle Mole visitou a Escola Municipal de EducaÃ§Ã£o Infantil CrianÃ§a Feliz, a Escola Municipal de EducaÃ§Ã£o Infantil Casa de NazarÃ©. Nas visitas o Prefeito conversou com a direÃ§Ã£o que conduz o local de aprendizado, tambÃ©m conversou com funcionÃ¡rios sobre o andamento do ensino. Diversos assuntos foram levantados como partes estruturais das escolas, bem como o cardÃ¡pio alimentar das crianÃ§as e demais assuntos. Na ocasiÃ£o o Prefeito Roberto circulou pelas Escolas visitando as salas de aula e espaÃ§os de lazer, e destaca que â€œTemos que manter as escolas bem equipas e preparadas, pois sÃ£o a base de toda aprendizagem.â€",,74
Antonio Prado,RS,Post,2022-08-10 20:17:32,prefeituradeantonioprado,"Boletim informativo do dia 10.08.22 sobre a situaÃ§Ã£o global dos casos atendidos pela rede municipal de saÃºde em decorrÃªncia da pandemia do COVID-19 (coronavÃ­rus), em AntÃ´nio Prado.",,3
Antonio Prado,RS,Post,2022-08-10 19:45:29,prefeituradeantonioprado,"â€œPode me ajudar a conseguir um trabalhoâ€, diz jovem sobre curso gratuito oferecido pela Secretaria de AssistÃªncia Social e Cidadania 

Mais uma etapa do Curso de Cuidados com Pessoas Idosas foi realizada no CRAS - Centro de ReferÃªncia de AssistÃªncia Social Dorvalino Afonso de Nale, na terÃ§a-feira (09). O curso Ã© promovido pela Prefeitura de AntÃ´nio Prado por meio da Secretaria de AssistÃªncia Social e Cidadania em parceria com SENAC - ServiÃ§o Nacional de Aprendizagem Comercial.
Foram abordados diversos assuntos, entre eles, a sÃ­ndrome do pÃ´r do sol, higiene da pessoa idosa e sinais e cuidados com o AVC - Acidente Vascular Cerebral. Na ocasiÃ£o, os alunos puderam compartilhar experiÃªncias e sanar dÃºvidas com a enfermeira e professora do SENAC, Carine Piassa. â€œEsse curso vale muito a pena fazer, aqui aprendemos que os idosos precisam de carinho e atenÃ§Ã£o especialâ€, afirma Beatriz Borges da Silva, 39 anos.
JÃ¡ a aluna Ana Luiza dos Santos, 19 anos, viu a oportunidade de ingressar no mercado de trabalho atravÃ©s do treinamento. â€œPode me ajudar a conseguir um trabalho na Ã¡rea, jÃ¡ que aqui no municÃ­pio a demanda de cuidadores Ã© grande, alÃ©m de me ajudar a lidar melhor com um familiar que possui alzheimerâ€, comenta a jovem.
Segundo a professora, Ã© importante que os cuidadores busquem valorizar o que as pessoas idosas conseguem fazer e que os incentivem a praticar novas atividades. â€œSugerir atividades simples como jogos que estimulem a memÃ³ria e o raciocÃ­nio, passear no jardim ou praticar algum hobby, melhoram a qualidade de vida na terceira idadeâ€, explica Carine.",,34
Antonio Prado,RS,Post,2022-08-10 17:02:21,prefeituradeantonioprado,"Processo Seletivo 002/2022
Vagas para estagiÃ¡rios:
Cursando AdministraÃ§Ã£o de Empresas;
Cursando Engenharia Civil;
Cursando Direito;
Cursando CiÃªncias ContÃ¡beis ou CiÃªncias EconÃ³micas;
Cursando Arquitetura e Urbanismo;
Cursando Turismo/RelaÃ§Ãµes PÃºblicas/Marketing/Publicidade Propaganda/GestÃ£o de Eventos;
Cursando Pedagogia;
Cursando Engenharia Ambiental/Agronomia;
Cursando ServiÃ§o Social;
Mais informaÃ§Ãµes no site da Prefeitura ou pelo fone (54)3293-5600",,40
Antonio Prado,RS,Comentario,2022-08-11 14:41:06,prefeituradeantonioprado,,https://www.antonioprado.rs.gov.br/portal.php?pagina=secao&id=7,
Antonio Prado,RS,Post,2022-08-10 14:00:52,prefeituradeantonioprado,"Conselho Municipal dos Direitos dos Idosos realiza encontro mensal 

Grupo realizou um balanÃ§o com as Ãºltimas atividades e alinhou as prÃ³ximas aÃ§Ãµes.
O Conselho Municipal dos Direitos dos Idosos realizou nesta segunda-feira (08) a sua reuniÃ£o mensal. O encontro ocorreu na Secretaria de AssistÃªncia Social e Cidadania e contou com a presenÃ§a da SecretÃ¡ria Priscila Salamon; Sadi Macagnan, Presidente do Conselho; Sueli Carlesso, Vice-presidente do Conselho; AngÃ©lica Pelizzaro e Adriana Sotoriva, da Secretaria de AssistÃªncia Social e Cidadania; Karina Castilhos, da Secretaria de SaÃºde; Rozecler Bezutti e Clarice Soares da Secretaria de AdministraÃ§Ã£o.
Na ocasiÃ£o, foram apresentadas diversas demandas, entre elas, os preparativos para o Concurso da Rainha Regional da Terceira Idade que vai ocorrer no dia 16 de outubro, no municÃ­pio. TambÃ©m foi realizado um balanÃ§o com as Ãºltimas atividades do grupo e alinhadas as prÃ³ximas aÃ§Ãµes.
â€œO Conselho Municipal dos Direitos dos Idosos cumpre uma funÃ§Ã£o estratÃ©gica na sociedade civil, tendo em vista que luta para garantir os direitos de uma parcela significativa da populaÃ§Ã£o do nosso municÃ­pio. Os membros sÃ£o dedicados e buscam a prevenÃ§Ã£o, promoÃ§Ã£o e proteÃ§Ã£o das pessoas idosas em todos os momentosâ€, afirma Priscila.",,25
Antonio Prado,RS,Post,2022-08-10 13:38:03,prefeituradeantonioprado,"Na noite de 08 de agosto de 2022 o Grupo Luz e Cena apresentou a peÃ§a""FamÃ­lia Gentil"", no CTG Cancela do Imigrante. A aÃ§Ã£o foi promovida pelo Programa UniÃ£o Faz a Vida - SICREDI RS/MG em parceria com a Secretaria Municipal de AntÃ´nio Prado para as Escolas que aderiram ao Programa no municÃ­pio. O prefeito Roberto JosÃ© Dalle Molle,  Elmir Toazza - Conselheiro de AdministraÃ§Ã£o do SICREDI,  Catiana Golin Visentin representante da AdministraÃ§Ã£o do SICREDI e a Maria Isabel Silveira Furtado Coordenadora PedagÃ³gica da Secretaria da EducaÃ§Ã£o, Cultura e Desporto recepcionaram os convidados.",,13
Antonio Prado,RS,Post,2022-08-09 16:56:05,prefeituradeantonioprado,"EspetÃ¡culo para alunos de escolas 

No dia 05 de agosto foi apresentado, em diferentes horÃ¡rios, para alunos dos quartos e quintos de AntÃ´nio Prado o espetÃ¡culo infantil: â€œAyÃª, a rÃ£ de trÃªs olhosâ€, produzido pela Cia Municipal de Teatro arte in Cena, de CotiporÃ£. Trouxe uma divertida histÃ³ria, com inspiraÃ§Ã£o no livro: â€œA rÃ£ de trÃªs olhosâ€ de Olga de Dios, sendo uma verdadeira aventura, que visa desacomodar, refletindo sobre a funÃ§Ã£o de cada um em relaÃ§Ã£o Ã  preservaÃ§Ã£o do meio ambiente.
Esta foi uma produÃ§Ã£o cultural do Instituto Humaniza, patrocÃ­nio da Ceran - Cia EnergÃ©tica Rio das Antas, apoio da Secretaria Municipal de EducaÃ§Ã£o, Cultura e Desporto, realizaÃ§Ã£o da Secretaria Especial da Cultura, MinistÃ©rio do Turismo, Governo Federal.",,14
Antonio Prado,RS,Post,2022-08-09 14:25:03,prefeituradeantonioprado,"ReuniÃ£o com COREDE
A pauta da reuniÃ£o foi a Consulta Popular 2022

Na Universidade de Caxias do Sul, foi realizado o encontro para a AssemblÃ©ia Regional Inicial da Consulta Popular 2022, onde diversos municÃ­pios da regiÃ£o AMESNE se encontraram para debater o tema.
Foi apresentado um passo a passo da consulta, bem como as definiÃ§Ãµes do nÃºmero de propostas, limite de categorias (Ã¡reas) e tambÃ©m da ConstituiÃ§Ã£o da ComissÃ£o Regional da Consulta Popular. A SecretÃ¡ria de AdministraÃ§Ã£o Claucia Donazzolo esteve presente no encontro.",,15
Antonio Prado,RS,Post,2022-08-08 22:00:33,prefeituradeantonioprado,"A Prefeitura de AntÃ´nio Prado apresenta as expectativas do Programa Conecta Rural, que tem como objetivo colocar cabos de internet fibra Ã³ptica a todas as comunidades.",,28
Antonio Prado,RS,Post,2022-08-08 20:20:00,prefeituradeantonioprado,"Cresol doa alimentos a Secretaria de AssistÃªncia Social e Cidadania 

Alimentos arrecadados serÃ£o doados as famÃ­lias em situaÃ§Ã£o de vulnerabilidade social.

No Ãºltimo dia 29 de julho a Secretaria de AssistÃªncia Social e Cidadania recebeu da Cooperativa de Cresol a doÃ§Ã£o de mais de 30kg de alimentos nÃ£o perecÃ­veis. Participaram da entrega Priscila Salamon, secretÃ¡ria de AssistÃªncia Social e Cidadania, Mariele Fantin, gerente da agÃªncia da Cresol e Sabrina de Farias, colaboradora da cooperativa. 
Os alimentos foram arrecadados pela cooperativa em campanha de alimentos em homenagem ao Dia C â€“ Dia de Cooperar, com postos de coleta em mercados da cidade, alÃ©m da agÃªncia do Cresol. Cada quilo de alimento doado pela comunidade, a instituiÃ§Ã£o doava mais um quilo. 
Segundo a secretÃ¡ria, os alimentos serÃ£o agregados as cestas bÃ¡sicas que a pasta oferece as famÃ­lias em situaÃ§Ã£o de vulnerabilidade social. â€œEssa campanha mostra o quanto a comunidade pradense Ã© solidÃ¡ria e as empresas sÃ£o parceiras do Poder PÃºblicoâ€, avalia Priscila.",,27
Antonio Prado,RS,Post,2022-08-08 17:32:50,prefeituradeantonioprado,"Secretaria de AssistÃªncia Social e Cidadania promove curso gratuito de cuidados com pessoas idosas

CapacitaÃ§Ã£o Ã© oferecida em parceria com o SENAC
Nesta sexta-feira (5) ocorreu o segundo dia do Curso de Cuidados com Pessoas Idosas no CRAS - Centro de ReferÃªncia de AssistÃªncia Social Dorvalino Afonso de Nale. O curso Ã© promovido pela Prefeitura de AntÃ´nio Prado por meio da Secretaria de AssistÃªncia Social e Cidadania em parceria com SENAC - ServiÃ§o Nacional de Aprendizagem Comercial.
Entre os assuntos abordados nesta etapa do curso, estÃ£o a saÃºde mental e mobilidade mental. Conforme Carine Piassa, professora do SENAC, conhecer os desafios dos idosos Ã© importante e saber como lidar, Ã© importante para a vida. â€œTemos pessoas idosas em nossas famÃ­lias, saber auxiliar Ã© importante no dia a diaâ€, afirma Carine.
Segundo Priscila Salamon, SecretÃ¡ria de AssistÃªncia Social e Cidadania, a atividade faz parte do cronograma da pasta e atende ao objetivo da Secretaria em oferecer a comunidade pradense qualificaÃ§Ã£o profissional e autonomia. â€œO curso de cuidados com pessoas idosas Ã© mais que uma possibilidade para o mercado de trabalho, Ã© um ato de amor com as pessoas que estÃ£o ao nosso redorâ€, comenta a secretÃ¡ria.
No curso os alunos aprendem sobre cuidados com a pessoa idosa, no que diz respeito ao seu bem-estar, fatores a higiene, conforto, entretenimento, alimentaÃ§Ã£o, mobilidade e saÃºde, de modo a zelar por sua integridade fÃ­sica, emocional e social. 
Com a qualificaÃ§Ã£o, serÃ¡ possÃ­vel auxiliar na promoÃ§Ã£o do envelhecimento saudÃ¡vel, considerando as diferenÃ§as nos processos de velhice. Desta forma, o aluno poderÃ¡, apÃ³s concluir o curso, atuar contribuindo para um menor comprometimento funcional, preservando e valorizando a Ã©tica, a convivÃªncia social e familiar, bem como a independÃªncia e autonomia do idoso.",,24
Antonio Prado,RS,Comentario,2022-08-08 21:01:09,noelicamatti,,ğŸ‘ğŸ‘ğŸ‘ğŸ‘,
Antonio Prado,RS,Post,2022-08-08 13:59:21,prefeituradeantonioprado,"Campanha Nacional de VacinaÃ§Ã£o contra a Poliomielite e MultivacinaÃ§Ã£o para atualizaÃ§Ã£o da caderneta de vacinaÃ§Ã£o da crianÃ§a e adolescente.

ATENÃ‡ÃƒO !!!

PerÃ­odo: 08 de agosto a 09 de setembro

Para quem: crianÃ§as e adolescentes atÃ© 15 anos devem atualizar a caderneta de vacinas.

As crianÃ§as menores de 1 a 5 anos devem receber a gotinha. Por isso, mesmo com a carteirinha em dia, devem comparecer a UBS.

Dias e horÃ¡rio: Segunda-feira Ã  Sexta-feira
Local: UBS Centro, Aparecida e Planalto
HorÃ¡rio: 8h Ã s 11h45min e 13h30min Ã s 17h15min
Nas quartas-feiras: UBS Centro atÃ© as 18h30min

DIA D â€“ 13/08 â€“ SÃBADO â€“
UBS Centro 8h Ã s 12h

DIA D â€“ 20/08 â€“ SÃBADO â€“
UBS Centro e Aparecida 8h Ã s 16h",,4
Antonio Prado,RS,Post,2022-08-05 14:24:04,prefeituradeantonioprado,"AVISO DE LICITAÃ‡ÃƒO- TOMADA DE PREÃ‡OS NÂº 008/2022 
OBJETO: execuÃ§Ã£o de reforma da Unidade BÃ¡sica de SaÃºde â€“ UBS Centro, repetiÃ§Ã£o da Tomada de PreÃ§os nÂº 006/2022. 
DATA DE ABERTURA: 16 de agosto de 2022, Ã s 14h. 
MODALIDADE: Tomada de PreÃ§os. Tipo: â€œMenor PreÃ§o Globalâ€.",,2
Antonio Prado,RS,Comentario,2022-08-05 14:24:17,prefeituradeantonioprado,,"Para maiores informaÃ§Ãµes e edital completo, acesse nosso site, na aba licitaÃ§Ãµes.
https://www.antonioprado.rs.gov.br/portal.php?pagina=licitacoes_editais",
Antonio Prado,RS,Post,2022-08-05 13:50:36,prefeituradeantonioprado,"REUNIÃƒO CONECTA RURAL

Na noite de quinta-feira, 04/08 aconteceu a primeira reuniÃ£o com moradores do interior para apresentaÃ§Ã£o dos planos de internet da empresa para as comunidades onde diversas dÃºvidas foram sanadas. O encontro aconteceu na capela SÃ£o JosÃ©, onde reuniu moradores da mesma e tambÃ©m das capelas Nossa Senhora da SaÃºde Linha Silva e SÃ£o Valentin. O Prefeito Roberto JosÃ© Dalle Molle deu as boas vindas e ressaltou a importÃ¢ncia do Programa Conecta Rural, para que todo nosso interior esteja conectado. O SecretÃ¡rio de Agricultura, Meio Ambiente e Desenvolvimento Industrial Gilmar Pontel acompanhou a reuniÃ£o.",,17
Antonio Prado,RS,Post,2022-08-05 12:38:07,prefeituradeantonioprado,"AVISO DE LICITAÃ‡ÃƒO - PREGÃƒO PRESENCIAL NÂº 046/2022 

OBJETO: fornecimento de materiais elÃ©tricos para manutenÃ§Ã£o da iluminaÃ§Ã£o pÃºblica e para utilizaÃ§Ã£o nos trabalhos da Prefeitura Municipal. 
DATA DE ABERTURA: 10 de agosto de 2022, Ã s 09h. 
MODALIDADE: PregÃ£o Presencial. Tipo: â€œMenor PreÃ§o por Loteâ€.",,2
Antonio Prado,RS,Comentario,2022-08-05 12:38:16,prefeituradeantonioprado,,"Para maiores informaÃ§Ãµes e edital completo, acesse nosso site, na aba licitaÃ§Ãµes.
https://www.antonioprado.rs.gov.br/portal.php?pagina=licitacoes_editais",
Antonio Prado,RS,Post,2022-08-05 00:22:57,prefeituradeantonioprado,"Na tarde desta quinta-feira, 04/08 aconteceu a abertura do Posto de SaÃºde em Santana. O Prefeito Roberto JosÃ© Dalle Molle e o Vice-Prefeito Elias Zulian estiveram na comunidade para acompanhar o resultado final da reforma. TambÃ©m, acompanhados da SecretÃ¡ria de SaÃºde Jordana Serafim, conheceram todas as salas de atendimentos, bem como a farmÃ¡cia. O pedido de regularizaÃ§Ã£o para o Conselho Regional de FarmÃ¡cias do Rio Grande do Sul estÃ¡ protocolado. Lembramos que os atendimento sÃ£o todas as quintas-feiras Ã  tarde.
Agendamento de consultas atravÃ©s do telefone 3293.4147 (UBS Planalto).",,98
Antonio Prado,RS,Comentario,2022-08-05 00:37:41,adrianaplachi,,ğŸ‘ğŸ‘ğŸ‘ğŸ‘,
Antonio Prado,RS,Comentario,2022-08-05 01:06:02,suelen_miglioranza,,ğŸ‘ğŸ‘ğŸ‘ğŸ‘,
Antonio Prado,RS,Comentario,2022-08-05 00:33:57,mcbnanny195563,,"Maravilha, aquela Comunidade merece.ğŸ‘ğŸ‘ğŸ‘",
Antonio Prado,RS,Comentario,2022-08-05 01:32:57,caiocosta9110,,Muito bom!! ğŸ‘ğŸ¼ğŸ‘ğŸ¼,
Antonio Prado,RS,Post,2022-08-04 17:12:04,prefeituradeantonioprado,"Grupo Bem Gestar - para gestantes
A Secretaria Municipal de SaÃºde juntamente com sua equipe convida vocÃª, gestante e famÃ­lia, para tirar dÃºvidas, e dividir experiÃªncias sobre este momento tÃ£o especial de sua vida.
Local: UBS CENTRO â€“ 3Âº andar
Hora: 19 horas
Quando: quintas-feiras
CRONOGRAMA
1Â° encontro: 11/08/22 â€“ MÃ©dica Pediatra Camila Mondadori 
2Â° encontro: 18/08/22 â€“ MÃ©dico Ginecologista Obstetra Wagner Homero
3Â°encontro: 25/08/22 â€“Enfermeira â€“ cuidados/banho com o bebe e orientaÃ§Ã£o sobre vacinaÃ§Ã£o, realizaÃ§Ã£o de testes rÃ¡pidos e aplicaÃ§Ã£o de vacinas
4Â° encontro: 01/09/22 â€“ VisitaÃ§Ã£o ao Hospital SÃ£o JosÃ© â€“ maternidade
5Âº encontro: 08/09/22 â€“ Dentista Carolina e Nutricionista Ã‰rica 
Participe, este momento Ã© especial e importante...",,9
Antonio Prado,RS,Post,2022-08-04 14:24:50,prefeituradeantonioprado,"CONHEÃ‡A OS GANHADORES DO MÃŠS DE JULHO:
Nota Fiscal GaÃºcha: Marcia da Silva Pinto
Nota Fiscal Legal: Enio Anghinoni",,17
Antonio Prado,RS,Post,2022-08-03 22:03:02,prefeituradeantonioprado,"Na tarde desta quarta-feira, 03/08 o Vice-Prefeito E lias Zulian esteve visitando a Escola Municipal Aparecida. Na ocasiÃ£o acompanhou a execuÃ§Ã£o da obra de pavimentaÃ§Ã£o que esta acontecendo na escola, bem como escutou as demandas pertinentes do local de ensino. Seguindo as visitas, o Prefeito Roberto JosÃ© Dalle Molle, acompanhado do Vice Elias, visitaram o Centro Municipal de Eventos, onde analisaram as futuras reformas no pÃ³rtico de entrada dos pavilhÃµes. TambÃ©m acompanharam a obra de pavimentaÃ§Ã£o, que servirÃ¡ como estacionamento de estacionamento para os eventos e para a melhor ocupaÃ§Ã£o pela populaÃ§Ã£o.",,60
Antonio Prado,RS,Comentario,2022-08-04 10:06:43,profjuliopassos,,ğŸ‘ğŸ‘ğŸ‘ğŸ‘ğŸ‘ğŸ‘,
Antonio Prado,RS,Post,2022-08-03 20:19:25,prefeituradeantonioprado,"Boletim informativo do dia 03.08.22 sobre a situaÃ§Ã£o global dos casos atendidos pela rede municipal de saÃºde em decorrÃªncia da pandemia do COVID-19 (coronavÃ­rus), em AntÃ´nio Prado.",,3
Antonio Prado,RS,Post,2022-08-02 20:55:45,prefeituradeantonioprado,"ATENÃ‡ÃƒO PARA TRÃ‚NSITO INTERROMPIDO

Devido a obras de manutenÃ§Ã£o do calÃ§amento na Avenida dos Imigrantes entre a PraÃ§a Garibaldi e a Igreja Matriz, o trecho estarÃ¡ trancado para o trÃ¢nsito de veÃ­culos com previsÃ£o de liberaÃ§Ã£o na prÃ³xima sexta-feira.
Estamos trabalhando para melhorar a qualidade das ruas e avenidas de nossa cidade.",,32
Antonio Prado,RS,Post,2022-08-02 20:12:45,prefeituradeantonioprado,"Visitas Ã  Prefeitura pradense 

Na manhÃ£ de segunda-feira, 1Âº de agosto, o Prefeito Roberto JosÃ© Dalle Molle e o Vice-Prefeito Elias Zulian receberam o Presidente da CÃ¢mara de Dirigentes Logistas de AntÃ´nio Prado Luis Anselmo Ziliotto, para a entrega dos convites oficiais para a 40Âª Noite Italiana que acontece nos dias 20 e 27 deste mÃªs. Na parte da tarde o Prefeito recebeu membros do Coral Vozes do Prado para entrega do convite do espetÃ¡culo â€œNel Bastimentoâ€, que retrata a histÃ³ria de um grupo de italianos que empreendem em viagem rumo â€œal Brasileâ€, que acontecerÃ¡ no dia 19 de agosto, Ã s 20 horas no auditÃ³rio da Escola IrmÃ£o Irineu.
Na manhÃ£ de hoje o Vice-Prefeito Elias recebeu o Governador do Distrito 4700 do Rotary Club Antoninho ScottÃ¡, na ocasiÃ£o membros da diretoria do Rotary Club AntÃ´nio Prado estiveram presentes para receber a vista do Governador.",,31
Antonio Prado,RS,Post,2022-08-02 18:47:11,prefeituradeantonioprado,"Entrega de alimentos 

Na tarde desta terÃ§a-feira, 02/08 o Diretor do Departamento de Esportes Rudimar Comparin, realizou a entrega dos alimentos arrecadados na final do Campeonato Municipal de Inverno. Os alimentos foram entregues para a Comunidade TerapÃªutica Cristo Rei - PATRE.",,13
Antonio Prado,RS,Post,2022-08-02 18:11:41,prefeituradeantonioprado,"InÃ­cio do Curso

Na tarde desta terÃ§a-feira, 02/08 o Vice-Prefeito Elias Zulian, realizou a abertura do Curso de Cuidados para Idosos. O Curso esta acontecendo no CRAS Dorvalino Afonso De Nale e os alunos iniciaram as aulas que serÃ£o divididas em cinco dias. E estÃ¡ sendo realizado pela Secretaria de AssistÃªncia Social e Cidadania e serÃ¡ ministrado pela SENAC, a Secretaria de AssistÃªncia Social e Cidadania Priscila Salamon e a Assistente Social AngÃ©lica Pelizzaro tambÃ©m estiveram presentes na abertura. Na abertura o Vice- Prefeito Elias enfatizou a importÃ¢ncia deste curso nÃ£o sÃ³ como experiÃªncia profissional mas de vida para os participantes.",,25
Antonio Prado,RS,Post,2022-08-02 11:27:17,prefeituradeantonioprado,"Final do Campeonato de Invernoâš½ï¸

Na noite de sexta-feira, 29/07, aconteceu Ã  final do Campeonato de Inverno. Foram 4 semanas de competiÃ§Ã£o, onde os jogos aconteceram no GinÃ¡sio de Esporte LourenÃ§o Golin.
Em terceiro lugar a equipe Dallas FC marcou 6 gols e venceu a equipe SÃ£o JoÃ£o que marcou 4 gols . O time campeÃ£o foi a Multiprado venceu a equipe Lavagem Patrolinha  de 6 gols contra 3 do segundo colocado.
3Âº Lugar
Dallas FC
2Âº Lugar
Lavagem Patrolinha 
1Âº Lugar
Multiprado
Goleiro menos vazado:  Andrey Chiarello â€“ Multiprado
Artilheiro: Pedro Susin - Multiprado
O Prefeito Roberto JosÃ© Dalle Molle, o Vice-Prefeito Elias Zulian realizaram entrega do prÃªmio ao vencedor. A SecretÃ¡ria de EducaÃ§Ã£o, Cultura e Desporto Adriana Sartori e o Diretor do Departamento de Desporto Rudimar Comparin estiveram presentes no evento.",,27
Antonio Prado,RS,Post,2022-07-29 18:06:33,prefeituradeantonioprado,"PROCESSO SELETIVO SIMPLIFICADO IBGE
Prazo de inscriÃ§Ãµes PRORROGADO atÃ© 03/08/2022

Cargo: RECENSEADOR",,4
Antonio Prado,RS,Post,2022-07-29 16:28:44,prefeituradeantonioprado,"Aberta as inscriÃ§Ãµes para o ServiÃ§o de ConveniÃªncia e Fortalecimento de VÃ­nculos- Adolescente 

O ServiÃ§o de ConvivÃªncia e Fortalecimento de VÃ­nculos â€“ SCFV objetiva promover a convivÃªncia, a formaÃ§Ã£o para a participaÃ§Ã£o e cidadania, o desenvolvimento do protagonismo e da autonomia, a partir dos interesses, das demandas e das potencialidades dos usuÃ¡rios.
OcorrerÃ¡ duas vezes na semana, com duraÃ§Ã£o de 2h cada aula.
Durante os meses de agosto a dezembro de 2022, no turno da tarde.
PÃºblico Alvo: Adolescentes de 13 a 17 anos beneficiÃ¡rios de programas sociais; cadastrados no Cadastro Ãšnico.
OFICINA DE FORMAÃ‡ÃƒO HUMANA E CIDADÃƒ E QUALIFICAÃ‡ÃƒO PROFISSIONAL â€“ atividades desenvolvidas por psicÃ³logos profissionais, das Ã¡reas de atuaÃ§Ã£o das oficinas, e visitas a entidades. Trabalho envolvendo rodas de conversa, buscando o desenvolvimento pessoal dos participantes.
TÃ³picos das aulas:
SerÃ£o ministradas aulas de qualificaÃ§Ã£o profissional visando a inserÃ§Ã£o no mercado de trabalho, sendo elas:
- Ã¡rea Administrativa (secretariado);
- Ã¡rea de Marketing (Propaganda e Marketing Pessoal);
- Ã¡rea Comercial (Atendimento ao Cliente e TÃ©cnicas de Vendas);
- Ã¡rea de ProduÃ§Ã£o (LogÃ­stica e Cadeia de Suprimentos);
- Ã¡rea do RH e Departamento Pessoal (BÃ¡sico em Departamento Pessoal);
- Ã¡rea Financeira (Contabilidade BÃ¡sica); e
- Plano de NegÃ³cios.
InscriÃ§Ãµes no CRAS
Para mais informaÃ§Ãµes:
3293-4249",,7
Antonio Prado,RS,Post,2022-07-28 20:49:28,prefeituradeantonioprado,Confira o 7Âª ganhador do Programa Nota Legal da Prefeitura de AntÃ´nio Prado!,,59
Antonio Prado,RS,Comentario,2022-07-29 01:17:44,natimanera,,ğŸ‘ğŸ‘ğŸ‘,
Antonio Prado,RS,Comentario,2022-07-28 23:13:24,lmscopel,,ğŸ‘ğŸ‘ğŸ‘ğŸ‘,
Antonio Prado,RS,Comentario,2022-07-28 22:05:49,jaynetondello,,ğŸ‘ğŸ‘,
Antonio Prado,RS,Comentario,2022-07-29 12:21:35,dani.manera,,ğŸ‘ğŸ‘ğŸ‘,
Antonio Prado,RS,Post,2022-07-28 19:32:23,prefeituradeantonioprado,"Aviso de licitaÃ§Ã£o

ğŸ“Œ Confira as licitaÃ§Ãµes que acontecem em AntÃ´nio Prado

Acesse nosso site, na aba licitaÃ§Ãµes.

 

Link no primeiro comentÃ¡rio.",,4
Antonio Prado,RS,Comentario,2022-07-28 19:32:33,prefeituradeantonioprado,,https://www.antonioprado.rs.gov.br/portal.php?pagina=licitacoes_editais,
Antonio Prado,RS,Post,2022-07-28 17:07:40,prefeituradeantonioprado,"O maravilhoso show de variedades da famÃ­lia gentil!

O Programa A UniÃ£o Faz a Vida em parceria com a Secretaria Municipal de EducaÃ§Ã£o convida a todos para este momento especial para celebrar o mÃªs de famÃ­lia.
O MARAVILHOSO SHOW DE VARIEDADES DA FAMÃLIA GENTIL
08/08/2022
AntÃ´nio Prado
HorÃ¡rio: 19h
Local: CTG Cancela do Imigrante
Traga a sua famÃ­lia e vamos juntos celebrar a vida.",,7
Antonio Prado,RS,Post,2022-07-28 14:43:17,prefeituradeantonioprado,"O IBGE abre nesta quinta-feira dia 28 de julho inscriÃ§Ãµes complementares  para vaga de recenseador nas cidades de AntÃ´nio Prado, Flores da Cunha, IpÃª e SÃ£o Marcos.
As inscriÃ§Ãµes sÃ£o gratuitas, e irÃ£o se encerrar no dia 01 de agosto  na segunda-feira . A remuneraÃ§Ã£o serÃ¡ calculada por produÃ§Ã£o,  e por setor censitÃ¡rio , com jornada de trabalho recomendada de 25 horas semanais , alÃ©m da participaÃ§Ã£o obrigatÃ³ria de um treinamento de 5 dias.  A previsÃ£o de trabalho Ã© de atÃ© 3 meses, podendo ser prorrogada. Os interessados poderÃ£o entrar em contato diretamente nos postos do IBGE dos respectivos municÃ­pios. Para mais informaÃ§Ãµes entre em contato pelo telefone  54 98165-0417.
EndereÃ§os e telefones:
*Flores da Cunha*: Rua Alexandre Pedron, 2850 - (54)99621-3963 - JanaÃ­na
*AntÃ´nio Prado*: Rua do Lupi, 245 - (54)99714-6428 - Carolina
*IpÃª*: Rua Frei Casimiro Zaffonato, 509 - (54)99615-4750 - FabÃ­ola
*SÃ£o Marcos*: Rua Doutor AristÃ³teles da Rosa, 133 - (54)99170-4760 - Eduardo",,17
Antonio Prado,RS,Post,2022-07-28 00:17:17,prefeituradeantonioprado,"Na tarde desta quarta-feira o Prefeito Roberto JosÃ© Dalle Molle vistoriou as obras de troca de tubulaÃ§Ã£o na Gruta Natural, PavimentaÃ§Ã£o asfÃ¡ltica das Estradas da Linha 21 de Abril e Linha 30. Essas obras tem grande importÃ¢ncia para o escoamento da produÃ§Ã£o, e tambÃ©m para a populaÃ§Ã£o pradense que utiliza as vias, tanto urbanas quando rurais, para trÃ¡fego diÃ¡rio.",,79
Antonio Prado,RS,Comentario,2022-07-28 00:43:30,henriquesottoriva,,ğŸ‘ğŸ¼ğŸ‘ğŸ¼ğŸ‘ğŸ¼ğŸ™ŒğŸ¼ğŸ™ŒğŸ¼ğŸ™ŒğŸ¼,
Antonio Prado,RS,Comentario,2022-07-28 00:33:35,mcbnanny195563,,Muito bommmmmğŸ˜,
Antonio Prado,RS,Comentario,2022-07-28 00:41:54,aparecidaschiochet,,Com ele estÃ¡ dando certo ğŸ‘ğŸ‘ğŸ‘,
Antonio Prado,RS,Comentario,2022-07-28 02:21:57,mvchini,,Progresso sempre!!!ğŸ‘ğŸ‘ğŸ‘,
Antonio Prado,RS,Comentario,2022-07-28 09:49:37,patricia.schenkel.3,,ğŸ‘ğŸ‘ğŸ‘ğŸ‘,
Antonio Prado,RS,Comentario,2022-07-28 00:22:53,girotto_rosane,,Tomara que faÃ§am calÃ§amento na quele pedaco de estrada de chÃ£o da estrada velha que liga ipÃª a Antonio Prado,
Antonio Prado,RS,Comentario,2022-07-28 00:41:18,tatiane.aromaseluz,,ğŸ‘ muito bom!!!,
Antonio Prado,RS,Comentario,2022-07-28 01:55:03,marlovazulian,,Muito progresso! ğŸ‘ğŸ‘ğŸ‘ğŸ‘,
