Arcos,MG,Post,2022-09-20 11:55:33,prefeituradearcos,"ATUALIZE A SUA VACINA CONTRA A COVID-19. PROTEJA-SE!
N√ÉO DEIXE DE SE VACINAR!
#Sa√∫de",,83
Arcos,MG,Comentario,2022-09-20 12:05:21,mudodaniel,,Bom dia. Pessoas acima de 30 anos j√° podem tomar a 4a dose essa semana?,
Arcos,MG,Comentario,2022-09-20 12:05:35,adriana_ata_tur,,@dra.suelicarvalho,
Arcos,MG,Comentario,2022-09-20 12:15:28,edivania1085,,Acima de 30 anos j√° pode tomar h√° 4dose?,
Arcos,MG,Comentario,2022-09-20 12:42:30,keuren_h,,"12 anos pra cima que me informaram,isso √© importante colocar na publica√ß√£o para ajudar os pais!",
Arcos,MG,Comentario,2022-09-20 12:49:24,claudiacristeixeira,,Crian√ßa de 3 anos chegaram a primeira dose?,
Arcos,MG,Comentario,2022-09-20 13:15:27,marinagersony_makeup_hair,,"Bom dia, acima de 20 anos pode ir tomar a 4¬™ dose?",
Arcos,MG,Comentario,2022-09-20 14:12:28,sabriinasousaoficial,,Ac,
Arcos,MG,Comentario,2022-09-20 14:26:53,renatarleao,,A 4¬∞ dose estar√° liberada a partir de qual idade?,
Arcos,MG,Comentario,2022-09-20 17:23:25,ocadatapyocadelivery,,A partir de que idade pode tomar a 4 dose da vacina?,
Arcos,MG,Comentario,2022-09-20 18:13:08,deborascampos07,,Posso levar minha filha de 3 anos para a primeira dose? Gestantes acima de 30 anos j√° podem tomar a 4¬∞ dose?,
Arcos,MG,Post,2022-09-15 15:28:14,prefeituradearcos,"A Prefeitura de Arcos, por meio da Secretaria Municipal de Educa√ß√£o e Secretaria Municipal de Integra√ß√£o Social, emitiu convite direcionado a toda popula√ß√£o, para que participe de uma s√©rie de atividades integrante da Semana Municipal da Educa√ß√£o Inclusiva. Palestras, apresenta√ß√µes art√≠sticas, exposi√ß√µes e conta√ß√µes de hist√≥rias dar√£o o tom de um evento preparado com muito carinho e esmero.",,49
Arcos,MG,Comentario,2022-09-16 11:25:10,cristiano.portto,,üëèüëèüëèüëèüëè,
Arcos,MG,Post,2022-09-12 15:08:24,prefeituradearcos,"VACINA√á√ÉO COVID-19
REPESCAGEM PARA CRIAN√áAS
Importante se atentar para local, data e hor√°rio.
#Sa√∫de",,27
Arcos,MG,Post,2022-09-12 15:06:58,prefeituradearcos,"VACINA√á√ÉO COVID-19
REPESCAGEM
Importante se atentar para local, data e hor√°rio.
#Sa√∫de",,80
Arcos,MG,Comentario,2022-09-12 17:07:11,s.calinedefatima,,Nunca vai mudar as idades para tomar a Vacina?,
Arcos,MG,Comentario,2022-09-12 17:44:34,casousa2014,,Quando vai ser para a idade de 30 a 39 anos?,
Arcos,MG,Comentario,2022-09-12 18:30:40,normaneudora,,E os efeitos adversos continuam...,
Arcos,MG,Comentario,2022-09-13 12:35:01,suharedes,,@pedroindinho_  @maria_pvdd01,
Arcos,MG,Post,2022-09-12 11:17:56,prefeituradearcos,"Boletim Semanal da Sa√∫de
Gravado em 09 de setembro de 2022
#Homenagem no desfile de 07/09 aos profissionais de sa√∫de do munic√≠pio.
#Carreta da Oftalmologia.
#Entrega de √≥culos.",,20
Arcos,MG,Comentario,2022-09-15 11:38:22,helena_francisco2019,,"Foram fazer incri√ß√µes no postinho de sa√∫de e disseram que n√£o faz n√£o pq j√° acabou a inscri√ß√£o, n√£o entendo essa sa√∫de de arcos ....ningu√©m merece!",
Arcos,MG,Post,2022-09-08 12:34:28,prefeituradearcos,"Aten√ß√£o: Entrega de √≥culos (sexta-feira, 09/09, de 09h √†s 16h, na Casa de Cultura), para quem consultou na Carreta Oftalmol√≥gica, entre os dias 04 e 08 de julho de 2022.
#Sa√∫de
#Secretaria Municipal de Sa√∫de
#Arcos/MG",,106
Arcos,MG,Comentario,2022-09-08 14:41:37,seleanaalmeida,,A carreta vai voltar de novo para Arcos,
Arcos,MG,Comentario,2022-09-09 01:19:01,sdeandradeferreira,,"E consulta oftalmol√≥gica, quando  teremos????",
Arcos,MG,Comentario,2022-09-11 10:10:18,helena_francisco2019,,Fiquei sabendo que dia 12 ter√° a carreta novamente! Procede? Por favor nos d√™ mais informa√ß√µes! Obrigado!,
Arcos,MG,Post,2022-09-06 19:31:36,prefeituradearcos,"Boletim Semanal da Sa√∫de!
Gravado em 02/09/2022
#Inaugura√ß√£o da nova sede da 
UBS Floresta.
#Agosto Dourado. 
Incentivo ao aleitamento materno.",,29
Arcos,MG,Post,2022-09-02 17:44:25,prefeituradearcos,"Vacina√ß√£o Covid-19. 
Aten√ß√£o para p√∫blico a ser vacinado no dia 08 de setembro de 2022.",,98
Arcos,MG,Comentario,2022-09-02 19:04:09,rivaniarenata,,@tatianabraga90  olha ai,
Arcos,MG,Comentario,2022-09-02 21:11:31,claudiacristeixeira,,E o restante das crian√ßas de 3 anos que ainda nao receberam a primeira dose da vacina pq so tinha 40 doses?,
Arcos,MG,Comentario,2022-09-05 01:05:17,marli.aparecidafranco,,"Preciso tomar a 4 dose, que dia ser√°!",
Arcos,MG,Comentario,2022-09-08 14:39:09,lehribeiro1,,Quando ser√° de 30 anos,
Arcos,MG,Post,2022-09-02 17:28:31,prefeituradearcos,Eldorado vence a final do 'Campeonato de Futsal de Bairros'. Veja mat√©ria pelo link: https://www.arcos.mg.gov.br/noticia/eldorado-vence-a-final-do-campeonato-de-futsal-de-bairros,,80
Arcos,MG,Post,2022-09-01 10:58:42,prefeituradearcos,"No pr√≥ximo s√°bado (03) n√£o haver√° Feira do Produtor, devido √† pintura do espa√ßo.
O expediente normal da Feira volta na quarta-feira (07), com atra√ß√µes especiais do 1¬∫ Festival da Independ√™ncia. Est√° programado shows com o grupo Tambores de A√ßo (da Funda√ß√£o CSN) e Guto do Pagode (Al√©m do Samba), a partir das 16h.",,80
Arcos,MG,Comentario,2022-09-01 11:46:43,patriciaalves.fernandes,,"Gostaria de saber , o que devo fazer para adquirir uma espa√ßo na feira.",
Arcos,MG,Post,2022-08-31 11:24:06,prefeituradearcos,"1¬∫ Festival da Independ√™ncia - Arcos/MG
Desfile c√≠vico e apresenta√ß√µes art√≠sticas.
N√£o perca!
Uma realiza√ß√£o da Prefeitura de Arcos, por meio da Secretaria Municipal de Educa√ß√£o e Secretaria Municipal de Cultura, Esportes, Lazer e Turismo.",,520
Arcos,MG,Comentario,2022-08-31 14:57:24,messiascr,,@dannysouza9948,
Arcos,MG,Comentario,2022-08-31 19:09:37,wollyverjonathan,,@amandamoreira_unhas,
Arcos,MG,Comentario,2022-08-31 23:45:37,oirogger,,@prefeituradearcos quando vai voltar a campanha de vacina√ß√£o contra a COVID? 4¬™ dose pra menos de 40 anos????,
Arcos,MG,Comentario,2022-09-01 00:20:33,thales_carvalhoeng,,"Um evento c√≠vico militar com atra√ß√µes de pagode e sertanejo ü§°ü§°ü§°ü§°
Mais uma vez a @prefeituradearcos mostrando sua incompet√™ncia ü§ôüèª",
Arcos,MG,Comentario,2022-09-01 03:42:36,bruna9387silva,,Top üëèüëèüëèüëè,
Arcos,MG,Comentario,2022-09-01 20:38:49,jaqueline_sousa_rocha_,,üëèüëèüëèüëè parab√©ns baiano.,
Arcos,MG,Comentario,2022-09-02 06:55:15,mouraluanamoura,,üëèüëèüëèüëèüëèüòçüòçüòç,
Arcos,MG,Post,2022-08-28 15:21:15,prefeituradearcos,"#prefeituradearrcos
#secretariadesaudedearcos
#psffloresta/pinheiros",,83
Arcos,MG,Post,2022-08-28 14:58:11,prefeituradearcos,"Boletim Semanal da Sa√∫de
Secretaria Municipal de Sa√∫de
26 de agosto de 2022
#Inaugura√ß√£o da nova sede do PSF Floresta/Pinheiros
#Agosto Dourado - Amamenta√ß√£o",,30
Arcos,MG,Comentario,2022-08-28 15:40:50,sergioaugussto,,N√£o entendi!,
Arcos,MG,Comentario,2022-08-30 09:35:16,g.gouvea97,,"Cidade com mais de 30 mil habitantes sem uma UTI , isso √© uma vergonha , isso que d√° √† popula√ß√£o votar sempre nos mesmos incompententes.",
Arcos,MG,Post,2022-08-25 16:29:12,prefeituradearcos,"PARTICIPE DESTE IMPORTANTE EVENTO.
#amamenta√ß√£o 
#gestantes 
#lactantes",,43
Arcos,MG,Comentario,2022-08-26 11:24:00,babycareoficiall,,Grande prazer em estar conversando com as gestantes do Munic√≠pio de Arcos. Estou preparando esse momento com muito amor e carinho. At√© quarta-feira Mam√£es.,
Arcos,MG,Comentario,2022-08-26 12:42:56,laisnayl,,@pollycampos09,
Arcos,MG,Comentario,2022-08-26 16:39:57,paula.martins.96155,,Parab√©ns vc merece!,
Arcos,MG,Post,2022-08-21 18:51:22,prefeituradearcos,"Boletim Semanal da Sa√∫de.
#Campanha de multi-vacina√ß√£o
#N√£o perca",,30
Arcos,MG,Comentario,2022-08-30 09:38:10,g.gouvea97,,"Cidade deveria investir na aten√ß√£o terci√°ria, que est√° jogada, um hospital que falta qualifica√ß√£o no atendimento de urg√™ncia, sem UTI , vergonha",
Arcos,MG,Post,2022-08-08 14:51:57,prefeituradearcos,"Covid-19: Amanh√£ , (08/08) tem REPESCAGEM para as pessoas de 05 a 11 anos ‚úîÔ∏è",,40
Arcos,MG,Post,2022-08-05 21:01:47,prefeituradearcos,A Prefeitura de Arcos compartilha com orgulho mais esta conquista para a nossa gente üèÜ,,82
Arcos,MG,Post,2022-08-04 20:59:19,prefeituradearcos,Repescagem da vacina üíâ,,75
Arcos,MG,Post,2022-08-04 20:52:26,prefeituradearcos,‚ö†Ô∏è IMPORTANTE ‚ö†Ô∏è Os cursos ofertados pelo Munic√≠pio s√£o sempre divulgados nas p√°ginas oficiais da Prefeitura de Arcos.,,43
Arcos,MG,Post,2022-08-03 19:18:50,prefeituradearcos,"O Governo Municipal, por meio da Secretaria de Educa√ß√£o, aderiu ao programa 'Tempo de Aprender' üö∏

A iniciativa premia 100 brasileiros pelas melhores propostas de alfabetiza√ß√£o

üë©‚Äçüíº Lara Naine Rodrigues, que leciona na escola do Esplanada, √© uma das contempladas",,234
Arcos,MG,Post,2022-08-02 21:03:59,prefeituradearcos,As aulas s√£o gratuitas ü©∞ Venha se exercitar!,,197
Arcos,MG,Post,2022-08-02 21:02:30,prefeituradearcos,"Em apenas cinco meses de obra, Creche do Olaria j√° est√° 70% conclu√≠da. A constru√ß√£o impressiona com a celeridade em que vem sendo conclu√≠da e a excel√™ncia do trabalho feito. ‚úîÔ∏è",,177
Arcos,MG,Post,2022-08-02 19:25:31,prefeituradearcos,Aten√ß√£o pais e respons√°veis ‚úîÔ∏èüíâ,,38
Arcos,MG,Post,2022-08-02 16:31:49,prefeituradearcos,Confira o jogos dessa semana do CAMPEONATO DE BAIRROS - Futsal 2022 ‚úîÔ∏è‚öΩÔ∏è,,43
Arcos,MG,Post,2022-08-01 19:32:56,prefeituradearcos,A Prefeitura de Arcos parabeniza os atletas da cidade que obtiveram excelentes resultados na Internacional Chaoyang Estrada Real üö¥üèæ‚úîÔ∏è,,275
Arcos,MG,Post,2022-08-01 17:24:15,prefeituradearcos,"A @avelarsports perguntou: Prefeitura de Arcos, vai querer nossa bagun√ßa ano que vem novamente‚ùì

O prefeito Baiano respondeu: ""Siiiiiiiiim! Sejam bem-vindos a Arcos novamente em 2023 e 2024"" üö¥‚Äç‚ôÇÔ∏è",,217
Arcos,MG,Post,2022-08-01 16:01:26,prefeituradearcos,Boletim semanal da sa√∫de ‚úîÔ∏è,,27
Arcos,MG,Comentario,2022-08-01 20:02:16,cidinha.resende,,üôå,
Arcos,MG,Comentario,2022-08-02 22:55:29,camilafalopes,,Profissional maravilhosa üòçü•∞,
Arcos,MG,Comentario,2022-08-02 23:09:07,barbaralima02,,"@lenaramarielle Excelente profissional e excelente ser humano , foi uma honra trabalhar com voc√™ e √© mais honroso ainda continuar te chamando de amiga.. Parab√©ns e sucesso !",
Arcos,MG,Post,2022-07-31 20:06:40,prefeituradearcos,Quem a√≠ j√° est√° com saudades e ansioso (a) para o pr√≥ximo evento da Prefeitura de Arcos? ‚ù§Ô∏è,,201
Arcos,MG,Post,2022-07-30 21:18:26,prefeituradearcos,Campeonato Internacional Chaoyang Estrada Real em Arcosüî•,,550
Arcos,MG,Post,2022-07-30 19:04:27,prefeituradearcos,"A Prefeitura de Arcos se orgulha em promover um evento t√£o grandioso para o esporte local üö¥‚Äç‚ôÇÔ∏è 

Fica a nossa gratid√£o √† empresa @avelarsports em organizar o campeonato ‚ù§Ô∏è",,309
Arcos,MG,Post,2022-07-29 14:23:43,prefeituradearcos,"Fale, pessoal! 
Quer ganhar um passeio de helic√≥ptero durante a Internacional Chaoyang Estrada Real em Arcos? üî•

Para participar √© simples: marque um (a) amigo (a) nesta publica√ß√£o e diga EU QUERO VOAR COM @avelarsports! e @prefeituradearcos

‚ñ∂Ô∏è E siga os perfis @prefeituradearcos e tamb√©m a @avelarsports 

O resultado aparecer√° nos stories dos perfis acima e o passeio ser√° no S√ÅBADO, partindo do Parque Aqu√°tico Municipal de Arcos (rua Belo Horizonte, 612)

Lembrando que o ganhador precisa se apresentar para a equipe da Avelar Sports no s√°bado, at√© as 14h, pois o passeio ser√° √†s 17h.

Comente quanta vezes quiser! 

BORAAAAAAA!",,272
Arcos,MG,Comentario,2022-07-29 15:02:26,lorena__loloafr,,@renatarosasoares8 eu quero voar com @avelarsports e @prefeituradearcos,
Arcos,MG,Comentario,2022-07-29 15:04:46,lorena__loloafr,,@imaculada.lopes eu quero voar com @avelarsports e @prefeituradearcos,
Arcos,MG,Comentario,2022-07-29 15:03:48,lorena__loloafr,,@michelynayara eu quero voar com @avelarsports e @prefeituradearcos,
Arcos,MG,Comentario,2022-07-29 15:03:35,lorena__loloafr,,@andreialga eu quero voar com @avelarsports e @prefeituradearcos,
Arcos,MG,Comentario,2022-07-29 15:01:31,lorena__loloafr,,@marciaceciliaborges eu quero voar com @avelarsports e @prefeituradearcos,
Arcos,MG,Comentario,2022-07-29 15:03:19,lorena__loloafr,,@marlidosreisneves eu quero voar com @avelarsports e @prefeituradearcos,
Arcos,MG,Comentario,2022-07-29 15:01:57,lorena__loloafr,,@lucianaccparantes eu quero voar com @avelarsports e @prefeituradearcos,
Arcos,MG,Comentario,2022-07-29 15:00:44,lorena__loloafr,,@leandrohcorreiagomes eu quero voar com @avelarsports  e @prefeituradearcos,
Arcos,MG,Comentario,2022-07-29 15:00:29,lorena__loloafr,,@irisalvescg  eu quero voar com @avelarsports e @prefeituradearcos,
Arcos,MG,Comentario,2022-07-29 15:01:05,lorena__loloafr,,@gabicb22 eu quero voar com @avelarsports e @prefeituradearcos,
Arcos,MG,Comentario,2022-07-29 15:03:01,lorena__loloafr,,@hilmararodarte1 eu quero voar com @avelarsports e @prefeituradearcos,
Arcos,MG,Comentario,2022-07-29 15:03:41,jessicaascampos,,@laurag.almeida14  eu quero voar com. @avelarsports  e @prefeituradearcos,
Arcos,MG,Comentario,2022-07-29 14:56:54,rayonemarques,,@joaozinhoarcos,
Arcos,MG,Comentario,2022-07-29 14:54:16,rayonemarques,,@camilaalvespimenta,
Arcos,MG,Comentario,2022-07-29 14:57:14,rayonemarques,,@isabelcristina8413,
Arcos,MG,Comentario,2022-07-29 14:31:48,mirianrodriguesarruda,,@r_lari_,
Arcos,MG,Comentario,2022-07-29 15:14:23,mirianrodriguesarruda,,@elianereginadefariae,
Arcos,MG,Comentario,2022-07-29 14:41:49,mirianrodriguesarruda,,@psicologawalescacampos,
Arcos,MG,Comentario,2022-07-29 14:38:35,mirianrodriguesarruda,,@lu_arcos,
Arcos,MG,Comentario,2022-07-29 14:34:35,mirianrodriguesarruda,,@elianereginadefariae,
Arcos,MG,Comentario,2022-07-29 16:02:03,biancacarlarg,,@samira_karen1 @aliviar_pvd12,
Arcos,MG,Comentario,2022-07-29 14:33:28,mirianrodriguesarruda,,@sheilapetronilho,
Arcos,MG,Comentario,2022-07-29 16:01:43,biancacarlarg,,@thiago_amorim001 @gabriel_henrrique.s,
Arcos,MG,Comentario,2022-07-29 16:01:08,biancacarlarg,,@samuelgoncalves93 @caiosan.dev,
Arcos,MG,Comentario,2022-07-29 16:01:53,biancacarlarg,,@joaoemanuel.seymour @lucasarcos13,
Arcos,MG,Comentario,2022-07-29 15:48:07,dliliolivreira,,@cassia.pedroso.94,
Arcos,MG,Comentario,2022-07-29 15:49:26,fonseca.alessandra,,@_lalaa.reis_  Eu Quero Voar Com @avelarsports  e @prefeituradearcos,
Arcos,MG,Comentario,2022-07-29 14:44:40,renata.neris.988,,@a.renattasilva,
Arcos,MG,Comentario,2022-07-29 16:01:26,biancacarlarg,,@matheusdsamorim @bianka_veloso,
Arcos,MG,Comentario,2022-07-29 15:59:53,biancacarlarg,,@lalaleaoomakeup @daphne_silvaj,
Arcos,MG,Comentario,2022-07-29 16:00:12,biancacarlarg,,@yasmiimluiza_ @a.caetanoo_,
Arcos,MG,Comentario,2022-07-29 16:00:40,biancacarlarg,,@walissonvitorde @gessicahorranaalencar,
Arcos,MG,Comentario,2022-07-29 16:00:30,biancacarlarg,,@_mithpeal @thaiscarvalho_r,
Arcos,MG,Comentario,2022-07-29 14:52:49,jessicaascampos,,@juliana.mg77  eu quero voar com. @avelarsports  e @prefeituradearcos,
Arcos,MG,Comentario,2022-07-29 15:41:49,fabi_bibi2017,,@saulitorodrigues  EU QUERO VOAR  COM @avelarsports  e @prefeituradearcos üëèüëèüëèüôå bora la!!!,
Arcos,MG,Comentario,2022-07-29 14:45:32,mirianrodriguesarruda,,@henrique_t_r,
Arcos,MG,Comentario,2022-07-29 14:40:00,mirianrodriguesarruda,,@leid_rodrigues,
Arcos,MG,Comentario,2022-07-29 14:45:11,gigi_sbraga,,@cauanzinho_baby eu quero voar com @avelarsports e @prefeituradearcos,
Arcos,MG,Comentario,2022-07-29 14:41:40,gra.paixao,,@juniorbiju eu quero voar com @avelarsports e @prefeituradearcos,
Arcos,MG,Comentario,2022-07-29 15:53:42,mariado5509,,@joyceapolinaria_ eu quero voar com @velarsports e @prefeituradearcos,
Arcos,MG,Comentario,2022-07-29 15:52:49,mariado5509,,@lucianaaparecida.s eu quero voar com @avelarsports  e @prefeituradearcos,
Arcos,MG,Comentario,2022-07-29 15:04:35,jessicaascampos,,@lailaalmeida5249  eu quero voar com. @avelarsports  e @prefeituradearcos,
Arcos,MG,Comentario,2022-07-29 14:48:54,jessicaascampos,,@pedrocastromacedo  eu quero voar com @avelarsports  e @prefeituradearcos,
Arcos,MG,Comentario,2022-07-29 15:04:23,jessicaascampos,,@ricardo_269  eu quero voar com. @avelarsports  e @prefeituradearcos,
Arcos,MG,Comentario,2022-07-29 14:52:18,jessicaascampos,,@nancysantosfisio  eu quero voar com. @avelarsports  e @prefeituradearcos,
Arcos,MG,Comentario,2022-07-29 15:18:44,souzasouzake,,@lorena__loloafr EU QUERO VOAR COM @avelarsports e @prefeituradearcos,
Arcos,MG,Comentario,2022-07-29 14:52:33,jessicaascampos,,@kakasouza.10  eu quero voar com. @avelarsports  e @prefeituradearcos,
Arcos,MG,Comentario,2022-07-29 15:51:13,mariado5509,,@anapaulasouza0405 eu quero voar com @velarsports e @prefeituradearcos,
Arcos,MG,Comentario,2022-07-29 14:45:40,aninhasilva,,EU QUERO VOAR COM @helenalopes93,
Arcos,MG,Comentario,2022-07-29 15:38:40,lorenamrp,,@brenoantunesalvess EU QUERO VOAR COM @avelarsports e @prefeituradearcos,
Arcos,MG,Comentario,2022-07-29 15:38:52,lorenamrp,,@cleiton.r.p EU QUERO VOAR COM @avelarsports e @prefeituradearcos,
Arcos,MG,Comentario,2022-07-29 15:07:12,_nandaf_ap,,@janaynna.rosa  Eu quero voar com  @avelarsports  @prefeituradearcos,
Arcos,MG,Comentario,2022-07-29 15:23:30,geraldopereirademoura,,@stephanie.lopes.m eu quero voar com @avelarsports e @prefeituradearcos,
Arcos,MG,Comentario,2022-07-29 14:32:05,eliasfonttes,,Eu quero voar com @avelarsports @jorgeandre94,
Arcos,MG,Comentario,2022-07-29 14:32:58,eliasfonttes,,"Eu quero voar com @avelarsports 
@juliocesar.guimaraes.948",
Arcos,MG,Comentario,2022-07-29 14:45:15,aninhasilva,,EU QUERO VOAR COM @henriquetsilva,
Arcos,MG,Comentario,2022-07-29 14:32:26,eliasfonttes,,Eu quero voar com @avelarsports @isabellajffontes,
Arcos,MG,Comentario,2022-07-29 15:04:47,mmaria.clara,,@llucas.davi EU QUERO VOAR COM @avelarsports e @prefeituradearcos,
Arcos,MG,Comentario,2022-07-29 15:03:10,johnjorge172,,@jaderigorr EU QUERO VOAR COM @avelarsports @prefeituradearcos,
Arcos,MG,Comentario,2022-07-29 15:29:43,alan.1304,,@pessoa_aiala eu quero voar @avelarsports @prefeituradearcos,
Arcos,MG,Comentario,2022-07-29 15:51:42,saravieira0078,,@nataliaromanadacosta eu quero voar com @avelarsports e @prefeituradearcos üòçüòçüòçüëèüëè,
Arcos,MG,Comentario,2022-07-29 14:44:34,gigi_sbraga,,@geiza4145 eu quero voar com @avelarsports e @prefeituradearcos,
Arcos,MG,Comentario,2022-07-29 15:54:39,dliliolivreira,,eu wuero voar com@avelartrasportes@prefeiturade arcos,
Arcos,MG,Comentario,2022-07-29 14:43:46,gigi_sbraga,,@gilvanaspimentel21 eu quero voar com @avelarsports e @prefeituradearcos,
Arcos,MG,Comentario,2022-07-29 14:45:31,gigi_sbraga,,@pequenina_luisa eu quero voar com @avelarsports e @prefeituradearcos,
Arcos,MG,Comentario,2022-07-29 14:45:23,gigi_sbraga,,@pequenino_davi eu quero voar com @avelarsports e @prefeituradearcos,
Arcos,MG,Comentario,2022-07-29 14:45:41,gigi_sbraga,,@bernardospimentel eu quero voar com @avelarsports e @prefeituradearcos,
Arcos,MG,Comentario,2022-07-29 14:44:59,gigi_sbraga,,@gilmaraspimentel eu quero voar com @avelarsports e @prefeituradearcos,
Arcos,MG,Comentario,2022-07-29 14:44:47,gigi_sbraga,,@geiza_rs eu quero voar com @avelarsports e @prefeituradearcos,
Arcos,MG,Comentario,2022-07-29 14:44:19,gigi_sbraga,,@gilvanapimentel eu quero voar com @avelarsports e @prefeituradearcos,
Arcos,MG,Comentario,2022-07-29 14:43:31,gigi_sbraga,,@gilvanasantosp eu quero voar com @avelarsports e @prefeituradearcos,
Arcos,MG,Comentario,2022-07-29 14:44:01,gigi_sbraga,,@gilvanaspimentel eu quero voar com @avelarsports e @prefeituradearcos,
Arcos,MG,Comentario,2022-07-29 14:43:15,gigi_sbraga,,@anna_lbraga eu quero voar com @avelarsports e @prefeituradearcos,
Arcos,MG,Comentario,2022-07-29 14:42:40,gigi_sbraga,,@vitor_ismar eu quero voar com @avelarsports e @prefeituradearcos,
Arcos,MG,Comentario,2022-07-29 14:45:56,gigi_sbraga,,@rofelipe322 eu quero voar com @avelarsports e @prefeituradearcos,
Arcos,MG,Comentario,2022-07-29 15:43:00,shirleiteixeira82,,@kariny.maira_ EU QUERO VOAR COM @avelarsports  e @prefeituradearcos,
Arcos,MG,Comentario,2022-07-29 15:04:25,karinenayarainacio,,@eduardainsilva EU QUERO VOAR COM @prefeituradearcos @avelarsports,
Arcos,MG,Comentario,2022-07-29 15:31:02,railene23,,@flavioanthonysilva  EU QUERO VOAR COM @avelarsports  e @prefeituradearcos,
Arcos,MG,Comentario,2022-07-29 14:54:12,juliocesar.guimaraes.948,,@aguilar_oliveira Eu quero voar com @avelarsports,
Arcos,MG,Comentario,2022-07-29 15:18:31,isaaramoos,,@silvanasilva3214 eu quero voar com @avelarsports e @prefeituradearcos,
Arcos,MG,Comentario,2022-07-29 15:18:26,isaaramoos,,@silvanasilva3214 eu quero voar com @avelarsports e @prefeituradearcos,
Arcos,MG,Comentario,2022-07-29 14:40:07,yasmin_nardy2019,,@clebiananardy . EU QUERO VOAR COM @avelarsports e @prefeituradearcos,
Arcos,MG,Comentario,2022-07-29 14:42:03,yasmin_nardy2019,,@camposnardyglauber . EU QUERO VOAR COM A @avelarsports e a @prefeituradearcos .,
Arcos,MG,Comentario,2022-07-29 14:45:24,aninhasilva,,EU QUERO VOAR COM @giltdias,
Arcos,MG,Comentario,2022-07-29 14:57:00,juliocesark16,,@luhb4 eu quero voar com @avelarsports  e @prefeituradearcos,
Arcos,MG,Comentario,2022-07-29 15:12:00,stephanie.lopes.m,,@imaculada.lopes eu quero voar com @avelarsports e @prefeituradearcos,
Arcos,MG,Comentario,2022-07-29 15:02:33,johnjorge172,,@michell.cesar.5 EU QUERO VOAR COM @avelarsports @prefeituradearcos,
Arcos,MG,Comentario,2022-07-29 14:59:22,johnjorge172,,@marcoos_vinicius12 EU QUERO VOAR COM @avelarsports @prefeituradearcos,
Arcos,MG,Comentario,2022-07-29 15:04:29,johnjorge172,,@helton_rodrigues_damasceno EU QUERO VOAR COM @avelarsports @prefeituradearcos,
Arcos,MG,Comentario,2022-07-29 15:13:48,raquelluizadiniz,,@ioneluizalimadiniz  eu quero voar com @avelarsports @prefeituradearcos,
Arcos,MG,Comentario,2022-07-29 14:38:24,yasmin_nardy2019,,EU QUERO VOAR VOM @avelarsports  e a @prefeituradearcos .,
Arcos,MG,Comentario,2022-07-29 15:55:00,silvano_mtb,,@larissabianca0  Eu QUERO VOAR COM @avelarsports @prefeituradearcos,
Arcos,MG,Comentario,2022-07-29 14:48:53,karina_lramos,,@arlindo6719  EU QUERO VOAR,
Arcos,MG,Comentario,2022-07-29 14:58:17,johnjorge172,,@kru_nathansilva EU QUERO VOAR COM @avelarsports @prefeituradearcos,
Arcos,MG,Comentario,2022-07-29 14:56:30,johnjorge172,,@eweerton_s EU QUERO VOAR COM @prefeituradearcos  @avelarsports,
Arcos,MG,Comentario,2022-07-29 14:32:42,imaculada.lopes,,@stephanie.lopes.m eu que voar com @avelarsports @prefeituradearcos ‚ú®,
Arcos,MG,Comentario,2022-07-29 15:35:32,annakarolynavidal,,@brunoteixeira_13 Eu quero voar com @avelarsports e @prefeituradearcos,
Arcos,MG,Comentario,2022-07-29 15:04:22,irisalvescg,,@anajuliapmiziara_ eu quero voar com @avelarsports e @prefeituradearcos,
Arcos,MG,Comentario,2022-07-29 15:04:29,irisalvescg,,@lorena__loloafr eu quero voar com @avelarsports e @prefeituradearcos,
Arcos,MG,Comentario,2022-07-29 15:03:21,irisalvescg,,@diegolacerdaal eu quero voar com @avelarsports e @prefeituradearcos,
Arcos,MG,Comentario,2022-07-29 16:02:14,gabiiiolivei,,Eu quero voar com @avelarsports e @prefeituradearcos @elisatorres_1,
Arcos,MG,Comentario,2022-07-29 16:02:21,biancacarlarg,,@katrynasilva_cerimonial @katryna_siilva,
Arcos,MG,Comentario,2022-07-29 16:02:21,gabiiiolivei,,Eu quero voar com @avelarsports e @prefeituradearcos @mariaoliviabo,
Arcos,MG,Comentario,2022-07-29 16:02:29,biancacarlarg,,@karen_luiza11 @emanuelle_vitoria_14,
Arcos,MG,Comentario,2022-07-29 16:02:30,gabiiiolivei,,@miguelphillipe2021 Eu quero voar com @avelarsports e @prefeituradearcos,
Arcos,MG,Comentario,2022-07-29 16:02:40,gabiiiolivei,,@fabiolaaoliveiraa Eu quero voar com @avelarsports e @prefeituradearcos,
Arcos,MG,Comentario,2022-07-29 16:02:56,biancacarlarg,,@_londe_ @robertalonde,
Arcos,MG,Comentario,2022-07-29 16:03:29,biancacarlarg,,@pedrocastromacedo @jessicaascampos,
Arcos,MG,Comentario,2022-07-29 16:03:39,biancacarlarg,,@nicole_salgados @gaby_rocha_98,
Arcos,MG,Comentario,2022-07-29 16:04:22,biancacarlarg,,@gabriel_henrrique.s @emilysaradias,
Arcos,MG,Comentario,2022-07-29 16:04:30,biancacarlarg,,@ranya_goncalvs @niele_castro,
Arcos,MG,Comentario,2022-07-29 16:05:01,biancacarlarg,,@andersonpele @valeria_cristinna922,
Arcos,MG,Comentario,2022-07-29 16:05:22,biancacarlarg,,@gabiipereirafotografia @manugabii,
Arcos,MG,Comentario,2022-07-29 16:05:33,biancacarlarg,,@esthermleao @babileaao,
Arcos,MG,Comentario,2022-07-29 16:05:46,biancacarlarg,,@eiiamandadias @izamararodriguess,
Arcos,MG,Comentario,2022-07-29 16:05:59,biancacarlarg,,@rosana.rosanaoliveira @rosangellanik,
Arcos,MG,Comentario,2022-07-29 16:06:43,biancacarlarg,,@josyksouzak @natanaeljone,
Arcos,MG,Comentario,2022-07-29 16:07:35,sebastiao_lou,,@daniell_santanna eu  quero voar com. @avelarsports e @prefeituradearcos,
Arcos,MG,Comentario,2022-07-29 16:09:58,daniell_santanna,,@sebastiao_lou EU QUERO VOAR com @avelarsports e @prefeituradearcos,
Arcos,MG,Comentario,2022-07-29 16:11:42,biancacarlarg,,@brenorosevelt1997 Eu quero voar com @avelarsports e @prefeituradearcos üöÅ,
Arcos,MG,Comentario,2022-07-29 16:13:15,biancacarlarg,,üöÅüöÅüöÅ,
Arcos,MG,Comentario,2022-07-29 16:13:29,carloscardoso.br,,@viniciusv_cardoso eu que quero voar com @avelarsports e @prefeituradearcos,
Arcos,MG,Comentario,2022-07-29 16:15:34,jessicacristeixeira,,@tamaracrisss  eu quero voar com  @avelarsports e @prefeituradearcos,
Arcos,MG,Comentario,2022-07-29 16:17:29,rosangelargg,,@yasmingomid eu quero voar com @avelarsports e @prefeituradearcos,
Arcos,MG,Comentario,2022-07-29 16:17:46,marciaceciliaborges,,@lorena__loloafr eu quero voar com @avelarsports @prefeituradearcos,
Arcos,MG,Comentario,2022-07-29 16:25:10,oportunidadesarcosformigamg,,@sandrapalmeida.s EU QUERO VOAR COM @avelarsports e @prefeituradearcos,
Arcos,MG,Comentario,2022-07-29 16:30:04,marianajfreitas_,,@christian.teixeira.06 eu quero voar com @avelarsports e @prefeituradearcos,
Arcos,MG,Comentario,2022-07-29 16:35:05,stephanie.lopes.m,,@jessicacristeixeira,
Arcos,MG,Comentario,2022-07-29 16:35:17,stephanie.lopes.m,,@judson.teixeira,
Arcos,MG,Comentario,2022-07-29 16:35:27,stephanie.lopes.m,,@18vanessa.teixeira,
Arcos,MG,Comentario,2022-07-29 16:35:44,stephanie.lopes.m,,@geraldopereirademoura,
Arcos,MG,Comentario,2022-07-29 16:36:00,stephanie.lopes.m,,@janaina.melo.2101,
Arcos,MG,Comentario,2022-07-29 16:36:15,stephanie.lopes.m,,@maria.clara.fariia,
Arcos,MG,Comentario,2022-07-29 16:36:24,stephanie.lopes.m,,@acsmmoura,
Arcos,MG,Comentario,2022-07-29 16:36:30,stephanie.lopes.m,,@marlidosreisneves,
Arcos,MG,Comentario,2022-07-29 16:36:48,stephanie.lopes.m,,@lorena__loloafr,
Arcos,MG,Comentario,2022-07-29 16:37:07,stephanie.lopes.m,,@andreialga,
Arcos,MG,Comentario,2022-07-29 16:37:46,stephanie.lopes.m,,@liege_mtb,
Arcos,MG,Comentario,2022-07-29 16:37:58,stephanie.lopes.m,,@livia_carolina_silva,
Arcos,MG,Comentario,2022-07-29 16:38:14,mirianrodriguesarruda,,@a.renattasilva,
Arcos,MG,Comentario,2022-07-29 16:39:03,stephanie.lopes.m,,@eiiamandadias,
Arcos,MG,Comentario,2022-07-29 16:39:05,luis_antocosta,,EU QUERO VOAR COM @avelarsports e @prefeituradearcos,
Arcos,MG,Comentario,2022-07-29 16:39:12,stephanie.lopes.m,,@ana_lauratcosta,
Arcos,MG,Comentario,2022-07-29 16:39:13,luis_antocosta,,@arcosmilgrau,
Arcos,MG,Comentario,2022-07-29 16:39:19,stephanie.lopes.m,,@liacosta0902,
Arcos,MG,Comentario,2022-07-29 16:39:26,stephanie.lopes.m,,@camilalb02,
Arcos,MG,Comentario,2022-07-29 16:39:38,stephanie.lopes.m,,@rosanalopes4210,
Arcos,MG,Comentario,2022-07-29 16:39:52,luis_antocosta,,@amanda_rayssas,
Arcos,MG,Comentario,2022-07-29 16:40:00,luis_antocosta,,@anna_cristhina_564,
Arcos,MG,Comentario,2022-07-29 16:40:06,luis_antocosta,,@roqueamanda_,
Arcos,MG,Comentario,2022-07-29 16:40:16,mirianrodriguesarruda,,@r_lari_ EU QUERO VOAR COM @avelarsports e @prefeituradearcos,
Arcos,MG,Comentario,2022-07-29 16:40:19,luis_antocosta,,@sabriina_vieeira,
Arcos,MG,Comentario,2022-07-29 16:40:27,luis_antocosta,,@guilhermecoolbert,
Arcos,MG,Comentario,2022-07-29 16:40:36,luis_antocosta,,@brunomatos050,
Arcos,MG,Comentario,2022-07-29 16:42:04,christian.teixeira.06,,@marianajfreitas_ EU QUERO VOAR COM @avelarsports e @prefeituradearcos,
Arcos,MG,Comentario,2022-07-29 16:43:47,rayonemarques,,@draleticiagmenezes,
Arcos,MG,Comentario,2022-07-29 16:46:07,rayonemarques,,@draleticiagmenezes EU QUERO VOAR COM @prefeituradearcos @avelarsports @tvintegracao,
Arcos,MG,Comentario,2022-07-29 16:48:03,rayonemarques,,@p,
Arcos,MG,Comentario,2022-07-29 16:49:17,naiara_rubia,,@eu quero voar com @avelarsports e @prefeituradearcos,
Arcos,MG,Comentario,2022-07-29 16:49:24,rayonemarques,,@wesleyesoaresEU QUERO VOAR COM@prefeituradearcos @avelarsports,
Arcos,MG,Comentario,2022-07-29 16:50:31,rayonemarques,,@isabelcristina8413Eu quero voar com @prefeituradearcos e @avelarsports,
Arcos,MG,Comentario,2022-07-29 16:50:59,jaciara.rocha.venancio,,@luizjacino EU QUERO VOAR COM @avelarsports  e @prefeituradearcos,
Arcos,MG,Comentario,2022-07-29 16:51:17,elza.moraes.71,,Eu quero voar com o @antonioluiz.brandao,
Arcos,MG,Comentario,2022-07-29 16:52:10,elza.moraes.71,,Eu quero voar com @jeeancaarlo,
Arcos,MG,Comentario,2022-07-29 16:52:36,elza.moraes.71,,Eu quero voar com @talles.r,
Arcos,MG,Comentario,2022-07-29 16:52:56,elza.moraes.71,,Eu quero voar com @thaaisgoms,
Arcos,MG,Comentario,2022-07-29 16:56:39,luis_antocosta,,@dionyclecio,
Arcos,MG,Comentario,2022-07-29 16:56:57,luis_antocosta,,@mateus_hteixeira,
Arcos,MG,Comentario,2022-07-29 16:57:10,luis_antocosta,,@matsmartins2,
Arcos,MG,Comentario,2022-07-29 16:57:15,luis_antocosta,,@mateusmartins634,
Arcos,MG,Comentario,2022-07-29 16:57:20,luis_antocosta,,@mateus.julio03,
Arcos,MG,Comentario,2022-07-29 16:57:30,luis_antocosta,,@_mateusgabriel244,
Arcos,MG,Comentario,2022-07-29 16:57:40,luis_antocosta,,@chagasmateus225,
Arcos,MG,Comentario,2022-07-29 16:57:50,luis_antocosta,,@mateusalberto_2214,
Arcos,MG,Comentario,2022-07-29 16:58:09,luis_antocosta,,@matheusferreira4148,
Arcos,MG,Comentario,2022-07-29 16:58:14,luis_antocosta,,@duudasousaaa,
Arcos,MG,Comentario,2022-07-29 16:58:20,luis_antocosta,,@mat_tomate_,
Arcos,MG,Comentario,2022-07-29 16:58:41,luis_antocosta,,@matheusdsamorim,
Arcos,MG,Comentario,2022-07-29 16:58:51,luis_antocosta,,@renatarmattar,
Arcos,MG,Comentario,2022-07-29 16:59:13,renatofaria2688,,@joicefaria067,
Arcos,MG,Comentario,2022-07-29 17:00:58,luis_antocosta,,@gigibonente_pvd,
Arcos,MG,Comentario,2022-07-29 17:01:02,luis_antocosta,,@gihstep1005,
Arcos,MG,Comentario,2022-07-29 17:01:06,luis_antocosta,,@gicristina12,
Arcos,MG,Comentario,2022-07-29 17:01:33,luis_antocosta,,@__gih_silva_,
Arcos,MG,Comentario,2022-07-29 17:01:40,luis_antocosta,,@s.elianee,
Arcos,MG,Comentario,2022-07-29 17:01:53,luis_antocosta,,@_r.fiuza,
Arcos,MG,Comentario,2022-07-29 17:02:08,luis_antocosta,,@danny.lopes.olliver,
Arcos,MG,Comentario,2022-07-29 17:02:12,luis_antocosta,,@richardlima.ases,
Arcos,MG,Comentario,2022-07-29 17:02:26,luis_antocosta,,@lucas_mota258,
Arcos,MG,Comentario,2022-07-29 17:02:29,luis_antocosta,,@lilohenrique,
Arcos,MG,Comentario,2022-07-29 17:02:35,luis_antocosta,,@linysoares3,
Arcos,MG,Comentario,2022-07-29 17:02:43,luis_antocosta,,@souza_leticia07,
Arcos,MG,Comentario,2022-07-29 17:02:50,luis_antocosta,,@lucianojunior173,
Arcos,MG,Comentario,2022-07-29 17:03:00,luis_antocosta,,@lucilene_rodrigues_silva_bened,
Arcos,MG,Comentario,2022-07-29 17:03:06,luis_antocosta,,@lucasteixeira_lo,
Arcos,MG,Comentario,2022-07-29 17:03:07,alvesgc,,@_conceicao.cunha eu quero voar com @avelarsports @prefeituradearcos,
Arcos,MG,Comentario,2022-07-29 17:03:20,luis_antocosta,,@larab_carvalho,
Arcos,MG,Comentario,2022-07-29 17:03:35,luis_antocosta,,@tales_160,
Arcos,MG,Comentario,2022-07-29 17:03:50,luis_antocosta,,@richardlima.ases,
Arcos,MG,Comentario,2022-07-29 17:03:58,luis_antocosta,,@eu_renatha_,
Arcos,MG,Comentario,2022-07-29 17:03:59,zildafreitass,,Eu quero voar com @avelarsports e @prefeituradearcos,
Arcos,MG,Comentario,2022-07-29 17:04:03,luis_antocosta,,@amanda_rayssas,
Arcos,MG,Comentario,2022-07-29 17:04:11,luis_antocosta,,@daniella_ribeiro_teixeira,
Arcos,MG,Comentario,2022-07-29 17:04:18,luis_antocosta,,@duudasousaaa,
Arcos,MG,Comentario,2022-07-29 17:04:23,zildafreitass,,Eu quero voar com a @prefeituradearcos e @avelarsports,
Arcos,MG,Comentario,2022-07-29 17:04:34,luis_antocosta,,@vinicindanadinha,
Arcos,MG,Comentario,2022-07-29 17:04:35,renatofaria2688,,Eu quero voar com @avelarsports @prefeituradearcos,
Arcos,MG,Comentario,2022-07-29 17:04:44,luis_antocosta,,@vitorhugodias,
Arcos,MG,Comentario,2022-07-29 17:04:48,danijunia_mtb_,,@diisantos23  eu quero voar com @avelarsports  e @prefeituradearcos,
Arcos,MG,Comentario,2022-07-29 17:04:49,luis_antocosta,,@laisvitoria_fps,
Arcos,MG,Comentario,2022-07-29 17:04:55,luis_antocosta,,@vito.ferreira.792,
Arcos,MG,Comentario,2022-07-29 17:05:19,luis_antocosta,,@vivicosttaa,
Arcos,MG,Comentario,2022-07-29 17:06:21,renatofaria2688,,@fabio_ciclista,
Arcos,MG,Comentario,2022-07-29 17:06:35,renatofaria2688,,@ronei2014.teixeira,
Arcos,MG,Comentario,2022-07-29 17:06:57,thiis.mah16,,@cristiane.bastos.1466,
Arcos,MG,Comentario,2022-07-29 17:07:31,thiis.mah16,,Eu quero voar com @avelarsports e @prefeituradearcos,
Arcos,MG,Comentario,2022-07-29 17:07:44,thiis.mah16,,@carol_santos3521,
Arcos,MG,Comentario,2022-07-29 17:07:55,thiis.mah16,,@carolsantos3521,
Arcos,MG,Comentario,2022-07-29 17:08:14,thiis.mah16,,@dani.elbastos2,
Arcos,MG,Comentario,2022-07-29 17:15:24,cleiton.r.p,,@p_c.pvd eu quero voar com @avelarsports e @prefeituradearcos,
Arcos,MG,Comentario,2022-07-29 17:16:20,simonef.rodrig,,@micheleccborges EU QUERO VOAR COM @avelarsports e @prefeituradearcos,
Arcos,MG,Comentario,2022-07-29 17:29:19,mariana_morais22,,@michele_sousa01 Eu quero voar com @avelarsports  e @prefeituradearcos,
Arcos,MG,Comentario,2022-07-29 17:30:38,luis_antocosta,,@EU QUERO VOAR @avelarsports  e @tvintegracao @pref,
Arcos,MG,Comentario,2022-07-29 17:35:52,shirleiteixeira82,,@ai,
Arcos,MG,Comentario,2022-07-29 17:37:17,ricardo_xavier.adv,,@edmarcastro16 EU QUERO VOAR COM @avelarsports e @prefeituradearcos,
Arcos,MG,Comentario,2022-07-29 17:44:24,matheusdsamorim,,@luis_antocosta,
Arcos,MG,Comentario,2022-07-29 17:49:01,resraquel,,@marceloaat Eu quero voar com @avelarsports e @prefeituradearcos,
Arcos,MG,Comentario,2022-07-29 17:50:35,julioposto,,@cynara_arruda EU QUERO VOAR COM @avelarsports e @prefeituradearcos,
Arcos,MG,Comentario,2022-07-29 17:51:13,renatto.cardoso,,@mariaed_santos EU QUERO VOAR COM @avelarsports e @prefeituradearcos,
Arcos,MG,Comentario,2022-07-29 17:55:45,michelemabeli,,@taissilvamarias  EU QUERO VOAR COM @avelarsports e @prefeituradearcos,
Arcos,MG,Comentario,2022-07-29 17:57:45,jessy_lps,,@ivanilduarte,
Arcos,MG,Comentario,2022-07-29 17:57:53,jessy_lps,,@merielymarcalsemijoias,
Arcos,MG,Comentario,2022-07-29 17:57:57,pereirajumendes_,,Eu quero voar com @avelarsports e @prefeituradearcos,
Arcos,MG,Comentario,2022-07-29 17:57:59,jessy_lps,,@frederico.avelar.733,
Arcos,MG,Comentario,2022-07-29 17:58:06,jessy_lps,,@silva.flaviaaparecida,
Arcos,MG,Comentario,2022-07-29 17:58:12,jessy_lps,,@laisfranco_rl,
Arcos,MG,Comentario,2022-07-29 17:58:19,jessy_lps,,@amandarilsa,
Arcos,MG,Comentario,2022-07-29 17:58:38,alicepereira658,,Eu quero voar @avelarsports e @prefeituradearcos @pereirajumendes_,
Arcos,MG,Comentario,2022-07-29 17:59:15,alicepereira658,,Eu quero voar @avelarsports @prefeituradearcos @docavip,
Arcos,MG,Comentario,2022-07-29 18:03:33,angel17_alves,,@tamaracsilva123 Eu quero voar com @avelarsports e @prefeituradearcos,
Arcos,MG,Comentario,2022-07-29 18:03:54,angel17_alves,,@ritacgomes93 Eu quero voar com @avelarsports e @prefeituradearcos,
Arcos,MG,Comentario,2022-07-29 18:04:40,raphaellaavelar,,@carolcastro2810  Eu quero voar com @avelarsports @prefeituradearcos,
Arcos,MG,Comentario,2022-07-29 18:09:21,lena12rodrigues,,@barbararodrgues eu quero voar com @avelarsports e @prefeituradearcos,
Arcos,MG,Comentario,2022-07-29 18:09:32,joelmacristina75,,@alicborges Eu Quero Voar Com@avelarsports! E@prefeiturade arcos,
Arcos,MG,Comentario,2022-07-29 18:13:32,ro_sa334,,"üëè gg,sxi",
Arcos,MG,Comentario,2022-07-29 18:15:13,edineiaabraga,,@rodrigogattidh @gilcorradi @cris_resende18,
Arcos,MG,Comentario,2022-07-29 18:24:43,fe_schiavon,,@_carolinacoleman EU QUERO VOAR COM @avelarsports e @prefeituradearcos,
Arcos,MG,Comentario,2022-07-29 18:25:29,_carolinacoleman,,@fe_schiavon eu quero voar com @avelarsports e @prefeituradearcos,
Arcos,MG,Comentario,2022-07-29 18:27:46,gabrielasilvaysj,,Eu quero voar com @avelarsports e @prefeituradearcos @brunasilvaa_97,
Arcos,MG,Comentario,2022-07-29 18:28:31,rhudsonj,,Eu quero voar com @avelarsports! e @prefeituradearcos,
Arcos,MG,Comentario,2022-07-29 18:29:06,rhudsonj,,@silvarodrigopereira @antonioricardosertao @nelson_helio,
Arcos,MG,Comentario,2022-07-29 18:31:12,evertontpereira,,@larazanuncielle.pereira eu quero voar com @avelarsports @prefeituradearcos,
Arcos,MG,Comentario,2022-07-29 18:37:21,jocriluca,,@barbosajjoaquim EU QUERO VOAR COM @avelarsports @prefeituradearcos,
Arcos,MG,Comentario,2022-07-29 18:44:08,luis_antocosta,,@eu quero voar com @avelarsports @prefeituradearcos,
Arcos,MG,Comentario,2022-07-29 18:44:36,edineiaabraga,,@rodrigogattidh @alexandre_de_paula_moreira @tulioadv,
Arcos,MG,Comentario,2022-07-29 18:53:47,mateusmiranda11,,@inhaolive @esmalteriapodologiafernanda Eu QUERO VOAR @prefeituradearcos @avelarsports,
Arcos,MG,Comentario,2022-07-29 18:55:19,mateusmiranda11,,@inhaolive EU QUERO VOAR com @prefeituradearcos @avelarsports,
Arcos,MG,Comentario,2022-07-29 18:55:28,gilcorradi,,Eu quero voar com @avelarsports @prefeituradearcos @ramon.santanna,
Arcos,MG,Comentario,2022-07-29 19:04:29,silvapoliany,,@mariana_morais22  eu quero voar com @avelarsports  e @prefeituradearcos,
Arcos,MG,Comentario,2022-07-29 19:07:59,suzanecarolinee__,,@crecapedroaugusto EU QUERO VOAR COM @avelarsports @prefeituradearcos,
Arcos,MG,Comentario,2022-07-29 19:08:27,suzanecarolinee__,,@estefaneldesa12 EU quero voar com @avelarsports @prefeituradearcos,
Arcos,MG,Comentario,2022-07-29 19:12:24,suuzanecarol_martinss_,,@mackpssy eu quero voar com @avelarsports @prefeituradearcos,
Arcos,MG,Comentario,2022-07-29 19:13:59,alessandranice,,@dayane.cristina.silva EU QUERO VOAR @avelarsports e @prefeituradearcos,
Arcos,MG,Comentario,2022-07-29 19:14:38,alessandranice,,@alessandroferreira982 EU QUERO VOAR @avelarsports e @prefeituradearcos,
Arcos,MG,Comentario,2022-07-29 19:15:20,alessandranice,,@camila.faria.35513 EU QUERO VOAR @avelarsports e @prefeituradearcos,
Arcos,MG,Comentario,2022-07-29 19:15:47,alessandranice,,@danimoraismanicure EU QUERO VOAR @avelarsports e @prefeituradearcos,
Arcos,MG,Comentario,2022-07-29 19:16:36,alessandranice,,@tiasandrapsicopedagoga EU QUERO VOAR @avelarsports e @prefeituradearcos,
Arcos,MG,Comentario,2022-07-29 19:17:03,alessandranice,,@angelicatalita EU QUERO VOAR @avelarsports e @prefeituradearcos,
Arcos,MG,Comentario,2022-07-29 19:17:29,alessandranice,,@roquejunia EU QUERO VOAR @avelarsports e @prefeituradearcos,
Arcos,MG,Comentario,2022-07-29 19:18:31,suuzanecarol_martinss_,,@vanessacarolinaaa_  eu quero voar @avelarsports @prefeituradearcos,
Arcos,MG,Comentario,2022-07-29 19:19:43,heitor_tomas_,,@tomassilva567 EU QUERO VOAR COM @avelarsports e a @prefeituradearcos,
Arcos,MG,Comentario,2022-07-29 19:21:31,maiconfga,,Eu quero voar com @prefeituradearcos @avelarsports @rm_barber_giletado,
Arcos,MG,Comentario,2022-07-29 19:22:47,jefferssonsds,,@deyse_mirian  eu quero voar com @avelarsports  e @prefeituradearcos,
Arcos,MG,Comentario,2022-07-29 19:22:55,aoliveiirav,,@tainateixeira_01 EU QUERO VOAR COM @avelarsports e @prefeituradearcos,
Arcos,MG,Comentario,2022-07-29 19:23:02,maiconfga,,Eu quero voar @prefeituradearcos @avelarsports @auggustocesar,
Arcos,MG,Comentario,2022-07-29 19:34:18,kenia.jacinta,,@miguel.foguetinho_mtb quero voar com @avelarsports e @prefeituradearcos,
Arcos,MG,Comentario,2022-07-29 19:35:10,kenia.jacinta,,@fabioazevedocouto eu quero voar com @avelarsports e @prefeituradearcos,
Arcos,MG,Comentario,2022-07-29 19:36:01,kenia.jacinta,,@miguelspc.mtb quero voar com @avelar e @prefeituradearcos,
Arcos,MG,Comentario,2022-07-29 19:36:06,patristiany_lima,,@tamara_rayane_,
Arcos,MG,Comentario,2022-07-29 19:36:10,patristiany_lima,,@isabellycastroo,
Arcos,MG,Comentario,2022-07-29 19:36:31,patristiany_lima,,@carolsilva.makeup,
Arcos,MG,Comentario,2022-07-29 19:36:38,patristiany_lima,,@thaisserapiao_igpessoal,
Arcos,MG,Comentario,2022-07-29 19:36:43,patristiany_lima,,@queloli3,
Arcos,MG,Comentario,2022-07-29 19:36:48,patristiany_lima,,@isabella_lsm,
Arcos,MG,Comentario,2022-07-29 19:38:16,kenia.jacinta,,@lorena__loloafr quero voar com @avelarsports  e @prefeituradearcos,
Arcos,MG,Comentario,2022-07-29 19:39:03,kenia.jacinta,,@dani_joao91 quero voar com @avelarsports  e @prefeituradearcos,
Arcos,MG,Comentario,2022-07-29 19:45:58,kenia.jacinta,,@pedro_henriquebrv quero voar com @avelarsports e @prefeituradearcos,
Arcos,MG,Comentario,2022-07-29 19:49:03,nenearcosnene,,@brunocachote eu quero voar com @avelarsports e @prefeituradearcos,
Arcos,MG,Comentario,2022-07-29 19:52:26,vivistrimiliki,,Eu quero voar com @avelarsports  @prefeituradearcos  e @doc.holliday_uss,
Arcos,MG,Comentario,2022-07-29 19:56:22,moniqueester2,,@mirianframos eu quero voar com @avelarsports e @prefeituradearcos,
Arcos,MG,Comentario,2022-07-29 19:56:45,moniqueester2,,@michely_kassiaa eu quero voar com @avelarsports e @prefeituradearcos,
Arcos,MG,Comentario,2022-07-29 20:18:55,_henriquedu,,EU QUERO VOAR COM @avelarsports @prefeituradearcos @luasantoz,
Arcos,MG,Comentario,2022-07-29 20:21:39,_willian_7,,Eu quero voar com @_julliaolvr,
Arcos,MG,Comentario,2022-07-29 20:21:56,_willian_7,,Eu quero voar com @mateus_silva11,
Arcos,MG,Comentario,2022-07-29 20:22:26,_willian_7,,Eu quero voar com @danielmermo,
Arcos,MG,Comentario,2022-07-29 20:22:45,_willian_7,,Eu quero voar com @valmir.75,
Arcos,MG,Comentario,2022-07-29 20:22:55,emerjunior0,,Eu quero voar com @avelarsports @prefeituradearcos  @lucas_assisj,
Arcos,MG,Comentario,2022-07-29 20:23:33,_willian_7,,Eu quero voar com @ronniefagner,
Arcos,MG,Comentario,2022-07-29 20:24:17,_willian_7,,Eu quero voar com @michael_985b,
Arcos,MG,Comentario,2022-07-29 20:28:26,xandenc,,Eu quero voar com a @avelarsports  @sanara.santos,
Arcos,MG,Comentario,2022-07-29 20:39:12,lucasarcos13,,EU QUERO VOAR COM @ranya_goncalvs @karen_luiza11,
Arcos,MG,Comentario,2022-07-29 21:01:57,edvaldo_moraisdemelo,,@dudarochadc EU QUERO VOAR COM @avelarsports e @prefeituradepains,
Arcos,MG,Comentario,2022-07-29 21:27:54,suzanecarolinee__,,@renatogoncalves05  eu quero voar de @avelarsports @prefeituradearcos,
Arcos,MG,Comentario,2022-07-29 21:28:28,suzanecarolinee__,,@patricklamech  eu quero voar de @avelarsports @prefeituradearcos,
Arcos,MG,Comentario,2022-07-29 21:29:06,suzanecarolinee__,,@grazieledefreitassantos eu quero voar de @avelarsports @prefeituradearcos,
Arcos,MG,Comentario,2022-07-29 21:30:04,suzanecarolinee__,,@nicole.lima eu quero voar de @avelarsports @prefeituradearcos,
Arcos,MG,Comentario,2022-07-29 21:36:26,_henriquedu,,Eu quero voar @avelarsports @prefeituradearcos @alisson__igor_,
Arcos,MG,Comentario,2022-07-29 21:47:55,zaniacastro,,@viviane_de_castro eu quero voar com @avelarsports e @prefeituradearcos,
Arcos,MG,Comentario,2022-07-29 22:10:54,deb_rodrigues1304,,@felipesantospersonall EU QUERO VOAR COM @avelarsports e @prefeituradearcos,
Arcos,MG,Comentario,2022-07-29 22:16:33,jessicarodriguesteixeir,,Eu quero  voar com @isabella07955 @avelarsports @prefeituradearcos,
Arcos,MG,Comentario,2022-07-29 22:24:00,phelipe04.12,,@joao_aassis EU QUERO VOAR COM @avelarsports @prefeituradearcos,
Arcos,MG,Comentario,2022-07-29 22:29:29,gonzagadepinho,,@karinacpcp EU QUERO VOAR COM @avelarsports e @prefeituradearcos,
Arcos,MG,Comentario,2022-07-29 22:37:14,janegarcia2202,,Eu quero voar com @avelarsports @prefeituradearcos,
Arcos,MG,Comentario,2022-07-29 23:01:04,stephanie.lopes.m,,@mila.vitoria.96,
Arcos,MG,Comentario,2022-07-29 23:01:13,stephanie.lopes.m,,@advogadanayanneleticia,
Arcos,MG,Comentario,2022-07-29 23:14:51,leticia_tss,,@alfontes EU QUERO VOAR COM @avelarsports e @prefeituradearcos,
Arcos,MG,Comentario,2022-07-29 23:17:41,guilhermeaugustomtb,,@luiz_baisi5 Eu quero voar com @avelarsports e @prefeituradearcos,
Arcos,MG,Comentario,2022-07-29 23:28:11,leticia_tss,,@silvia_espacodebeleza,
Arcos,MG,Comentario,2022-07-29 23:28:54,leticia_tss,,@marcoscesar112 eu quero voar,
Arcos,MG,Comentario,2022-07-29 23:29:59,eliana.nunesz,,@_augusto.jr_ eu quero voar com @prefeituradearcos @avelarsports,
Arcos,MG,Comentario,2022-07-29 23:31:07,leticia_tss,,@analuzdamasceno eu quero voar,
Arcos,MG,Comentario,2022-07-29 23:31:24,leticia_tss,,@naymsantos eu quero voar,
Arcos,MG,Comentario,2022-07-29 23:31:35,leticia_tss,,@thaisaleal eu quero voar,
Arcos,MG,Comentario,2022-07-29 23:31:56,leticia_tss,,@patdanielli eu quero voar,
Arcos,MG,Comentario,2022-07-29 23:32:50,leticia_tss,,@kellyllima_ eu quero voar,
Arcos,MG,Comentario,2022-07-29 23:33:00,tchodouglas,,Eita eu quero üòç,
Arcos,MG,Comentario,2022-07-29 23:35:16,leticia_tss,,@geovannamasilio eu quero voar,
Arcos,MG,Comentario,2022-07-29 23:35:32,leticia_tss,,@moreira_lariss eu quero voar,
Arcos,MG,Comentario,2022-07-29 23:36:39,romariowinchester7,,@jeninh4__st0s EU QUERO VOAR COM @avelarsports e @prefeituradearcos üôåüôåüôåüôåüî•,
Arcos,MG,Comentario,2022-07-29 23:36:48,_augusto.jr_,,@mariaisabeladossantoscosta eu quero voar com @prefeituradearcos @avelarsports,
Arcos,MG,Comentario,2022-07-29 23:37:13,_augusto.jr_,,@igorviniciuspvd eu quero voar com @prefeituradearcos @avelarsports,
Arcos,MG,Comentario,2022-07-29 23:39:05,adriano_teixxeira87,,@renatajannuario EU QUERO VOAR COM @avelarsports e @prefeituradearcos,
Arcos,MG,Comentario,2022-07-29 23:39:32,mateusmiranda11,,@suzanecarolinee__ Quero Voar com @avelarsports @prefeituradearcos,
Arcos,MG,Comentario,2022-07-29 23:40:23,mateusmiranda11,,@esmalteriapodologiafernanda  Quero Voar com @avelarsports @prefeituradearcos,
Arcos,MG,Comentario,2022-07-29 23:58:15,marinagersony_makeup_hair,,@leotdp EU QUERO VOAR COM @avelarsports @prefeituradearcos,
Arcos,MG,Comentario,2022-07-30 00:09:14,nadyaflor,,@leonardolekinho Eu quero votar com @avelarsports e @prefeituradearcos,
Arcos,MG,Comentario,2022-07-30 00:25:04,mateusmiranda11,,@warley.rogerio  QUERO VOAR com @avelarsports @prefeituradearcos,
Arcos,MG,Comentario,2022-07-30 00:25:20,inhaolive,,@mar_odp eu quero voar com @avelarsports @prefeituradearcos,
Arcos,MG,Comentario,2022-07-30 00:26:24,mateusmiranda11,,@tati.amorim.gomes  quero voar com @avelarsports @prefeituradearcos,
Arcos,MG,Comentario,2022-07-30 00:26:35,manugabii,,@kriskellyrodrigues  eu quero voar com @avelarsports e @prefeituradearcos,
Arcos,MG,Comentario,2022-07-30 00:48:45,eliezerebenezerdomingos,,Sinaradomingosfaria EU QUERO VOAR COM @avelarsports! e @prefeituradearcos,
Arcos,MG,Comentario,2022-07-30 01:01:06,soraiarodrigues,,@alcionebarbosa28 eu quero voar com @avelarsports e @prefeituradearcos,
Arcos,MG,Comentario,2022-07-30 01:36:56,otaviopedroso45,,Eu quero,
Arcos,MG,Comentario,2022-07-30 02:28:39,amandagalvao.adm,,@joycerafaelalopes  EU QUERO VOAR COM @avelarsports  e @prefeituradearcos,
Arcos,MG,Comentario,2022-07-30 03:06:59,marinagersony,,@mariaofeliarodrigues EU QUERO VOAR COM @avelarsports @prefeituradearcos,
Arcos,MG,Comentario,2022-07-30 07:46:27,sabrinarodrigues4478,,@barbocadamata6 eu quero voar com @avelarsports e @prefeituradearcos,
Arcos,MG,Comentario,2022-07-30 08:59:51,clebiananardy,,@alaina.lopesa . EU QUERO VOAR COM A @avelarsports  e com @prefeituradearcos .,
Arcos,MG,Comentario,2022-07-30 10:06:19,danielinhafernandes7,,Eu quero voar @vanderlei.borges.927543 com @avelarsports e @prefeituradearcos,
Arcos,MG,Comentario,2022-07-30 10:23:15,stella_franco1,,EU QUERO VOAR COM @avelarsports  e @prefeituradearcos  @santiagofrancis3,
Arcos,MG,Comentario,2022-07-30 10:23:27,stella_franco1,,EU QUERO VOAR COM @avelarsports  e @prefeituradearcos  @edilenefrancoelias,
Arcos,MG,Comentario,2022-07-30 10:29:28,santiagofrancis3,,Eu quero voar @matsmartins2,
Arcos,MG,Comentario,2022-07-30 10:38:36,debo4010,,Eu quero,
Arcos,MG,Comentario,2022-07-30 10:57:01,fael_augusto10,,@elisa.camilo Eu quero voar com @avelarsports e @prefeituradearcos,
Arcos,MG,Comentario,2022-07-30 11:04:46,isabelteixeiradepaiva,,EU QUERO VOAR COM @avelarsports! E @prefeituradearcos @paiva8465,
Arcos,MG,Comentario,2022-07-30 11:43:23,alinedasdoresdesousa,,@lara_eduarda04 E u Quero Voar com @avelarsports e @prefeituradearcos,
Arcos,MG,Comentario,2022-07-30 11:44:50,drielle_bueno,,@w4lkbn,
Arcos,MG,Comentario,2022-07-30 11:45:51,alinedasdoresdesousa,,@lehilarino EU QUERO VOAR @avelarsports e @prefeituradearcos,
Arcos,MG,Comentario,2022-07-30 12:02:26,beatriz__oliveiraa__,,@janegarcia2202 eu quero voar com @avelarsports e @prefeituradearcos,
Arcos,MG,Comentario,2022-07-30 12:37:49,silvasabrina85,,@junior_couto10 eu quero voar com @prefeituradearcos e @avelarsports,
Arcos,MG,Comentario,2022-07-30 13:03:29,josiane.rochadasilva.9,,Eu quero voar @avelarsports,
Arcos,MG,Comentario,2022-07-30 13:29:01,gilma_gondin,,@gondinsergio Eu quero voar com @avelarsports e @prefeituradearcos,
Arcos,MG,Comentario,2022-07-30 13:36:15,mariane.smacm,,Eu quero voa com @avelarsports  e @prefeituradearcos  @marcoantveloso,
Arcos,MG,Comentario,2022-07-30 13:43:31,alicemaria1606,,@antonioemilioo EU QUERO VOAR COM @avelarsports e @prefeituradearcos,
Arcos,MG,Comentario,2022-07-30 13:43:59,alicemaria1606,,@vania.patricia.965 EU QUERO VOAR COM @avelarsports larsports e @prefeituradearcos feituradearcos,
Arcos,MG,Comentario,2022-07-30 14:18:11,cesar_asouza,,@gabylapreato eu quero voar com @avelarsports e @prefeituradearcos,
Arcos,MG,Comentario,2022-07-30 14:41:44,millysantos.dm3,,@juniorsantos_kg EU QUERO VOAR COM @avelarsports e a @prefeituradearcos,
Arcos,MG,Comentario,2022-07-30 14:55:33,juniorsantos_kg,,@millysantos.dm3 EU QUERO VOAR COM @avelarsports  e a @prefeituradearcos,
Arcos,MG,Comentario,2022-07-30 15:18:28,julianadesr,,Eu quero voar com @avelarsports @prefeituradearcos,
Arcos,MG,Comentario,2022-07-30 15:35:58,alline_maraa,,@vivisuper1 Eu quero voar com @avelarsports @prefeituradearcos,
Arcos,MG,Comentario,2022-07-30 15:40:21,josisousa89,,@poli_cris_1607 eu quero voar com @avelarsports @prefeituradearcos,
Arcos,MG,Comentario,2022-07-30 15:40:49,josisousa89,,@julianadesr eu quero voar @avelarsports @prefeituradearcos,
Arcos,MG,Comentario,2022-07-30 15:41:10,josisousa89,,@cadusanfoneiro eu quero voar @prefeituradearcos @avelarsports,
Arcos,MG,Comentario,2022-07-30 15:43:16,poli_cris_1607,,@josianesilva903 eu quero voar com @avelarsports e @prefeituradearcos !!!!,
Arcos,MG,Comentario,2022-07-30 15:46:05,adalberto.134,,EU QUERO VOAR COM @avelarsports  @prefeituradearcos @alice_caroline7755,
Arcos,MG,Comentario,2022-07-30 15:55:09,allexaugustode,,@poli_cris_1607 eu quero voar com @avelarsports e @prefeituradearcos,
Arcos,MG,Comentario,2022-07-30 15:59:21,maria.gisele.14,,Eu quero voar com @prefeituradearcos  @avelarsports  @raissacoelho16,
Arcos,MG,Comentario,2022-07-30 18:14:14,oportunidadesarcosformigamg,,Que hs foi o sorteio?,
Arcos,MG,Comentario,2022-07-30 19:34:19,ester_vieira_16_,,Eu quero voar @luluhsilva2 @raissadiasbianchi,
Arcos,MG,Comentario,2022-07-30 20:35:33,suzanecarolinee__,,@silvaninhafchaves eu quero voar de @avelarsports @prefeituradearcos,
Arcos,MG,Comentario,2022-07-30 20:58:54,luis_antocosta,,Eu quero voar com @avelarsports e @pre,
Arcos,MG,Comentario,2022-07-30 20:59:14,luis_antocosta,,Eu quero voar com @avelarsports e @prefeituradearcos,
Arcos,MG,Comentario,2022-07-30 20:59:32,luis_antocosta,,Eu quero voar com @avelarsports e @prefeituradearcos,
Arcos,MG,Comentario,2022-07-30 21:03:42,luis_antocosta,,Eu quero voar com @avelarsports e @prefeituradearcos,
Arcos,MG,Comentario,2022-08-12 11:30:25,ellyleanreis,,Eu quero voar @lilian.simone.165,
Arcos,MG,Post,2022-07-29 12:29:55,prefeituradearcos,Fique de olho na tv üëÄ,,18
Arcos,MG,Post,2022-07-28 18:43:31,prefeituradearcos,A Prefeitura de Arcos implanta microchip em c√£es üê∂ castrados no munic√≠pio. Projeto inovador √© mais um avan√ßo do Governo em favor da causa animal,,212
Arcos,MG,Post,2022-07-28 18:34:05,prefeituradearcos,Aten√ß√£o pais e respons√°veis ‚úîÔ∏èüíâ,,55
Arcos,MG,Post,2022-07-28 17:03:26,prefeituradearcos,CAMPEONATO DE BAIRROS - FUTSAL 2022 ‚úîÔ∏è‚öΩÔ∏è,,50
Arcos,MG,Post,2022-07-27 23:46:01,prefeituradearcos,O Parque Aqu√°tico est√° ficando ainda mais lindo para este super evento üö¥‚Äç‚ôÇÔ∏è,,310
Arcos,MG,Post,2022-07-27 15:04:43,prefeituradearcos,√â Arcos na Globo de novo ü§ì,,45
Arcos,MG,Post,2022-07-26 18:46:36,prefeituradearcos,"Amanh√£ ‚úîÔ∏è‚úîÔ∏è

Campeonato de Bairros - FUTSAL 2022 ‚úîÔ∏èüíô‚ô•Ô∏è",,17
Arcos,MG,Post,2022-07-26 18:44:19,prefeituradearcos,"Hoje tem dois super jogos ‚úîÔ∏è

Campeonato de Bairros - FUTSAL 2022 ‚úîÔ∏èüíô‚ô•Ô∏è",,22
Arcos,MG,Post,2022-07-26 18:12:12,prefeituradearcos,J√° estamos na contagem regressiva para este evento grandioso üöµ‚Äç‚ôÇÔ∏èüö¥‚Äç‚ôÄÔ∏è,,72
Arcos,MG,Post,2022-07-25 20:11:00,prefeituradearcos,Popula√ß√£o imune √† Influenza ‚úîÔ∏è,,104
Arcos,MG,Post,2022-07-25 20:00:43,prefeituradearcos,üö• MUDAN√áA NO TR√ÇNSITO üö• üòä,,211
Arcos,MG,Post,2022-07-22 20:48:15,prefeituradearcos,"üö¥‚Äç‚ôÇÔ∏èüöµArcos est√° se sagrando como a cidade dos grandes eventos. Ap√≥s o sucesso do I Festival de Gastronomia ‚ÄòDel√≠cias da Rosa‚Äô, o munic√≠pio se prepara para receber a etapa final do Campeonato Internacional Chaoyang Estrada Real. Esta √© mais uma realiza√ß√£o da Prefeitura, por meio da Secretaria Municipal de Cultura, Esporte, Lazer e Turismo (Semcelt), em conjunto com a Avelar Sports.",,61
Arcos,MG,Post,2022-07-22 20:33:24,prefeituradearcos,A medida vale a partir desta sexta-feira (22) üö•,,251
Arcos,MG,Post,2022-07-22 20:30:05,prefeituradearcos,A vacina√ß√£o ser√° segunda ‚ù§Ô∏è,,23
Arcos,MG,Post,2022-07-22 20:28:27,prefeituradearcos,üíâüíâüíâüíâüíâ,,18
Arcos,MG,Post,2022-07-22 20:27:46,prefeituradearcos,Dose de refor√ßo para pessoas de 40 anos,,31
Arcos,MG,Post,2022-07-22 20:24:41,prefeituradearcos,‚ö†Ô∏è IMPORTANTE ‚ö†Ô∏è,,45
Arcos,MG,Post,2022-07-22 20:22:05,prefeituradearcos,"üíâCom a aprova√ß√£o do uso da Coronavac em crian√ßas entre 3 e 5 anos pelo Minist√©rio da Sa√∫de, Arcos inicia a distribui√ß√£o das doses, contemplando as imunossuprimidas. Enquadram-se nesta categoria: crian√ßas transplantadas, as que convivem com o v√≠rus HIV, pacientes renais cr√¥nicos e as que fazem uso de corticoides com quantidade superior a 10 miligramas.

üíâA respons√°vel pelo Setor de Imuniza√ß√µes da Prefeitura de Arcos, a enfermeira √Çngela Margarete, informa que a distribui√ß√£o das doses para este p√∫blico ser√° por meio de agendamento por causa do quadro delas, e para se evitar que elas precisem ficar em filas.

üíâOs agendamentos j√° podem ser feitos pelo telefone 3351-1875.

üíâAssim que este p√∫blico for vacinado, e ap√≥s a chegada de novas remessas de doses, a vacina√ß√£o ser√° ampliada para as outras crian√ßas dentro da faixa et√°ria.",,36
Arcos,MG,Post,2022-07-22 19:23:30,prefeituradearcos,Boletim semanal da sa√∫de ‚úîÔ∏è,,20
Arcos,MG,Post,2022-07-22 17:27:39,prefeituradearcos,Mais lazer e esporte para a comunidade escolar da Creche Ana L√∫cia Franco ‚öΩ,,76
Arcos,MG,Post,2022-07-20 20:45:22,prefeituradearcos,"Covid-19: Amanh√£ , (21/07) tem REPESCAGEM para as pessoas de 05 a 17 anos ‚úîÔ∏è",,34
Arcos,MG,Post,2022-07-20 19:24:31,prefeituradearcos,Campeonato de Bairros - FUTSAL 2022 ‚úîÔ∏èüíô‚ô•Ô∏è,,14
Arcos,MG,Post,2022-07-19 20:57:28,prefeituradearcos,"üíâ A Prefeitura de Arcos, por meio da Secretaria de Sa√∫de, amplia a imuniza√ß√£o contra a Influenza (v√≠rus da gripe) para toda a popula√ß√£o acima de 6 meses, ap√≥s concluir a imuniza√ß√£o dos grupos priorit√°rios. E para uma efetiva distribui√ß√£o das doses, neste s√°bado v√£o ser montados dois postos de vacina√ß√£o. Um deles funcionar√° de 7 √†s 9h, na Feirinha (Trecho II da Avenida Sanit√°ria); j√° o outro ser√° na ‚ÄòPra√ßa do Vivi‚Äô, entre 8 e 11h.",,89
Arcos,MG,Post,2022-07-19 20:16:34,prefeituradearcos,"üí≤Chegou a oportunidade de regulariza√ß√£o fiscal com menores valores. A Prefeitura de Arcos, por meio da Secretaria de Fazenda, criou o Programa de Incentivo √† Regulariza√ß√£o Fiscal (Refis), regulamentado pela Lei Municipal Complementar 087, de 20 de junho deste ano. Na pr√°tica, a medida vai facilitar o pagamento de d√≠vidas de pessoas f√≠sicas ou jur√≠dicas com o Munic√≠pio.
üí≤Esta √© uma a√ß√£o tempor√°ria, portanto, os interessados devem procurar o Departamento de Tributa√ß√£o (no andar t√©rreo da Prefeitura), imediatamente. ‚ÄúN√≥s estamos incentivando os contribuintes a quitarem os d√©bitos com o Munic√≠pio. Tivemos tempos muito dif√≠ceis e estamos certos de que esta contribui√ß√£o ser√° muito importante para as pessoas regularizarem suas d√≠vidas‚Äù, complementa o secret√°rio de Fazenda de Arcos, Cleomar Silva.

A facilita√ß√£o estar√° dispon√≠vel para cr√©ditos municipais tribut√°rios e n√£o tribut√°rios inadimplidos, inscritos ou n√£o em D√≠vida Ativa, em fase de cobran√ßa administrativa, judicial ou extra judicial, vencidos at√© 30 de dezembro de 2021.",,20
Arcos,MG,Comentario,2022-07-19 21:20:55,gilmarreisdecampos,,üëèüëèüëè,
Arcos,MG,Post,2022-07-19 19:19:51,prefeituradearcos,"Participe ‚ô•Ô∏èüíôüèÜ‚öΩÔ∏è

üìçPoliesportivo",,35
Arcos,MG,Post,2022-07-18 23:49:06,prefeituradearcos,Festival de Gastronomia de Arcos: A GENTE SE REENCONTRA ANO QUE VEM ‚ô•Ô∏èüíô,,1482
Arcos,MG,Post,2022-07-18 18:48:40,prefeituradearcos,A Prefeitura est√° muito feliz em compartilhar esta not√≠cia porque a vacina√ß√£o √© um dos meios mais eficientes de se evitar a Covid-19 üíâ,,138
Arcos,MG,Post,2022-07-18 15:25:38,prefeituradearcos,"O 1¬∫ Festival de Gastronomia Del√≠cias da Ro√ßa de Arcos foi um sucesso! 

Tudo foi pensado, idealizado, proposto e executado em tempo recorde. 

A @prefeituradearcos √°vida por realizar t√£o grandioso festival, demanda uma for√ßa tarefa de suas Secretarias e nossa gente, sempre sol√≠cita e engajada, n√£o mede esfor√ßos para que este primeiro festival aconte√ßa com seguran√ßa, mas tamb√©m com muito sucesso!",,773
Arcos,MG,Comentario,2022-07-18 15:34:46,karinegoncalves2067,,üëèüëèüëè,
Arcos,MG,Comentario,2022-07-18 15:38:08,jaquelinebarbone,,üëèüëèüëè,
Arcos,MG,Comentario,2022-07-18 15:38:21,guilhermecoolbert,,üëèüëèüëè,
Arcos,MG,Comentario,2022-07-18 15:44:52,cesar_asouza,,üëè,
Arcos,MG,Comentario,2022-07-18 15:47:52,gilma_gondin,,Amei! üëèüëèüëèüëèüëèüëè,
Arcos,MG,Comentario,2022-07-18 15:49:54,leonardoantoniosousa,,üëèüëèüëèüëè,
Arcos,MG,Comentario,2022-07-18 15:55:34,elaine7956,,Show.... simplesmente demais. Parab√©ns a Prefeitura e a todos os envolvidos. üëèüëèüëèüëèüëèüëèüëèüëè,
Arcos,MG,Comentario,2022-07-18 16:02:42,thatiana.mello.1,,üëèüëèüëèüëè,
Arcos,MG,Comentario,2022-07-18 16:08:50,brankin_dias,,üëèüëèüëè,
Arcos,MG,Comentario,2022-07-18 16:23:18,sabrinagouvalente,,"Foi muito bom mesmo!! Parab√©ns, a todos os organizadores!",
Arcos,MG,Comentario,2022-07-18 16:26:12,leila6676,,üëèüëèüëè,
Arcos,MG,Comentario,2022-07-18 16:26:19,assis._eliza,,"Maravilhoso‚ù§Ô∏è
J√° com gosto de saudade!",
Arcos,MG,Comentario,2022-07-18 16:38:08,jaqueline_sousa_rocha_,,"Parab√©ns  baiano,.",
Arcos,MG,Comentario,2022-07-18 16:44:31,hivialane,,"Impec√°vel, delicioso e incr√≠vel, Arcos precisava de algo assim! ‚ù§Ô∏èüëèüèª primeiro de muitos !!!",
Arcos,MG,Comentario,2022-07-18 16:44:48,stefanymartinsoficial,,üî•üî•üî•üî•,
Arcos,MG,Comentario,2022-07-18 16:44:54,stefanymartinsoficial,,Foi maravilhoso! üëè,
Arcos,MG,Comentario,2022-07-18 16:44:58,stefanymartinsoficial,,ü•≥üôèüèª,
Arcos,MG,Comentario,2022-07-18 17:04:46,fredoliveira500,,@mirianteixeiraborges,
Arcos,MG,Comentario,2022-07-18 17:06:35,soraiacaetanomg,,"Parab√©ns a todos que n√£o mediram esfor√ßos, aceitaram o desafio e fizeram acontecer este grandioso festival gastron√¥mico. Que venham outros.üíñüëèüëèüëè",
Arcos,MG,Comentario,2022-07-18 17:10:29,alemzotin,,üëèüëèüëè,
Arcos,MG,Comentario,2022-07-18 17:12:41,fabriciokmoura,,üëèüëèüëè,
Arcos,MG,Comentario,2022-07-18 17:12:51,luanrrdgs,,Tudo t√£o lindo!,
Arcos,MG,Comentario,2022-07-18 17:16:39,renata04medeiros,,Parab√©ns aos envolvidos,
Arcos,MG,Comentario,2022-07-18 17:21:09,joaopag85,,üëèüëèüëèüëè,
Arcos,MG,Comentario,2022-07-18 17:31:40,_nandaf_ap,,Foi maravilhoso üëè,
Arcos,MG,Comentario,2022-07-18 17:45:48,gege0182,,Sucesso‚ù§Ô∏è,
Arcos,MG,Comentario,2022-07-18 18:06:36,geni_ooliveira,,üëèüëèüëèüëèüëèüôè,
Arcos,MG,Comentario,2022-07-18 18:53:52,lenirprata,,Festa maravilhosa e t√£o necess√°ria!!! Parab√©ns prefeitura e todos os envolvidos pela ousadia de realiza-la!!!!üëèüëèüëè,
Arcos,MG,Comentario,2022-07-18 18:55:10,eloisiabrito,,üëè,
Arcos,MG,Comentario,2022-07-18 18:55:15,eloisiabrito,,üëè,
Arcos,MG,Comentario,2022-07-18 18:55:56,eloisiabrito,,Pr√≥ximo estarei presente com certeza.,
Arcos,MG,Comentario,2022-07-18 19:01:39,gildateixeira9733,,"Parab√©ns pela brilhante for√ßa tarefa de todos envolvidos pra nos proporcionar um evento t√£o grandioso. Que  proporcionou uma deliciosa viagem no tempo pra uns e aos mais jovens a oportunidade de conhecer o processo e saborear das del√≠cias dessa experi√™ncia. Que seja a primeira de uma s√©rie. Foi um retorno a vida social aberta com maestria a toda popula√ß√£o Arcoense e cidades vizinhas que vieram prestigiar o evento. Vale tbm ressaltar a todos frente as barracas, que apesar do trabalho exaustivo de madrugar pra garantir as del√≠cias oferecidas durante todo o dia no evento, ainda sobrava simpatia,  aten√ß√£o  e presteza pra matar nossas curiosidades. Em especial ao pessoal de Itapecerica que retratou com todo cuidado os prim√≥rdios do engenho com utiliza√ß√£o dos bois, onde era  not√≥rio a qualidade do  cuidado com os animais, pelo  couro vi√ßoso e a  beleza e impon√™ncia de tamanho deles. Ter oportunidade do  contato com os √≠ndios, de aprender sobre a cultura ind√≠gena e ver nos olhos brilhantes deles a alegria de vivenciar essa experi√™ncia foi fascinante.
 Foi acertiva toda programa√ß√£o, foram dias que agregou e alegrou aos mais velhos, aos jovens, n√£o deixando passar  seguran√ßa que foi nota 10.
Foi um pontap√© inicial que merece ‚≠ê‚≠ê‚≠ê‚≠ê‚≠ê",
Arcos,MG,Comentario,2022-07-18 19:20:03,leilacunha737,,üëèüëèüëèüëè,
Arcos,MG,Comentario,2022-07-18 20:17:41,deboranunespsicopedagoga,,"Tudo lindo!!!
Parab√©ns aos organizadores e todos envolvidos!!! üòçüëèüëèüëè",
Arcos,MG,Comentario,2022-07-18 21:27:12,vaniia.silva,,üëèüëèüëèüëèüëèüëè,
Arcos,MG,Comentario,2022-07-18 21:55:27,marciadodosalviano,,‚ù§Ô∏è‚ù§Ô∏è‚ù§Ô∏è‚ù§Ô∏è‚ù§Ô∏è‚ù§Ô∏è‚ù§Ô∏è,
Arcos,MG,Comentario,2022-07-18 23:55:31,adudarangel,,Evento massa demais! Q seja o primeiro de MUITOOOOS,
Arcos,MG,Comentario,2022-07-19 00:10:55,diego_nunnes_,,üòçüòçüòçüòçüòç,
Arcos,MG,Comentario,2022-07-19 00:11:57,diego_nunnes_,,Que evento Nota Mil üî•üòçüëèüëè que Venham mais assim com essa mesma vibe ‚ù§Ô∏èüòç,
Arcos,MG,Comentario,2022-07-19 01:39:58,talissonjunior,,Simplesmente maravilhosoüòçüëè,
Arcos,MG,Comentario,2022-07-19 10:00:15,cassiamariafonsecacampos,,Festa linda demais a administra√ß√£o est√° de parab√©ns Arcos estava precisando gratificante üëèüëèüëè,
Arcos,MG,Comentario,2022-07-19 17:20:47,karinerolimsantiago,,"Que m√°ximo, j√° estou com saudades ! ‚ù§Ô∏è",
Arcos,MG,Comentario,2022-07-19 23:25:39,bittencourt6584,,@saletebittencourt,
Arcos,MG,Post,2022-07-18 12:32:44,prefeituradearcos,"Covid-19: Quarta, (20/07) tem 2¬™ DOSE DE REFOR√áO para pessoas acima de 43 anos ‚úîÔ∏è",,30
Arcos,MG,Post,2022-07-18 12:32:11,prefeituradearcos,"Covid-19: Ter√ßa, (19/07) tem 2¬™ DOSE DE REFOR√áO para pessoas acima de 44 anos ‚úîÔ∏è",,13
Arcos,MG,Post,2022-07-18 12:31:27,prefeituradearcos,"Covid-19: Hoje, (18/07) tem 2¬™ DOSE DE REFOR√áO para pessoas acima de 45 anos ‚úîÔ∏è",,9
Arcos,MG,Post,2022-07-16 20:02:20,prefeituradearcos,"N√≥s amamos viver em Arcos ‚ù§Ô∏è
üé• COLABORA√á√ÉO: Pol√≠cia Militar de Arcos",,183
Arcos,MG,Post,2022-07-16 17:42:07,prefeituradearcos,I FESTIVAL DE GASTRONOMIA ‚ÄúDEL√çCIAS DA RO√áA‚Äù ‚ô•Ô∏èüíô‚úîÔ∏è,,165
Arcos,MG,Post,2022-07-16 15:05:28,prefeituradearcos,84 anos de uma grande hist√≥ria ‚ô•Ô∏èüíô,,184
Arcos,MG,Post,2022-07-15 19:26:03,prefeituradearcos,S√≥ para lembrar um pouco do sucesso de ontem ‚ô•Ô∏è Hoje tem mais,,476
Arcos,MG,Post,2022-07-14 14:38:21,prefeituradearcos,Acompanhe pela TV ‚úîÔ∏èüì∫,,167
Arcos,MG,Post,2022-07-13 21:12:39,prefeituradearcos,Nossas equipes n√£o param para oferecer o melhor √† popula√ß√£o ‚ô•Ô∏èüíô‚úîÔ∏è,,390
Arcos,MG,Post,2022-07-13 20:22:22,prefeituradearcos,Tudo preparado com muito carinho para o povo de Arcos ‚ô•Ô∏èüíô,,814
Arcos,MG,Post,2022-07-13 20:10:39,prefeituradearcos,A nossa gratid√£o √†s empresas que investem na cidade e ajudam o desenvolvimento econ√¥mico e social do nosso munic√≠pio üòç,,57
Arcos,MG,Post,2022-07-12 19:52:24,prefeituradearcos,"Covid-19: Quinta, (14/07) tem 2¬™ DOSE DE REFOR√áO para pessoas acima de 46 anos ‚úîÔ∏è",,31
Arcos,MG,Post,2022-07-12 19:51:44,prefeituradearcos,"Covid-19: Quarta, (13/07) tem 2¬™ DOSE DE REFOR√áO para pessoas acima de 47 anos ‚úîÔ∏è",,31
Arcos,MG,Post,2022-07-12 18:21:13,prefeituradearcos,Foi daqui que pediram comida deliciosa? üòã,,859
Arcos,MG,Post,2022-07-11 19:44:28,prefeituradearcos,üíå Gian & Giovani mandaram um recado especial para a popula√ß√£o de Arcos,,544
Arcos,MG,Post,2022-07-11 19:40:20,prefeituradearcos,"Covid-19: Amanh√£, (12/07) tem 2¬™ DOSE DE REFOR√áO para pessoas acima de 48 anos ‚úîÔ∏è",,28
Arcos,MG,Post,2022-07-11 13:04:32,prefeituradearcos,"Covid-19: Hoje , (11/07) tem REPESCAGEM para as pessoas de 05 a 17 anos ‚úîÔ∏è

Obs: Terceira dose para pessoas de 12 a 17 anos",,52
Arcos,MG,Post,2022-07-08 19:57:53,prefeituradearcos,Todo mundo conectado no I Festival de Gastronomia de Arcos ü§≥,,45
Arcos,MG,Post,2022-07-08 19:10:28,prefeituradearcos,Procure o seu PSF e se informe sobre a preven√ß√£o das Hepatites üåü,,45
Arcos,MG,Post,2022-07-07 19:29:23,prefeituradearcos,Comunicado importante ‚úîÔ∏è,,152
Arcos,MG,Post,2022-07-05 20:21:46,prefeituradearcos,"Mais informa√ß√µes pelo telefone:
üìû (34) 99912-9006",,51
Arcos,MG,Post,2022-07-05 14:56:38,prefeituradearcos,Comida boa e muitas atra√ß√µes esperam por voc√™ ‚úîÔ∏è,,877
Arcos,MG,Post,2022-07-05 14:02:29,prefeituradearcos,"Covid-19: Quinta , (07/07) tem 2¬™ DOSE DE REFOR√áO para pessoas acima de 49 anos ‚úîÔ∏è",,47
Arcos,MG,Post,2022-07-05 14:01:43,prefeituradearcos,"Covid-19: Amanh√£, (06/07) tem 2¬™ DOSE DE REFOR√áO para pessoas acima de 50 anos ‚úîÔ∏è",,26
Arcos,MG,Comentario,2022-07-05 14:23:01,silpos72,,Hoje ou amanh√£?,
Arcos,MG,Comentario,2022-07-05 16:46:35,ocadatapyocadelivery,,Dia 05/07 ou 06/07????,
Arcos,MG,Comentario,2022-07-07 13:56:51,smartcity_arcos,,50 anos entra tamb√©m?,
Arcos,MG,Post,2022-07-05 14:00:54,prefeituradearcos,"Covid-19: Hoje , (05/07) tem REPESCAGEM para as crian√ßas de 05 a 11 anos ‚úîÔ∏è",,22
Arcos,MG,Post,2022-07-04 16:57:26,prefeituradearcos,Boletim semanal da sa√∫de ‚úîÔ∏è,,16
Arcos,MG,Comentario,2022-07-04 23:42:00,judelgadomo,,"Eu acho que o pessoal deveria estar mais bem informado para passar as informa√ß√µes. Positivei hoje e no meu PSF n√£o tinha um m√©dico para me atender, alegaram que ele estava positivado tamb√©m, mas n√£o tem um substituto ü§îü§îü§î
Enfim, tive que ir ao hospital municipal e fui muito bem atendida por um m√©dico experimente, que me medicou e me deu atestado de 5 dias (contando a data de hoje). Mais a tarde a mo√ßa do PSF entrou em contato perguntando se eu estava medicada e que eu s√≥ poderia sair do isolamento na ter√ßa a√≠ disse que o M√âDICO me orientou que era at√© s√°bado. Coloquem profissionais mais capacitados e eu seguirei o m√©dico!!!!!",
Arcos,MG,Comentario,2022-07-04 23:45:44,judelgadomo,,"Corrigindo‚Ä¶ 
O m√©dico me orientou isolamento at√© sexta, estando liberada no s√°bado!!!",
Arcos,MG,Post,2022-07-04 14:11:07,prefeituradearcos,"Covid-19: Hoje , (04/07) tem 2¬™ DOSE DE REFOR√áO para pessoas acima de 51 anos ‚úîÔ∏è",,54
Arcos,MG,Post,2022-06-30 17:34:59,prefeituradearcos,"üöç Mobilidade Urbana üöç Segundo levantamento da Associa√ß√£o Nacional de Transportes Urbanos, 38 cidades brasileiras possuem algum n√≠vel de tarifa zero. Arcos deve ser a 39¬™ cidade contemplada. Este √© um compromisso do Governo com a popula√ß√£o.",,361
Arcos,MG,Post,2022-06-30 15:23:57,prefeituradearcos,Vem a√≠ o maior evento cultural e gastron√¥mico j√° realizado em Arcos. SUA presen√ßa √© muito importante para n√≥s ‚ù£Ô∏è,,294
Arcos,MG,Post,2022-06-29 14:37:51,prefeituradearcos,Boletim semanal da sa√∫de ‚úîÔ∏è‚ô•Ô∏èüíô,,26
Arcos,MG,Post,2022-06-20 18:55:51,prefeituradearcos,"Covid-19: Quarta, (22/06) tem 3¬™ dose para adolescentes de 13 anos ‚úîÔ∏è",,21
Arcos,MG,Post,2022-06-15 21:29:47,prefeituradearcos,"O espa√ßo p√∫blico, no Trecho I da Avenida Sanit√°ria, √© uma homenagem aos moradores da cidade que moram fora ‚ô•Ô∏èüíô",,49
Arcos,MG,Post,2022-06-15 18:29:24,prefeituradearcos,A Constru√ß√£o da creche do Bairro Olaria segue a passos largos ‚úîÔ∏è‚ô•Ô∏èüíô,,89
Arcos,MG,Comentario,2022-06-15 19:48:32,cristiana.alves.3701779,,Espero k qdo essa creche ficar pronta seja realmente pra kem precisa mesmo √© k eles olhe isso  pork tem mta pessoas k colocar filhos na creche e n trabalhar ent√£o toma a vaga de kem realmente precisa  da vaga para poder trabalhar.,
Arcos,MG,Post,2022-06-14 20:36:58,prefeituradearcos,"Hoje (14), aconteceu no CRAS a festa junina do grupo do Servi√ßo de Conviv√™ncia e Fortalecimento de V√≠nculos. Muita m√∫sica, alegria e comidas t√≠picas ‚ô•Ô∏èüíô

@secretariadeintegracaosocial",,109
Arcos,MG,Comentario,2022-06-14 21:02:18,tarcila.smartins,,Fant√°stico o seu trabalho como coordenadora e toda equipe do CRAS ! Parab√©ns ! üëèüèªüëèüèªüëèüèª‚ù§Ô∏è @beti_santos_ribeiro,
Arcos,MG,Comentario,2022-06-14 21:29:50,dulcerezende,,üëèüëèüëè,
Arcos,MG,Comentario,2022-06-14 21:45:23,confrariadesurdos,,üëèüëèüëèüëèüëèüëèüëèüëè,
Arcos,MG,Post,2022-06-14 19:40:59,prefeituradearcos,A Prefeitura mais perto de voc√™ ‚ô•Ô∏èüíô‚úîÔ∏è,,74
Arcos,MG,Comentario,2022-06-14 19:49:50,gilmara.c.dias,,üëèüëèüëè,
Arcos,MG,Comentario,2022-06-14 21:04:10,edivania1085,,üëèüëè,
Arcos,MG,Comentario,2022-06-16 09:00:22,simoneaparecida73563,,üëãüëãüëã,
Arcos,MG,Post,2022-06-13 17:52:20,prefeituradearcos,Boletim semana da sa√∫de ‚úîÔ∏è,,25
Arcos,MG,Post,2022-06-10 20:18:53,prefeituradearcos,Boletim semanal da sa√∫de ‚úîÔ∏è,,10
Arcos,MG,Post,2022-06-09 19:39:03,prefeituradearcos,A Prefeitura mais perto de voc√™ ‚úîÔ∏èüíô,,36
Arcos,MG,Comentario,2022-06-10 16:30:44,wilzacarladiascarla,,"Como sempre a boa vista √© esquecida , aqui ningu√©m faz nada",
Arcos,MG,Post,2022-06-06 19:19:13,prefeituradearcos,A Biblioteca Municipal est√° de portas abertas ‚ô•Ô∏èüíô‚úîÔ∏è,,59
Arcos,MG,Comentario,2022-06-06 19:45:45,afetoporlivros,,"Fico t√£o feliz em saber a biblioteca est√° de volta, eu como leitora adorei a ""novidade"". Parab√©ns pela iniciativa ‚ù§Ô∏è",
Arcos,MG,Comentario,2022-06-06 21:25:09,anapaulaautocuidadofacial,,üëèüëèüòçüòç,
Arcos,MG,Comentario,2022-06-06 22:05:19,dulcerezende,,üëèüëèüëè,
Arcos,MG,Comentario,2022-06-06 22:53:51,eu_ingridyraiane,,"Fui fazer um trabalho de escola, e que lugar bom de fazer trabalho super organizado, gostei muito ü•∞",
Arcos,MG,Comentario,2022-06-06 23:32:47,mariaclarap933,,@olivsar_,
Arcos,MG,Post,2022-06-03 19:57:08,prefeituradearcos,A comunidade escolar est√° muito satisfeita com os novos uniformes distribu√≠dos pela Prefeitura de Arcos üéì,,90
Arcos,MG,Comentario,2022-06-03 20:16:18,gilmarreisdecampos,,üëèüëèüëè,
Arcos,MG,Comentario,2022-06-03 20:59:18,polianacarlossilva,,üëèüëèüëèüëèüëèüëè‚ù§Ô∏è,
Arcos,MG,Comentario,2022-06-04 00:53:37,fabisims,,Que bom! S√≥ falta dar um jeitinho de comprar os reagentes para os exames de sangue! √â um absurdo deixar √† popula√ß√£o sem os exames.,
Arcos,MG,Post,2022-06-01 18:52:27,prefeituradearcos,A Prefeitura est√° disponibilizando gratuitamente 300 mamografias para mulheres üë©,,31
