Areal,RJ,Post,2022-09-20 13:01:18,prefeituradeareal,"CalendÃ¡rio de VacinaÃ§Ã£o Repescagem COVID-19 

A Prefeitura Municipal de Areal divulga o calendÃ¡rio de repescagem da vacinaÃ§Ã£o contra a COVID-19.

Confira no post pÃºblico alvo, data, horÃ¡rios e todas as informaÃ§Ãµes pertinentes.

O calendÃ¡rio de vacinaÃ§Ã£o Ã© divulgado conforme a remessa de vacinas recebidas pelo MunicÃ­pio, seja para 1Âª, 2Âª, 3Âª , 4Âª ou dose pediÃ¡trica. 

Vacina sim!
Protege vocÃª, protege os outros!

#arealsemcovid

Secretaria de SaÃºde 

Prefeitura Municipal de Areal

#calendario #vacinaÃ§Ã£o #covid19 #areal",,4
Areal,RJ,Post,2022-09-19 20:59:50,prefeituradeareal,"Prefeitura de Areal realiza reforma na quadra da Escola Manoel Baptista de Andrade 

A Prefeitura Municipal de Areal, atravÃ©s da Secretaria de EducaÃ§Ã£o, Cultura, Esportes e Eventos, realizou nos Ãºltimos dias a reforma na quadra da Escola Manoel Baptista de Andrade, no bairro Cedro.

Novo piso, pintura completa e demarcaÃ§Ã£o das linhas foram alguns dos serviÃ§os realizados deixando a quadra totalmente apta para a prÃ¡tica de esportes. O espaÃ§o alÃ©m de receber as atividades da Escola, tambÃ©m Ã© uma Ã¡rea de lazer para os moradores do bairro Cedro.

â€œEssa Ã© mais uma aÃ§Ã£o de valorizaÃ§Ã£o do patrimÃ´nio pÃºblico de nossa gestÃ£o, atendendo os pedidos da direÃ§Ã£o da escola, moradores do bairro e CÃ¢mara de Vereadores. â€œ disse o Prefeito Gutinho Bernardes 

Secretaria de EducaÃ§Ã£o, Cultura, Esportes e Eventos
 
Prefeitura Municipal de Areal

#reforma #quadra #areal #rj",,89
Areal,RJ,Comentario,2022-09-19 21:20:21,stefansvb,,ğŸ‘ğŸ‘ğŸ‘,
Areal,RJ,Comentario,2022-09-19 21:34:25,marianammorena,,ğŸ‘ğŸ‘ğŸ‘,
Areal,RJ,Comentario,2022-09-19 22:16:50,soraiapontessilva,,A da rua ParÃ¡ tb estÃ¡ precisando.,
Areal,RJ,Comentario,2022-09-20 13:31:51,luizclaudioimoveis,,ğŸ‘ğŸ‘ğŸ‘ğŸ‘,
Areal,RJ,Post,2022-09-19 17:41:09,prefeituradeareal,"Prefeitura de Areal inicia reforma da UBS Amazonas

A Prefeitura Municipal de Areal, atravÃ©s da Secretaria de SaÃºde e Secretaria de Obras, Infraestrutura e Saneamento iniciou na Ãºltima segunda-feira (12/09) as obras de reforma da UBS do bairro Amazonas.

A reforma completa do espaÃ§o irÃ¡ contemplar padronizaÃ§Ã£o da UBS, modernizaÃ§Ã£o, climatizaÃ§Ã£o, pintura, infraestrutura, ampliaÃ§Ã£o do espaÃ§o e outras melhorias, gerando conforto, bem-estar e dignidade para a populaÃ§Ã£o usuÃ¡ria desse importante serviÃ§o de saÃºde. 

Acompanhe no vÃ­deo o anÃºncio do Prefeito Gutinho Bernardes ğŸ“¹ğŸ¥

Secretaria de SaÃºde
Secretaria de Obras, Infraestrutura e Saneamento
 
Prefeitura Municipal de Areal 

#obra #areal #ubs #saude #melhoria",,80
Areal,RJ,Comentario,2022-09-19 18:54:53,dilcileabraz,,Que maravilha ğŸ‘ğŸ‘ğŸ‘ğŸ‘,
Areal,RJ,Comentario,2022-09-20 13:26:42,luizclaudioimoveis,,ğŸ‘ğŸ‘,
Areal,RJ,Post,2022-09-17 22:31:23,prefeituradeareal,"FÃ¡bio Mello Ã© campeÃ£o do Circuito Triathlon Brasil Sprint 

O atleta Arealense Fabio Mello sagrou-se campeÃ£o do Circuito Triathlon Brasil Sprint. O Circuito com as modalidades de nataÃ§Ã£o (1km), ciclismo (20km) e corrida (05km) foi disputado em trÃªs etapas, Rio de Janeiro, FlorianÃ³polis e MaceiÃ³. 

Fabio Mello recebeu o benefÃ­cio do programa bolsa atleta para custear a inscriÃ§Ã£o e gastos na preparaÃ§Ã£o para todas as etapas da prova.

A administraÃ§Ã£o Municipal parabeniza o atleta pelo brilhante desempenho e deseja sucesso nas prÃ³ximas competiÃ§Ãµes. 

O Programa Bolsa Atleta, atravÃ©s da Secretaria de EducaÃ§Ã£o, Cultura, Esportes e Eventos, beneficia atletas profissionais do MunicÃ­pio que participam de competiÃ§Ãµes oficiais,incentivando o esporte e promovendo a cidade.

Secretaria de EducaÃ§Ã£o, Cultura, Esportes e Eventos
Prefeitura Municipal de Areal

#areal #rj #atleta #patrocinio #esporte",,181
Areal,RJ,Comentario,2022-09-20 11:21:00,renatabechcoisasdavida,,ParabÃ©ns ğŸ‘ğŸ‘ğŸ‘ğŸ‘,
Areal,RJ,Comentario,2022-09-19 22:18:46,carloshenrique_santinon,,ğŸ‘ğŸ‘ğŸ‘,
Areal,RJ,Comentario,2022-09-17 23:32:10,betastelles,,ğŸ‘ğŸ‘ğŸ‘,
Areal,RJ,Comentario,2022-09-17 23:21:20,mariagemaquintella,,ğŸ‘ğŸ‘ğŸ‘ğŸ‘â¤â¤â¤ ParabÃ©ns!!!!!,
Areal,RJ,Comentario,2022-09-19 16:26:57,melbarcellosarteemfios,,ğŸ‘ğŸ‘ğŸ‘,
Areal,RJ,Comentario,2022-09-17 23:06:07,sandralusil,,Parabens,
Areal,RJ,Comentario,2022-09-17 23:56:05,daniellagomesdemattos,,ğŸ‘ğŸ‘ğŸ‘ğŸ‘,
Areal,RJ,Comentario,2022-09-19 14:09:07,chantelepapelariapersonalizada,,ğŸ‘ğŸ‘ğŸ‘ğŸ‘,
Areal,RJ,Comentario,2022-09-18 00:33:31,osvaldolosantos,,ParabÃ©ns Fabinho.,
Areal,RJ,Comentario,2022-09-18 15:22:06,martaalmeidareis59,,ParabÃ©ns Fabinho ğŸ‘ğŸ‘ğŸ‘ğŸ‘,
Areal,RJ,Comentario,2022-09-17 22:53:48,aparecidaferreiravieira,,ParabÃ©ns!!!,
Areal,RJ,Comentario,2022-09-17 23:42:14,saborarte_arealrj,,ParabÃ©ns Fabinho ğŸ‘ğŸ‘ğŸ‘,
Areal,RJ,Comentario,2022-09-18 00:34:52,osvaldolosantos,,ParabÃ©ns Prefeitura de Areal.,
Areal,RJ,Comentario,2022-09-18 12:04:23,sanabio_construcoes_reformas,,ParabÃ©ns amigo vocÃª merece ğŸ‘ğŸ‘ğŸ‘ğŸ‘,
Areal,RJ,Comentario,2022-09-17 23:05:53,fernandodoriobrandao,,ğŸ‘ğŸ‘ğŸ‘ğŸ™ŒğŸ™ŒğŸ™Œ,
Areal,RJ,Comentario,2022-09-18 02:23:42,millerbaiao,,ğŸ‘ğŸ‘ğŸ‘,
Areal,RJ,Comentario,2022-09-18 00:28:44,belisdoces_arealrj,,ğŸ‘ğŸ‘ğŸ‘â¤ï¸,
Areal,RJ,Comentario,2022-09-18 17:05:21,araujo.biancac,,ParabÃ©ns Fabinho ğŸ¥³ğŸŒŸ,
Areal,RJ,Comentario,2022-09-18 03:25:40,melodarosa,,ğŸ‘ğŸ‘ğŸ‘ğŸ‘ğŸ‘ğŸ‘ğŸ‘,
Areal,RJ,Comentario,2022-09-17 22:33:31,betocalcadosoficial,,ParabÃ©ns para este herÃ³i e campeÃ£o de nosso MunicÃ­pio!!,
Areal,RJ,Comentario,2022-09-17 22:39:59,d.valle90s,,ğŸ‘,
Areal,RJ,Comentario,2022-09-18 13:24:24,casanacolina_fazendadocedro,,E a Casa na Colina na Fazenda do Cedro fica em Ateal,
Areal,RJ,Post,2022-09-16 13:10:38,prefeituradeareal,"E frio estÃ¡ de volta e, dessa vez,  trouxe a chuva de companhia. Bora dar aquele confere no clima para o final de semana ğŸ‘†ğŸ¼

#areal #defesacivilareal #prefeituradeareal #pma #climaareal #temperatura",,148
Areal,RJ,Comentario,2022-09-16 17:42:06,igorbastos2016,,ParabÃ©ns pelo trabalho ğŸ‘ğŸ‘ğŸ‘ğŸš€ğŸš€ğŸš€,
Areal,RJ,Post,2022-09-16 11:59:35,prefeituradeareal,"Curso de ProteÃ§Ã£o de Nascentes

A Prefeitura Municipal de Areal, atravÃ©s da Secretaria de Meio Ambiente, Agricultura e Turismo, em parceria com Sindicato Rural de ParaÃ­ba do Sul e Senar/RJ, oferece o curso de ProteÃ§Ã£o de Nascentes. 

Acompanhante no post local, horÃ¡rio, data e todas as informaÃ§Ãµes pertinentes. NÃ£o perca essa oportunidade! 

InscriÃ§Ãµes e mais informaÃ§Ãµes:
(24) 2257-3919 Ramal 212

Secretaria de Meio Ambiente, Agricultura e Turismo
Prefeitura Municipal de Areal

#areal #prefeitura #curso #areal",,48
Areal,RJ,Post,2022-09-14 20:55:57,prefeituradeareal,"Show de Maria GadÃº Ã© sucesso em Areal! 

A Prefeitura Municipal de Areal, atravÃ©s da Secretaria de EducaÃ§Ã£o, Cultura, Esportes e Eventos realizou na Ãºltima terÃ§a-feira (13/09) a Festa da Primavera.

A cantora e compositora Maria GadÃº se uniu a  Orquestra SinfÃ´nica Juvenil de Areal no primeiro evento do projeto ""Orquestra SinfÃ´nica Juvenil de Areal convida"" em que recebe importantes nomes da mÃºsica Brasileira para dividir o palco.

Entre cordas, sopros e percussÃ£o foram entoados ShimbalaiÃª, Bela Flor e outros sucessos com a participaÃ§Ã£o da Orquestra SinfÃ´nica Juvenil de Areal e da Orquestra SinfÃ´nica Juvenil Carioca.

Veja como foi essa linda noite de arte, cultura e muita mÃºsica ğŸ¤³ğŸ“¸

Secretaria de EducaÃ§Ã£o, Cultura, Esportes e Eventos 

Prefeitura Municipal de Areal 

#gadu #orquestra #areal #rj #musica",,190
Areal,RJ,Comentario,2022-09-14 20:56:31,gabrielli_isabel,,foi lindo demais â¤ï¸,
Areal,RJ,Comentario,2022-09-14 21:50:26,mariadagloriastarling,,ğŸ‘ğŸ‘ğŸ‘ğŸ‘,
Areal,RJ,Comentario,2022-09-15 21:47:15,luizclaudioimoveis,,ğŸ‘ğŸ‘,
Areal,RJ,Post,2022-09-12 21:31:48,prefeituradeareal,"Prefeitura no bairro!

A Prefeitura Municipal de Areal, atravÃ©s da Secretaria de ServiÃ§os PÃºblicos, realizou nos Ãºltimos dias a pavimentaÃ§Ã£o das ruas JosÃ© dos Santos - DelÃ­cia - JosÃ© Chagas (Pedreira) - Manoel Fernandes e PortÃµes.

Veja como ficou ğŸ“¸ğŸ¤³

Secretaria de ServiÃ§os PÃºblicos
Prefeitura Municipal de Areal 

#asfalto #serviÃ§o #areal #trabalho",,155
Areal,RJ,Comentario,2022-09-12 21:45:10,flaviavi98,,Porque nÃ£o asfaltam vila Dantas? PÃ³ de pedra nÃ£o adianta!,
Areal,RJ,Comentario,2022-09-12 22:34:41,nascimentoregina700,,Boa esperanÃ§a vila Dantas tambÃ©m precisam ser asfaltadas tambÃ©m,
Areal,RJ,Comentario,2022-09-12 23:43:57,pedrinhoangelafranca,,Esse Ã© o prefeito que eu queria no meu municÃ­pio parabÃ©ns,
Areal,RJ,Comentario,2022-09-12 23:47:20,isah.fd,,ğŸ‘ğŸ‘ğŸ‘ğŸ‘ğŸ‘ğŸ‘,
Areal,RJ,Comentario,2022-09-13 12:36:29,rodrigoduvivier,,"Quem me dera ter pÃ³ de pedra, jÃ¡ ajudava bem",
Areal,RJ,Comentario,2022-09-14 00:33:36,lauraneves685,,E Boa esperanÃ§a  precisa  muito  vem as chuvas  daqui a pouco  e a populaÃ§Ã£o  estarÃ¡ a merce  da lama  e o descaso  do poder pÃºblico ğŸ˜¢,
Areal,RJ,Comentario,2022-09-16 12:52:05,leandro.paulo01,,Porque nÃ£o asfantam a estrada que vai para vila dantas e boa esperanÃ§a . estÃ¡ cheia de buracos colocaram um pÃ³ de pedra que saiu tudo . estÃ¡ ruim de mais atÃ© para motos.,
Areal,RJ,Post,2022-09-12 14:56:33,prefeituradeareal,"Festa da Primavera 

A Prefeitura Municipal de Areal, atravÃ©s da Secretaria de EducaÃ§Ã£o, Cultura, Esportes e Eventos realizarÃ¡ nesta terÃ§a-feira (13/09) a Festa da Primavera. 

A cantora e compositora Maria GadÃº se une a  Orquestra SinfÃ´nica Juvenil de Areal para uma apresentaÃ§Ã£o Ãºnica.

Entre cordas, sopros e percussÃ£o serÃ£o entoados ShimbalaiÃª, Quase sem querer, Bela Flor, Tudo Diferente, Quando fui Chuva, Altar Particular, Linda Rosa, Lanterna dos Afogados e tantos outros sucessos. 

O evento faz parte do calendÃ¡rio cultural e do projeto ""Orquestra SinfÃ´nica Juvenil de Areal convida"" em que recebe importantes nomes da mÃºsica para dividir o palco.

GadÃº e a Orquestra SinfÃ´nica Juvenil de Areal brindam o pÃºblico Ã s 20 horas no Parque Julioca. Venha participar conosco! 

Secretaria de EducaÃ§Ã£o, Cultura, Esportes e Eventos 

Prefeitura Municipal de Areal 

#areal #gadu #orquestra #sinfonica #musica",,258
Areal,RJ,Comentario,2022-09-12 17:13:08,rafanicalory,,@romulocalory,
Areal,RJ,Comentario,2022-09-12 19:02:28,margaretemedeiros2013,,@cris72filhos,
Areal,RJ,Comentario,2022-09-12 19:11:17,marianamjs,,ğŸ‘ğŸ»ğŸ‘ğŸ»ğŸ‘ğŸ»ğŸ‘ğŸ»,
Areal,RJ,Comentario,2022-09-12 19:43:35,jorgeferreira3480,,ğŸ‘ğŸ‘ğŸ‘ğŸ‘,
Areal,RJ,Comentario,2022-09-12 22:03:57,paulasilvarocha,,Que perfeito! ğŸ‘ğŸ»â¤ï¸,
Areal,RJ,Comentario,2022-09-12 23:36:29,isah.fd,,ğŸ˜,
Areal,RJ,Comentario,2022-09-13 00:58:15,luizclaudioimoveis,,ğŸ‘ğŸ‘,
Areal,RJ,Comentario,2022-09-13 02:07:57,angelavieiracampos,,ğŸ‘ğŸ‘ğŸ‘ğŸ‘ğŸ‘ğŸ‘ğŸ‘ğŸ‘,
Areal,RJ,Comentario,2022-09-13 21:54:10,victoriandradelm,,o estudante de outro estado nÃ£o tem um dia de paz AAAAAAAAAAAAA,
Areal,RJ,Post,2022-09-09 21:47:19,prefeituradeareal,"CalendÃ¡rio de VacinaÃ§Ã£o Repescagem COVID-19 

A Prefeitura Municipal de Areal divulga o calendÃ¡rio de repescagem da vacinaÃ§Ã£o contra a COVID-19.

Confira no post pÃºblico alvo, data, horÃ¡rios e todas as informaÃ§Ãµes pertinentes.

O calendÃ¡rio de vacinaÃ§Ã£o Ã© divulgado conforme a remessa de vacinas recebidas pelo MunicÃ­pio, seja para 1Âª, 2Âª, 3Âª , 4Âª ou dose pediÃ¡trica. 

Vacina sim!
Protege vocÃª, protege os outros!

#arealsemcovid

Secretaria de SaÃºde 

Prefeitura Municipal de Areal

#calendario #vacinaÃ§Ã£o #covid19 #areal",,20
Areal,RJ,Post,2022-09-08 20:59:43,prefeituradeareal,"EstÃ¡cio e Areal, deu match!

A Universidade EstÃ¡cio de SÃ¡ em parceria com a Prefeitura de Areal oferece atÃ© 70% de desconto nos cursos de graduaÃ§Ã£o e pÃ³s-graduaÃ§Ã£o para os servidores pÃºblicos do MunicÃ­pio de Areal e seus dependentes.

Se interessou e quer saber mais ?

Acesse o link: https://abre.ai/vestibular22-2  preencha o formulÃ¡rio que a EstÃ¡cio entrarÃ¡ em contato com vocÃª.

Mais informaÃ§Ãµes:
(24) 98154-0104

Secretaria de AdministraÃ§Ã£o 

Prefeitura Municipal de Areal

#graduacao #estacio #parceria #areal",,26
Areal,RJ,Post,2022-09-08 14:59:44,prefeituradeareal,"Prefeitura de Areal participa de evento Green Rio 

A Prefeitura Municipal de Areal, atravÃ©s da Secretaria de Meio Ambiente, Agricultura e Turismo, participou na Ãºltima quinta-feira (01/09) do evento Green Rio, na cidade do Rio de Janeiro.

O Green Rio Ã© um Importante evento para consolidar o Brasil como um paÃ­s estratÃ©gico no cenÃ¡rio da bioeconomia mundial.

A Secretaria de Meio Ambiente disponibilizou transporte para os produtores rurais locais para participarem do evento, tendo acesso gratuitamente Ã s conferÃªncias com palestrantes do Brasil e de outros paÃ­ses, alÃ©m de conhecer outros produtores comprometidos com alimentaÃ§Ã£o saudÃ¡vel e desenvolvimento sustentÃ¡vel.

â€œ O Green Rio Ã© uma plataforma para negÃ³cios, inovaÃ§Ã£o e pesquisa em bioeconomia e economia verde. Esse networking com os nossos produtores Ã© fundamental para implementaÃ§Ã£o de novas tÃ©cnicas e desenvolvimento sustentÃ¡vel.â€ Disse o Prefeito Gutinho Bernardes 

Secretaria de Meio Ambiente, Agricultura e Turismo

Prefeitura Municipal de Areal 

#areal #rj #green #meioambiente",,110
Areal,RJ,Comentario,2022-09-08 15:59:51,_ferreiracleber,,ğŸ‘ğŸ‘ğŸ‘,
Areal,RJ,Post,2022-09-08 11:51:43,prefeituradeareal,"CalendÃ¡rio de VacinaÃ§Ã£o Repescagem COVID-19 

A Prefeitura Municipal de Areal divulga o calendÃ¡rio de repescagem da vacinaÃ§Ã£o contra a COVID-19.

Confira no post pÃºblico alvo, data, horÃ¡rios e todas as informaÃ§Ãµes pertinentes.

O calendÃ¡rio de vacinaÃ§Ã£o Ã© divulgado conforme a remessa de vacinas recebidas pelo MunicÃ­pio, seja para 1Âª, 2Âª, 3Âª , 4Âª ou dose pediÃ¡trica. 

Vacina sim!
Protege vocÃª, protege os outros!

#arealsemcovid

Secretaria de SaÃºde 

Prefeitura Municipal de Areal

#calendario #vacinaÃ§Ã£o #covid19 #areal",,11
Areal,RJ,Post,2022-09-07 12:38:49,prefeituradeareal,"Brasil, paÃ­s verde e gigante pela prÃ³pria natureza. Amarelo por suas riquezas. Azul por seus rios e seu cÃ©u. Branco por causa de seu desejo pela paz. Que nÃ£o nos falte ordem nem progresso!

07 de Setembro - Dia da independÃªncia do Brasil

Prefeitura Municipal de Areal

#setembro #independÃªncia #areal #rj",,31
Areal,RJ,Post,2022-09-06 21:00:15,prefeituradeareal,"Desfile CÃ­vico 2022

A Prefeitura Municipal de Areal, atravÃ©s da Secretaria de EducaÃ§Ã£o, Cultura, Esportes e Eventos, realizou neste domingo (04/09) o desfile CÃ­vico 2022.

Em comemoraÃ§Ã£o ao dia da IndependÃªncia e trazendo a importÃ¢ncia histÃ³rica da data as Escolas Municipais, Centro Municipal de LÃ­nguas, Ciafete e ColÃ©gio CÃ­vico Militar Joaquim Vital Vieira desfilaram brilhantemente pela Avenida Amaral Peixoto.

â€œ ApÃ³s 5 anos devolvemos para populaÃ§Ã£o de Areal mais esse grande ato de civilidade e patriotismo. ParabÃ©ns Ã  todos os alunos, professores, organizadores e equipes envolvidas nesse evento organizado, objetivo e lindo! Areal volta a sorrir e celebrar as grandes datas! â€œ Destacou o Prefeito Gutinho Bernardes em seu discurso. 

Ao longo da Avenida os alunos contaram com ponto de apoio para hidrataÃ§Ã£o e kit lanche contendo biscoito, bolo, chocolate, fruta, jujuba, e suco. 

Participaram do desfile o Prefeito de Areal, Gutinho Bernardes, o Vice-prefeito, Laerte Calil de Freitas, o SecretÃ¡rio de EducaÃ§Ã£o, Beto CalÃ§ados e os Vereadores LuÃ­s da Papelaria, MÃ¡rcio Lima, Marcelo Pipa, Santana da Verdura, Itamar da AmbulÃ¢ncia, Valter LuÃ­s, Samuel Sanseverino e Marquinhos da SaÃºde.

Secretaria de EducaÃ§Ã£o, Cultura, Esportes e Eventos 

Prefeitura Municipal de Areal 

#areal #desfile #7setembro #civico",,242
Areal,RJ,Comentario,2022-09-06 21:05:11,associacaoculturalenea,,ParabÃ©ns Areal ğŸ–¤ğŸ’šğŸ¦… viva as bandas e fanfarras...,
Areal,RJ,Comentario,2022-09-06 21:30:02,nascimentoregina700,,Lindo demais ğŸ‘ğŸ‘ğŸ‘ğŸ‘ğŸ‘,
Areal,RJ,Post,2022-09-05 20:59:54,prefeituradeareal,"Prefeitura de Areal anuncia novas vagas do programa BalcÃ£o de Empregos

A Prefeitura Municipal de Areal, atravÃ©s da Secretaria de Desenvolvimento EconÃ´mico, anuncia as novas vagas do programa BalcÃ£o de Empregos.

Confira no post!

Os interessados podem enviar por e-mail ou entregar o currÃ­culo com a vaga desejada identificada na Secretaria de Desenvolvimento EconÃ´mico, localizada na PraÃ§a Yedo FiÃºza, Nâ€¢ 58, Centro, Ilha Shopping, lojas 28 e 29.

A Prefeitura encaminha para as empresas solicitantes os currÃ­culos, logo apÃ³s o cadastro, nÃ£o participando de qualquer etapa do processo de seleÃ§Ã£o ou contrataÃ§Ã£o dos candidatos.

Mais informaÃ§Ãµes:
(24) 2257-9729
bancodeempregos@areal.rj.gov.br

Secretaria de Desenvolvimento EconÃ´mico

Prefeitura Municipal de Areal

#empregos #areal #prefeitura #balcÃ£o",,55
Areal,RJ,Comentario,2022-09-10 14:09:02,silv.ana6878,,Quais sÃ£o as vagas por favor?,
Areal,RJ,Post,2022-09-04 19:57:27,prefeituradeareal,"Uma palinha do que rolou hoje pela manhÃ£ no Desfile CÃ­vico 2022 em comemoraÃ§Ã£o ao dia da IndependÃªncia, trazendo a importÃ¢ncia histÃ³rica da data com o desfile de nossas Escolas Municipais, Centro Municipal de LÃ­nguas, Ciafete e ColÃ©gio CÃ­vico Militar Joaquim Vital Vieira. 

#desfilecivico2022 #desfileareal #independenciadobrasil #areal #desfilerj",,626
Areal,RJ,Comentario,2022-09-04 21:31:25,aparecidacarvalhoabreu,,ğŸ‘ğŸ‘,
Areal,RJ,Comentario,2022-09-05 02:57:50,wilza.n,,ğŸ‘ğŸ‘ğŸ‘ğŸ‘,
Areal,RJ,Comentario,2022-09-06 00:24:35,cariusfatima,,ğŸ‘ğŸ‘ğŸ‘ğŸ‘,
Areal,RJ,Comentario,2022-09-04 20:23:35,joao.araujo.712,,ğŸ™ŒğŸ‘ğŸ‘ğŸ‘,
Areal,RJ,Comentario,2022-09-04 22:20:57,jm10bento,,Quero parabenizar a todos os envolvidos no desfile ğŸ‘ğŸ‘ğŸ‘ğŸ‘,
Areal,RJ,Comentario,2022-09-05 00:40:39,raedergilsandro,,ğŸ‘ğŸ‘ğŸ‘ğŸ‘ğŸ‘ğŸ‘,
Areal,RJ,Comentario,2022-09-04 20:50:05,isadora_dias_,,Foi lindo! ğŸ‘ğŸ»,
Areal,RJ,Comentario,2022-09-07 00:18:43,eloisanreis,,ğŸ‘ğŸ‘ğŸ‘ğŸ‘ğŸ‘ğŸ‘ğŸ‘ğŸ‘,
Areal,RJ,Comentario,2022-09-04 20:27:02,alessandrasoares123,,"Tudo lindo, parabÃ©ns ğŸ‘ğŸ‘ğŸ‘ğŸ‘",
Areal,RJ,Comentario,2022-09-04 20:38:53,felipinhobarrosoficial,,ğŸ‘ğŸ‘ğŸ‘ğŸ‘ğŸ‘,
Areal,RJ,Comentario,2022-09-04 21:18:37,josianeamiranda,,Foi lindo ğŸ‘ğŸ‘ğŸ‘ğŸ‘,
Areal,RJ,Comentario,2022-09-04 20:22:34,biaferreira547,,ParabÃ©ns ğŸ‰,
Areal,RJ,Comentario,2022-09-04 23:05:34,veradosreisbarbosa,,ğŸ‘ğŸ‘ğŸ‘ğŸ‘ğŸ‘ğŸ‘ğŸ‘,
Areal,RJ,Comentario,2022-09-05 04:36:06,alcideavmachado,,â¤ï¸â¤ï¸â¤ï¸ğŸ‘ğŸ‘ğŸ‘ğŸ‘ğŸ‘ Tudo MaravilhosoğŸ’•ğŸ’•ğŸ’•ğŸ’•ğŸ’•ğŸ’•,
Areal,RJ,Comentario,2022-09-04 20:52:51,silvanasantiago18,,"ParabÃ©ns Gutinho  por sua  dedicaÃ§Ã£o e por todos os projetos que envolvem AREAL,o desfile de hoje estava lindo ğŸ‘ğŸ‘ğŸ‘ğŸ‘",
Areal,RJ,Comentario,2022-09-04 20:28:14,eu_draraqueloliveira,,ğŸ‘ğŸ‘ğŸ‘ğŸ‘ğŸ‘ğŸ‘,
Areal,RJ,Comentario,2022-09-04 22:10:45,felipegventura,,Muito bacana ğŸ‡§ğŸ‡·,
Areal,RJ,Comentario,2022-09-04 21:42:54,fernandodoriobrandao,,ğŸ™ŒğŸ™ŒğŸ‘ğŸ‘ParabÃ©ns ao Povo de Areal,
Areal,RJ,Comentario,2022-09-05 00:07:57,marianammorena,,"Foi lindo, impecÃ¡vel! ğŸ‘â¤ï¸",
Areal,RJ,Comentario,2022-09-05 01:22:00,angelina_reginasoares,,"Ficou muito bonito sim, parabÃ©ns",
Areal,RJ,Comentario,2022-09-05 18:59:38,leonardobarros806,,Eu adorava 7 de setembro....que legal resgatar esse ato de patriotismo para as crianÃ§as e adolescentes...ğŸ‘ğŸ¼ğŸ‘ğŸ¼ğŸ‘ğŸ¼ğŸ‡§ğŸ‡·ğŸ‡§ğŸ‡·ğŸ‡§ğŸ‡·,
Areal,RJ,Comentario,2022-09-05 22:13:28,oandreijovino,,ğŸ‘ğŸ‘ğŸ‘ğŸ‘,
Areal,RJ,Comentario,2022-09-04 21:11:28,lacerdacarolv,,Orgulho gigantesco em fazer parte de um time tÃ£o cuidadoso. Cuidado com os uniformes e atÃ© mesmo com o lanchinho dos pequenos. Tem sido lindo ğŸ‘ğŸ‘ğŸ‘,
Areal,RJ,Post,2022-09-03 15:20:38,prefeituradeareal,"TrÃ¢nsito Desfile CÃ­vico 2022

A Prefeitura Municipal de Areal, atravÃ©s da Secretaria de EducaÃ§Ã£o, Cultura, Esportes e Eventos, realizarÃ¡ neste domingo (04/09) o desfile CÃ­vico 2022.

Confira no post as alteraÃ§Ãµes no trÃ¢nsito para veÃ­culos leves e pesados. 

Secretaria de EducaÃ§Ã£o, Cultura, Esportes e Eventos 
Prefeitura Municipal de Areal

#transito #areal #desfile #civico",,104
Areal,RJ,Comentario,2022-09-03 22:18:26,zeca.braga,,Desvia o trÃ¢nsito pela Estrada do Cambote.ğŸ¤ªğŸ˜«ğŸ˜¤,
Areal,RJ,Post,2022-09-02 12:47:54,prefeituradeareal,"Desfile CÃ­vico 2022

A Prefeitura Municipal de Areal, atravÃ©s da Secretaria de EducaÃ§Ã£o, Cultura, Esportes e Eventos, realizarÃ¡ neste domingo (04/09) o desfile CÃ­vico 2022.

Em comemoraÃ§Ã£o ao dia da IndependÃªncia e com o objetivo de trazer Ã  populaÃ§Ã£o importÃ¢ncia histÃ³rica da data, o MunicÃ­pio  contarÃ¡ com um cronograma especial com o desfile dos alunos das escolas Municipais e Estaduais. 

A concentraÃ§Ã£o para o desfile acontecerÃ¡ no Centro da cidade (barateza), Ã s 08h. O desfile iniciarÃ¡ Ã s 8h30 com a solenidade de abertura.

Venha participar conosco!

Secretaria de EducaÃ§Ã£o, Cultura, Esportes e Eventos 

Prefeitura Municipal de Areal 

#areal #desfile #7setembro #civico",,205
Areal,RJ,Comentario,2022-09-03 16:04:53,giselemarques123,,ğŸ‘ğŸ‘,
Areal,RJ,Comentario,2022-09-03 16:26:59,raedergilsandro,,ğŸ‡§ğŸ‡·ğŸ‘ğŸ‘ğŸ‘,
Areal,RJ,Comentario,2022-09-03 22:16:21,zeca.braga,,"Prefeito @gutinhobernardes, uma sugestÃ£o: por que nÃ£o promove esse desfile na Estrada do Cambote? ğŸ˜ğŸ˜ğŸ˜",
Areal,RJ,Post,2022-09-01 22:37:34,prefeituradeareal,"Mais um dia de Vistoria Itinerante em Areal

O Detran RJ em parceria com a Prefeitura Municipal de Areal, realizarÃ¡ na prÃ³xima semana, segunda-feira (05/09) a vistoria itinerante em Areal.

O aÃ§Ã£o leva os serviÃ§os de veÃ­culos para as cidades que nÃ£o possuem postos de vistorias, sendo oferecidos diversos serviÃ§os como vistorias, transferÃªncias e emplacamentos.

Os interessados devem agendar o serviÃ§o atravÃ©s do site www.detran.rj.gov.br ou pelo telefone (21) 3460-4040 das 6h Ã s 21h.

Detran RJ

Prefeitura Municipal de Areal",,17
Areal,RJ,Post,2022-08-31 22:01:05,prefeituradeareal,"Prefeitura de Areal anuncia novas vagas do programa BalcÃ£o de Empregos

A Prefeitura Municipal de Areal, atravÃ©s da Secretaria de Desenvolvimento EconÃ´mico, anuncia as novas vagas do programa BalcÃ£o de Empregos.

Confira no post!

Os interessados podem enviar por e-mail ou entregar o currÃ­culo com a vaga desejada identificada na Secretaria de Desenvolvimento EconÃ´mico, localizada na PraÃ§a Yedo FiÃºza, Nâ€¢ 58, Centro, Ilha Shopping, lojas 28 e 29.

A Prefeitura encaminha para as empresas solicitantes os currÃ­culos, logo apÃ³s o cadastro, nÃ£o participando de qualquer etapa do processo de seleÃ§Ã£o ou contrataÃ§Ã£o dos candidatos.

Mais informaÃ§Ãµes:
(24) 2257-9729
bancodeempregos@areal.rj.gov.br

Secretaria de Desenvolvimento EconÃ´mico

Prefeitura Municipal de Areal

#empregos #areal #prefeitura #balcÃ£o",,55
Areal,RJ,Comentario,2022-08-31 22:13:06,milla_sanabio,,@gustavo_sanabio_zimbrao,
Areal,RJ,Comentario,2022-09-01 10:20:08,giselemarques123,,ğŸ™Œ,
Areal,RJ,Post,2022-08-31 16:51:50,prefeituradeareal,"SaÃºde MÃ³vel, a saÃºde de Areal + perto de vocÃª!

A Prefeitura Municipal de Areal, atravÃ©s da Secretaria de SaÃºde realizou nos dias 29/08 e 30/08 o projeto SaÃºde MÃ³vel, a saÃºde de Areal + perto de vocÃª. 

O Programa Municipal SaÃºde MÃ³vel idealizado atravÃ©s de uma carreta mÃ©dica proporcionou a populaÃ§Ã£o Arealense diversos exames no centro da cidade.

Ao longo dos dois dias foram realizados 400 exames, entre eles, mamografia digital, densitometria Ã³ssea, ecocardiograma e ultrassonografia.

Os agendamentos e marcaÃ§Ãµes sÃ£o realizados de acordo com a demanda pelo Setor de RegulaÃ§Ã£o atravÃ©s dos nÃºmeros (24) 2257-1411 e (24) 99956-1823 WhatsApp, sendo os serviÃ§os e exames exclusivos para os mesmos. 

SaÃºde MÃ³vel, a saÃºde de Areal + perto de vocÃª! 

Secretaria de SaÃºde

Prefeitura Municipal de Areal

#saude #areal #rj #movel #exames",,145
Areal,RJ,Comentario,2022-08-31 20:06:44,ca_rolnascimento,,Trabalho de excelÃªncia! ğŸ™ŒğŸ‘ğŸ‘,
Areal,RJ,Comentario,2022-08-31 20:11:04,adrisaryro,,TambÃ©m fiz exame de mamografia  adorei o atendimento,
Areal,RJ,Comentario,2022-08-31 20:11:09,adrisaryro,,ğŸ‘ğŸ‘ğŸ‘ğŸ‘,
Areal,RJ,Comentario,2022-08-31 20:17:17,anamariaalmeida41,,Foi muito bom  amei,
Areal,RJ,Comentario,2022-08-31 20:25:48,fatimaluziaazevedo,,ParabÃ©ns a todos os envolvidos no Projeto.,
Areal,RJ,Comentario,2022-08-31 21:36:17,rosemerecarvalhoramos,,ğŸ‘ğŸ‘ğŸ‘,
Areal,RJ,Comentario,2022-09-01 02:38:06,angelavieiracampos,,ğŸ‘ğŸ‘ğŸ‘ğŸ‘ğŸ‘ğŸ‘ğŸ‘ğŸ‘,
Areal,RJ,Comentario,2022-09-01 10:21:16,giselemarques123,,ğŸ‘ğŸ‘ğŸ‘,
Areal,RJ,Comentario,2022-09-01 20:08:08,andresa7259,,ParabÃ©ns  prefeito e todo a sua equipeğŸ‘ğŸ‘,
Areal,RJ,Post,2022-08-30 17:59:35,prefeituradeareal,"CalendÃ¡rio de VacinaÃ§Ã£o Repescagem COVID-19 

A Prefeitura Municipal de Areal divulga o calendÃ¡rio de repescagem da vacinaÃ§Ã£o contra a COVID-19.

Confira no post pÃºblico alvo, data, horÃ¡rios e todas as informaÃ§Ãµes pertinentes.

O calendÃ¡rio de vacinaÃ§Ã£o Ã© divulgado conforme a remessa de vacinas recebidas pelo MunicÃ­pio, seja para 1Âª, 2Âª, 3Âª , 4Âª ou dose pediÃ¡trica. 

Vacina sim!
Protege vocÃª, protege os outros!

#arealsemcovid

Secretaria de SaÃºde 

Prefeitura Municipal de Areal

#calendario #vacinaÃ§Ã£o #covid19 #areal",,9
Areal,RJ,Post,2022-08-30 15:00:52,prefeituradeareal,"Curso de ExtensÃ£o Turismo PedagÃ³gico - UERJ

A Prefeitura Municipal de Areal, atravÃ©s da Secretaria de EducaÃ§Ã£o, Cultura, Esportes e Eventos, em parceria com a UERJ oferece o cursos de ExtensÃ£o Turismo PedagÃ³gico.

Acompanhe no post todas as informaÃ§Ãµes pertinentes.

NÃ£o perca essa oportunidade! Curso de qualidade ao alcance de suas mÃ£os. 

Secretaria de EducaÃ§Ã£o, Cultura, Esportes e Eventos

Prefeitura Municipal de Areal

#curso #educaÃ§Ã£o #ciafete #uerj",,42
Areal,RJ,Comentario,2022-08-30 19:08:07,thaynajesus7,,A onde  eu posso  esta fazendo  esse iscriÃ§ao,
Areal,RJ,Comentario,2022-09-01 10:22:48,giselemarques123,,ğŸ‘ğŸ‘,
Areal,RJ,Comentario,2022-09-05 20:58:59,marcelanpadilha.uerj,,InscriÃ§Ã£o tambÃ©m pela bio do @nupette.uerj,
Areal,RJ,Post,2022-08-30 11:33:11,prefeituradeareal,"5Âª Semana Municipal da Juventude - Areal 2022!!

A Prefeitura Municipal de Areal promoveu na Ãºltima semana (22/08 a 27/08) o evento mais aguardado pelos jovens Arealenses, a 5Âª Semana Municipal da Juventude.

Foram 7 dias de programaÃ§Ãµes especiais dentro e fora das escolas:

â¡ï¸ Atividades ao ar livre;
â¡ï¸ Concursos de desenho, fotografia mobile e poesia;
â¡ï¸ ApresentaÃ§Ãµes: Orquestra Juvenil Arealense, Camerata, Rap e danÃ§a;
â¡ï¸ ExposiÃ§Ã£o de Bibliotecas antigas;
â¡ï¸ Posse GrÃªmios Estudantis; 
â¡ï¸ Palestras 
â¡ï¸ Workshop de danÃ§a;
â¡ï¸ Skate Day;
â¡ï¸ Concurso de Xadrez.

â€œ A semana da Juventude foi um projeto idealizado no inÃ­cio de nosso mandato como Vereador e hoje como Prefeito da cidade estamos aperfeiÃ§oando e evoluindo cada vez mais. MÃºsica, arte, cultura conhecimento e diversÃ£o para nossos jovens. Muito obrigado a todos que apoiam esse projeto. â€œ disse o Prefeito de Areal Gutinho Bernardes. 

Coordenadoria da Juventude
Prefeitura Municipal de Areal 

#5semanadajuventude #pma #juventudeareal #semanadajuventudeareal",,142
Areal,RJ,Comentario,2022-08-30 12:27:30,felipinhobarrosoficial,,ğŸ‘ğŸ‘ğŸ‘ğŸ‘ğŸ‘ğŸ‘ğŸ‘ğŸ‘,
Areal,RJ,Comentario,2022-08-30 14:18:45,oandreijovino,,ğŸ‘ğŸ‘ğŸ‘ğŸ‘,
Areal,RJ,Post,2022-08-27 16:24:11,prefeituradeareal,"Campanha de vacinaÃ§Ã£o contra a Poliomielite e MultivacinaÃ§Ã£o para atualizaÃ§Ã£o da caderneta da crianÃ§a e adolescente 

A Prefeitura Municipal de Areal, atravÃ©s da Secretaria de SaÃºde, realizarÃ¡  a campanha de vacinaÃ§Ã£o contra a Poliomielite e MultivacinaÃ§Ã£o para atualizaÃ§Ã£o da caderneta da crianÃ§a e adolescente. 

A campanha ocorrerÃ¡ nas unidades bÃ¡sicas de saÃºde de referÃªncia dos bairros. 

Acompanhe no post o calendÃ¡rio, horÃ¡rio, local, faixa etÃ¡ria e todas as informaÃ§Ãµes pertinentes.

Secretaria de SaÃºde 
Prefeitura Municipal de Areal 

#vacinaÃ§Ã£o #poliomielite #duvidas #saude #rj",,12
Areal,RJ,Post,2022-08-26 18:29:17,prefeituradeareal,"VocÃª Ã© fumante e deseja parar de fumar? Venha participar dos grupos de tabagismo.

Acompanhe no post todas as informaÃ§Ãµes.

Secretaria de SaÃºde 

Prefeitura Municipal de Areal

#saude #tabaco #cigarro #areal",,25
Areal,RJ,Post,2022-08-26 00:35:26,prefeituradeareal,"Agosto LilÃ¡s - MÃªs de conscientizaÃ§Ã£o pelo fim da violÃªncia contra a mulher! 

A Prefeitura Municipal de Areal, atravÃ©s da Secretaria de Desenvolvimento Social, Cidadania e HabitaÃ§Ã£o, realizou nesta quinta-feira (25/08) o evento agosto lilÃ¡s, em conscientizaÃ§Ã£o ao fim da violÃªncia contra a mulher. 

O evento contou com palestras, apresentaÃ§Ãµes, aula de danÃ§a, mÃºsica, shows, mesa redonda, corte de cabelo, escovaÃ§Ã£o, esmaltaÃ§Ã£o, brinquedos e diversos outros serviÃ§os. 

Na oportunidade foi inaugura a Sala LilÃ¡s, para atendimento 24 horas Ã s vÃ­timas de violÃªncia, situada na Rua JoÃ£o Pedro da Silveira, 255, Centro - Areal

â€œ Esse evento Ã© muito importante para disseminarmos cada vez mais o conhecimento e direito das mulheres e por uma sociedade sem violÃªncia. â€œ Declarou o Prefeito Gutinho eu seu discurso. 

Participaram do evento o Prefeito de Areal, Gutinho Bernardes, o SecretÃ¡rio de Desenvolvimento Social, Cidadania e HabitaÃ§Ã£o, Ãlvaro Freitas, o Vereador Valter LuÃ­s, a ResponsÃ¡vel pelo Programa Flor de LÃ³tus e V. Exa DrÂª Elen de Freitas Barbosa, a PsicÃ³loga do Programa Flor de LÃ³tus, MÃ¡rcia Miranda e o Cabo Damasceno. 

Secretaria de Desenvolvimento Social, Cidadania e HabitaÃ§Ã£o 

Prefeitura Municipal de Areal 

#agosto #lilas #areal #rj",,74
Areal,RJ,Comentario,2022-08-26 10:20:53,larissa.msantos,,ğŸ‘ğŸ‘ğŸ‘ğŸ‘,
Areal,RJ,Post,2022-08-24 20:55:58,prefeituradeareal,"VocÃª sabe o que Ã© o Censo e qual a sua importÃ¢ncia para a sociedade? Vem que a gente te explica tudo bem direitinho! Arrasta para o lado, confira e marque quem tambÃ©m precisa dessa informaÃ§Ã£o.

Prefeitura Municipal de Areal

#prefeituradeareal #pma #areal #censo2022",,25
Areal,RJ,Post,2022-08-24 18:43:17,prefeituradeareal,"ProrrogaÃ§Ã£o de MatrÃ­cula
Cursos profissionalizantes - Firjan Senai 

A Prefeitura Municipal de Areal, atravÃ©s da Secretaria de Desenvolvimento EconÃ´mico em parceria com a Firjan Senai, anuncia a prorrogaÃ§Ã£o de matrÃ­cula para os cursos profissionalizantes de Operador de MÃ¡quinas de Usinagem Convencionais, Pedreiro de Alvenaria e de Revestimento em Argamassa e CerÃ¢mico e MecÃ¢nico de ManutenÃ§Ã£o.

Os cursos sÃ£o totalmente gratuitos e fazem parte do plano de capacitaÃ§Ã£o e qualificaÃ§Ã£o da populaÃ§Ã£o Arealense.

InscriÃ§Ãµes e mais informaÃ§Ãµes:

Secretaria de Desenvolvimento EconÃ´mico
(24) 2257-9729
Ilha Shopping, nÂº58, loja 49, Centro, Areal/RJ

Secretaria de Desenvolvimento EconÃ´mico
Prefeitura Municipal de Areal 

#cursos #profissionalizante #areal #firjan #senai",,31
Areal,RJ,Post,2022-08-23 20:55:36,prefeituradeareal,"CalendÃ¡rio de VacinaÃ§Ã£o Repescagem COVID-19 

A Prefeitura Municipal de Areal divulga o calendÃ¡rio de repescagem da vacinaÃ§Ã£o contra a COVID-19.

Confira no post pÃºblico alvo, data, horÃ¡rios e todas as informaÃ§Ãµes pertinentes.

O calendÃ¡rio de vacinaÃ§Ã£o Ã© divulgado conforme a remessa de vacinas recebidas pelo MunicÃ­pio, seja para 1Âª, 2Âª, 3Âª , 4Âª ou dose pediÃ¡trica. 

Vacina sim!
Protege vocÃª, protege os outros!

#arealsemcovid

Secretaria de SaÃºde 

Prefeitura Municipal de Areal

#calendario #vacinaÃ§Ã£o #covid19 #areal",,29
Areal,RJ,Comentario,2022-08-23 22:24:57,mcarolinaras,,@jheffvicente,
Areal,RJ,Comentario,2022-08-23 22:25:25,mcarolinaras,,@jheffvicente,
Areal,RJ,Post,2022-08-23 01:15:29,prefeituradeareal,"Agosto LilÃ¡s - MÃªs de conscientizaÃ§Ã£o pelo fim da violÃªncia contra a mulher! 

A Prefeitura Municipal de Areal, atravÃ©s da Secretaria de Desenvolvimento Social, Cidadania e HabitaÃ§Ã£o, realizarÃ¡ entre os dias (23/08 e 25/08) a semana agosto lilÃ¡s, em conscientizaÃ§Ã£o ao fim da violÃªncia contra a mulher. 

Palestras, apresentaÃ§Ãµes, aula de danÃ§a, mÃºsica, shows, mesa redonda, corte de cabelo, escovaÃ§Ã£o, brinquedos, serviÃ§os de saÃºde e muito mais! 

Acompanhe no post todas as informaÃ§Ãµes pertinentes. 

Secretaria de Desenvolvimento Social, Cidadania e HabitaÃ§Ã£o
Prefeitura Municipal de Areal 

#agosto #lilas #areal",,53
Areal,RJ,Comentario,2022-08-23 01:21:31,felipinhobarrosoficial,,ğŸ‘ğŸ‘ğŸ‘ğŸ‘ğŸ‘ğŸ‘,
Areal,RJ,Comentario,2022-08-23 02:21:12,marques.flav,,ğŸ‘ğŸ‘ğŸ‘ğŸ‘ğŸ‘,
Areal,RJ,Post,2022-08-22 15:03:30,prefeituradeareal,"5Âª Semana Municipal da Juventude!

A Prefeitura Municipal de Areal atravÃ©s da Coordenadoria Municipal da Juventude promove nesta semana (23/08 a 27/08) o evento mais aguardado por nossos jovens Arealenses, a 5Âª Semana Municipal da Juventude.

â¡ï¸ Atividades ao ar livre;
â¡ï¸ Concursos de desenho, fotografia mobile e poesia;
â¡ï¸ ApresentaÃ§Ãµes: Orquestra Juvenil Arealense, Rap e danÃ§a;
â¡ï¸ ExposiÃ§Ã£o de Bibliotecas antigas;
â¡ï¸ Feira de Artesanato, food truck, pipoca, algodÃ£o doce  e muito mais.

Arraste para o lado e confira a programaÃ§Ã£o completa!

Coordenadoria da Juventude

Prefeitura Municipal de Areal 

#5semanadajuventude #pma #juventudeareal #semanadajuventudeareal #prefeituradeareal",,106
Areal,RJ,Comentario,2022-08-23 01:01:09,felipinhobarrosoficial,,ğŸ‘ğŸ‘ğŸ‘ğŸ‘ğŸ‘ğŸ‘ğŸ‘ğŸ‘,
Areal,RJ,Comentario,2022-08-23 01:40:33,oandreijovino,,ğŸ‘ğŸ‘ğŸ‘ğŸ‘ğŸ‘,
Areal,RJ,Comentario,2022-08-23 04:51:22,moniiquebercot,,Que bacana!!!!!,
Areal,RJ,Post,2022-08-18 16:47:14,prefeituradeareal,"TÃ´ no Rio, tÃ´ em Areal!

A Prefeitura de Areal em parceria com o Governo do Estado do Rio de Janeiro realizarÃ¡ nesta quinta, sexta, sÃ¡bado e domingo o evento Inverno #tÃ´noRio.

Cinema, arte, artesanato, cultura, brinquedos e shows totalmente gratuitos no Parque Julioca.

A iniciativa conta com vÃ­deos que apresentam pontos turÃ­sticos incrÃ­veis de cada cidade, alÃ©m de propagar o talento de artistas musicais da regiÃ£o.

Venha e traga sua famÃ­lia!

Secretaria de Turismo do Estado do Rio de Janeiro
 
Prefeitura de Areal

#evento #turismo #areal #rj",,105
Areal,RJ,Comentario,2022-08-18 17:49:13,claudioeduardocsura,,"Acho inadmissÃ­vel este tipo de evento no local que foi criado como Parque EcolÃ³gico em uma Ãrea dePreservaÃ§Ã£oAmbiental(APA). Ao lado de um bairro residencial com acesso apenas por uma ponte. No evento da ""festa julina"" a mÃºsica alta foi ate as 03h da madrugada. Um desrespeito com os moradores.",
Areal,RJ,Comentario,2022-08-18 22:37:33,patricia_csz,,Outro evento barulhento num Parque EcolÃ³gico? Falta de respeito aos moradores da Julioca e a fauna...ğŸ˜«,
Areal,RJ,Comentario,2022-08-19 11:02:56,angelina_reginasoares,,"""pÃ£o e circo"".",
Areal,RJ,Comentario,2022-08-19 22:41:59,cissafelix,,Pergunta de ordem tÃ©cnica: sÃ³ vai quem tem carro?,
Areal,RJ,Post,2022-08-18 15:00:56,prefeituradeareal,"Curso de ExtensÃ£o Turismo PedagÃ³gico - UERJ

A Prefeitura Municipal de Areal, atravÃ©s da Secretaria de EducaÃ§Ã£o, Cultura, Esportes e Eventos, em parceria com a UERJ oferece o cursos de ExtensÃ£o Turismo PedagÃ³gico.

Acompanhe no post todas as informaÃ§Ãµes pertinentes.

NÃ£o perca essa oportunidade! Curso de qualidade ao alcance de suas mÃ£os. 

Secretaria de EducaÃ§Ã£o, Cultura, Esportes e Eventos

Prefeitura Municipal de Areal

#curso #educaÃ§Ã£o #ciafete #uerj",,34
Areal,RJ,Comentario,2022-08-19 14:24:15,jbbrechoinfantil,,ğŸ‘ğŸ‘ğŸ‘ğŸ‘ğŸ‘,
Areal,RJ,Post,2022-08-17 21:49:20,prefeituradeareal,"FIQUEM ATENTOS A CORREÃ‡ÃƒO NO CRONOGRAMA DACOLETASELETIVA

Arrasta para o lado e confira o cronograma corrigido do nosso programa Coleta Seletiva SolidÃ¡ria!
NÃ£o esqueÃ§a que sua contribuiÃ§Ã£o Ã© importante para o Meio Ambiente e nos ajude a construir umfuturo melhor e sustentÃ¡vel.

FaÃ§a parte deste projeto!

Secretaria de Meio Ambiente, Agricultura e Turismo

Prefeitura Municipal de Areal

#prefeituradeareal #meioambienteareal #coletaseletiveareal #cuidandodomeioambiente",,20
Areal,RJ,Comentario,2022-08-18 03:34:44,felipinhobarrosoficial,,ğŸ‘ğŸ‘ğŸ‘ğŸ‘ğŸ‘ğŸ‘ğŸ‘,
Areal,RJ,Comentario,2022-08-18 09:05:43,llcamotta,,ğŸ‘ğŸ‘ğŸ‘,
Areal,RJ,Post,2022-08-17 15:01:05,prefeituradeareal,"Dia D Poliomielite e AtualizaÃ§Ã£o da Caderneta Vacinal 

A Prefeitura Municipal de Areal, atravÃ©s da Secretaria de SaÃºde realizarÃ¡ neste sÃ¡bado (20/08) o dia D Poliomielite e AtualizaÃ§Ã£o da Caderneta Vacinal da crianÃ§a e adolescente. 

Acompanhe no post os horÃ¡rios por bairro, local e pÃºblico alvo por vacinaÃ§Ã£o. 

Vacina sim!
Protege vocÃª, protege os outros!

Secretaria de SaÃºde 

Prefeitura Municipal de Areal

#vacinaÃ§Ã£o #diaD #areal #saude",,42
Areal,RJ,Comentario,2022-08-18 03:35:24,felipinhobarrosoficial,,ğŸ‘ğŸ‘ğŸ‘ğŸ‘ğŸ‘ğŸ‘ğŸ‘,
Areal,RJ,Post,2022-08-16 20:39:31,prefeituradeareal,"TÃ´ no Rio, tÃ´ em Areal!

A Prefeitura de Areal em parceria com o Governo do Estado do Rio de Janeiro realizarÃ¡ de nesta quinta, sexta, sÃ¡bado e domingo o evento Inverno #tÃ´noRio.

Cinema, arte, artesanato, cultura, brinquedos e shows totalmente gratuitos no Parque Julioca.

A iniciativa conta com vÃ­deos que apresentam pontos turÃ­sticos incrÃ­veis de cada cidade, alÃ©m de propagar o talento de artistas musicais da regiÃ£o.

Acompanhe no post a programaÃ§Ã£o completa!!

Venha e traga sua famÃ­lia!

Secretaria de Turismo do Estado do Rio de Janeiro 

Prefeitura de Areal

#evento #turismo #areal #rj",,335
Areal,RJ,Comentario,2022-08-16 21:15:37,margaretemedeiros2013,,@cristinass.rj,
Areal,RJ,Comentario,2022-08-16 22:15:08,michelle_pisco,,@vivibio0722 @rafaelapisco @veronica_senra @robertaoliveira923171,
Areal,RJ,Comentario,2022-08-17 02:14:53,oandreijovino,,ğŸ‘ğŸ‘ğŸ‘ğŸ‘,
Areal,RJ,Comentario,2022-08-17 03:49:00,cyntia.tso,,@helenatds,
Areal,RJ,Comentario,2022-08-18 03:34:25,felipinhobarrosoficial,,ğŸ‘ğŸ‘ğŸ‘ğŸ‘ğŸ‘ğŸ‘,
Areal,RJ,Comentario,2022-08-18 16:32:27,claudioeduardocsura,,"Acho inadmissÃ­vel este tipo de evento no local que foi criado como Parque EcolÃ³gico em uma Ãrea dePreservaÃ§Ã£oAmbiental(APA). Ao lado de um bairro residencial com acesso apenas por uma ponte. No evento da ""festa julina"" a mÃºsica alta foi ate as 03h da madrugada. Um desrespeito com os moradores.",
Areal,RJ,Comentario,2022-08-18 22:39:56,patricia_csz,,Parece que o Parque EcolÃ³gico virou local de promoÃ§Ã£o do prefeito... pÃ£o e circo para o povo.,
Areal,RJ,Comentario,2022-08-19 00:18:22,renatovelasco66,,"Mais um evento com fundo polÃ­tico, em um local que nÃ£o infraestrutura para receber grande volume de visitantes, tirando a liberdade de circulaÃ§Ã£o dos moradores da Julioca, considerando que o acesso se dÃ¡ por uma ponte com passagem para um carro por vez, em um local criado para ser uma APA. No Ãºltimo evento, houve mÃºsica e agitaÃ§Ã£o atÃ© as 3:00 da manhÃ£.",
Areal,RJ,Post,2022-08-15 23:55:59,prefeituradeareal,"Os recenseadores do Instituto Brasileiro de Geografia e EstatÃ­stica (IBGE) deram inÃ­cio Ã  coleta domiciliar do Censo DemogrÃ¡fico 2022.
Ajude nas pesquisas! Ã‰ importante para todos!

Prefeitura Municipal de Areal 

#pma #prefeituradeareal #censo2022 #censoareal #regiaoserrana",,39
Areal,RJ,Comentario,2022-08-16 00:41:45,criiiiissantos,,ğŸ‘ğŸ‘ğŸ‘ğŸ‘ğŸ‘,
Areal,RJ,Comentario,2022-08-18 03:35:05,felipinhobarrosoficial,,ğŸ‘ğŸ‘ğŸ‘ğŸ‘ğŸ‘ğŸ‘ğŸ‘,
Areal,RJ,Post,2022-08-15 20:55:50,prefeituradeareal,"Prefeitura de Areal anuncia novas vagas do programa BalcÃ£o de Empregos

A Prefeitura Municipal de Areal, atravÃ©s da Secretaria de Desenvolvimento EconÃ´mico, anuncia as novas vagas do programa BalcÃ£o de Empregos.

Confira no post!

Os interessados podem enviar por e-mail ou entregar o currÃ­culo com a vaga desejada identificada na Secretaria de Desenvolvimento EconÃ´mico, localizada na PraÃ§a Yedo FiÃºza, Nâ€¢ 58, Centro, Ilha Shopping, lojas 28 e 29.

A Prefeitura encaminha para as empresas solicitantes os currÃ­culos, logo apÃ³s o cadastro, nÃ£o participando de qualquer etapa do processo de seleÃ§Ã£o ou contrataÃ§Ã£o dos candidatos.

Mais informaÃ§Ãµes:
(24) 2257-9729
bancodeempregos@areal.rj.gov.br

Secretaria de Desenvolvimento EconÃ´mico

Prefeitura Municipal de Areal

#empregos #areal #prefeitura #balcÃ£o",,54
Areal,RJ,Comentario,2022-08-15 21:50:05,felipinhobarrosoficial,,ğŸ‘ğŸ‘ğŸ‘ğŸ‘ğŸ‘,
Areal,RJ,Comentario,2022-08-15 22:36:04,izimbraodemello,,Oi to enteresado na vaga,
Areal,RJ,Post,2022-08-14 14:15:48,prefeituradeareal,"Meu herÃ³i, meu amigo, meu protetor e alÃ©m de tudo tem aquele abraÃ§o que sÃ³ ele pode me dar.

Feliz dia dos Pais!

Uma homenagem da Prefeitura Municipal de Areal",,23
Areal,RJ,Post,2022-08-13 21:15:08,prefeituradeareal,"Prefeitura de Areal assina termo de cooperaÃ§Ã£o tÃ©cnica com Governo do Estado para construÃ§Ã£o do Cine + 

A Prefeitura Municipal de Areal realizou nesta sexta-feira (12/08) a cerimÃ´nia de assinatura do termo de cooperaÃ§Ã£o tÃ©cnica com o Governo do Estado do Rio de Janeiro para a construÃ§Ã£o do CINE + na antiga estaÃ§Ã£o ferroviÃ¡ria da rua Manoel Fernandes/Nicanor. 

O espaÃ§o serÃ¡ restaurado e transformado em um cinema, com diversas atividades e cursos, representando um importante centro cultural para o MunicÃ­pio e mais uma frente de inovaÃ§Ã£o e oportunidades para os jovens.

A casa em anexo a antiga estaÃ§Ã£o foi desapropriada pelo Executivo em parceria com a CÃ¢mara de Areal e cedida para a construÃ§Ã£o do espaÃ§o. 

Participaram da CerimÃ´nia o Prefeito de Areal, Gutinho Bernardes, o Vice-prefeito, Laerte Calil de Freitas, a SecretÃ¡ria de Estado de Cultura, Danielle Barros, os Vereadores Samuel Sanseverino e Marcelo Pipa e a Presidente do Conselho de Cultura, Nasta Abdu.

Cinema, arte, cultura e desenvolvimento sociocultural. 

Prefeitura Municipal de Areal 

#cinema #areal #parceria #cultura #obras",,191
Areal,RJ,Comentario,2022-08-13 21:16:51,carol_nina86,,@trilhosdorio olha o destino da estaÃ§Ã£o de trem de Areal,
Areal,RJ,Comentario,2022-08-13 21:53:04,isadora_dias_,,ğŸ‘ğŸ»ğŸ‘ğŸ»ğŸ‘ğŸ»ğŸ‘ğŸ»,
Areal,RJ,Comentario,2022-08-13 22:56:58,jennifer_parada_,,ParabÃ©ns meu guerreiro pelo trabalho,
Areal,RJ,Comentario,2022-08-13 23:08:40,giselemarques123,,ğŸ‘ğŸ‘ğŸ‘,
Areal,RJ,Comentario,2022-08-14 01:05:43,marcelo_jose2020,,ğŸ‘ğŸ‘,
Areal,RJ,Comentario,2022-08-14 01:39:03,criiiiissantos,,Expectando a inauguraÃ§Ã£o!,
Areal,RJ,Comentario,2022-08-14 11:30:42,pedrinhoangelafranca,,Cidade que tem prefeito sÃ³ anda pra frente e valoriza sua gente parabÃ©ns @gutinhobernardes,
Areal,RJ,Comentario,2022-08-14 22:24:35,jm10bento,,Fico muito orgulhoso de cada passo  rumo ao futuro que Areal estÃ¡ dando e a cultura faz parte disso novamente parabenizo o prefeito Gutinho por mais esta lindo projeto ğŸ‘ğŸ‘,
Areal,RJ,Post,2022-08-13 15:09:37,prefeituradeareal,"VocÃª sabe identificar as diversas formas de violÃªncia contra a mulher? Arrasta para o lado e vem conferir!

#prefeituradeareal #arealemfoco #agostolilas #nÃ£oaviolencia",,38
Areal,RJ,Comentario,2022-08-13 22:55:48,cris_rsiqueira,,Muito bom os esclarecimentos. ğŸ’œ,
Areal,RJ,Post,2022-08-12 15:09:42,prefeituradeareal,"A construÃ§Ã£o de uma sociedade melhor estÃ¡ pautada na esperanÃ§a em nossa juventude. ParabÃ©ns aos nossos jovens pelo Dia Internacional da Juventude!

Prefeitura Municipal de Areal

#juventude #jovens #diainternacionaldajuventude",,30
Areal,RJ,Post,2022-08-11 15:00:17,prefeituradeareal,"Agosto Dourado 
MÃªs dedicado ao incentivo Ã  amamentaÃ§Ã£o 

A Prefeitura Municipal de Areal, atravÃ©s da Secretaria de SaÃºde, realizarÃ¡ no prÃ³ximo sÃ¡bado (13/08) o evento Agosto Dourado, mÃªs dedicado ao incentivo Ã  amamentaÃ§Ã£o.

ServiÃ§os disponÃ­veis: 

AferiÃ§Ã£o de pressÃ£o arterial e orientaÃ§Ãµes sobre os cuidados com as mÃ£es, orientaÃ§Ãµes sobre a importÃ¢ncia do aleitamento para os bebÃªs, agendamento de consultas em saÃºde da mulher para os PSFs e orientaÃ§Ãµes gerais de saÃºde, voltadas para gestantes e puÃ©rperas.

Acompanhe no post todas as informaÃ§Ãµes pertinentes. 

Secretaria de SaÃºde 

Prefeitura Municipal de Areal 

#saude #agosto #dourado #amamentaÃ§Ã£o",,32
Areal,RJ,Post,2022-08-11 12:55:28,prefeituradeareal,"Nota de Pesar

O Prefeito do MunicÃ­pio de Areal, Gutinho Bernardes e o Vice-prefeito Laerte Calil de Freitas, lamentam profundamente o falecimento de Alberto Abdu. 

Betinho Abdu foi corresponsÃ¡vel pela emancipaÃ§Ã£o polÃ­tico -administrativo de Areal, contribuindo tambÃ©m para a construÃ§Ã£o da sede da Prefeitura, AssociaÃ§Ã£o AtlÃ©tica Arealense, alÃ©m da Igreja Matriz e Hospital Nossa Senhora das Dores.

EmpresÃ¡rio, pai, marido e avÃ´, Betinho Abdu dedicou muitos anos de sua vida pelo crescimento de Areal.

Neste momento de dor e pesar, a administraÃ§Ã£o Municipal manifesta aos familiares e amigos as mais sinceras condolÃªncias.

Prefeitura Municipal de Areal",,301
Areal,RJ,Comentario,2022-08-11 13:33:17,bruna_thome_,,Deus dÃª o descanso eterno e consolo aos coraÃ§Ãµes que sofrem com estÃ¡ grande perda,
Areal,RJ,Comentario,2022-08-11 19:22:01,angelavieiracampos,,O sonho de tio Betinho Abdu â¤ï¸ Ver nossa cidade crescer!! Descanse em paz tio Betinho Abdu â¤ï¸ğŸ’”ğŸ˜¢ğŸ˜”,
Areal,RJ,Comentario,2022-08-11 15:44:42,claudinhaareal,,Meus sentimentos a todos familiares e amigos ğŸ˜¢,
Areal,RJ,Comentario,2022-08-11 17:10:10,mariadagloriastarling,,Nossos sentimentos,
Areal,RJ,Comentario,2022-08-11 15:32:13,selmaduartem,,Meus sentimentos a todos os familiares e amigos,
Areal,RJ,Comentario,2022-08-11 15:41:14,amandaamedici,,ğŸ¥ºğŸ˜¢â¤ï¸,
Areal,RJ,Comentario,2022-08-11 19:18:59,angelavieiracampos,,ğŸ˜”ğŸ’”ğŸ˜¢,
Areal,RJ,Comentario,2022-08-11 14:56:32,maria_candida_santos,,Meus sentimentos,
Areal,RJ,Comentario,2022-08-11 13:32:09,silvanafofao,,"ğŸ˜¢Meus sentimentos a familia ,amigos .E a cidade perder um baloarte politica.",
Areal,RJ,Comentario,2022-08-11 13:21:28,ateliefashion.bruna,,Tive o prazer de conhecÃª-lo!  Que Deus conforte o coraÃ§Ã£o de todos os entes queridos!,
Areal,RJ,Comentario,2022-08-11 13:40:09,mari_simonette,,ğŸ’”ğŸ˜¢,
Areal,RJ,Comentario,2022-08-11 15:23:36,eloisanreis,,Meus sentimentos Ã  famÃ­lia e amigos,
Areal,RJ,Comentario,2022-08-11 20:11:44,nilsonborsato57,,Meus sentimentos a famÃ­lia .,
Areal,RJ,Comentario,2022-08-12 12:29:09,joselaine.rlo,,Meus sentimentos a todos os familiares!!,
Areal,RJ,Comentario,2022-08-11 23:16:47,lichtdesouza,,Meus sentimentos,
Areal,RJ,Comentario,2022-08-12 00:20:37,jo.abdu,,ğŸ˜¢,
Areal,RJ,Comentario,2022-08-12 00:51:23,pedrostenzel,,Homem Gigante! O CÃ©u tÃ¡ em festa e pra nÃ³s ficarÃ¡ a saudade e as Ã³timas lembranÃ§as! Meus sentimentos para toda a famÃ­lia! â¤ï¸â¤ï¸ğŸ˜¢ğŸ˜¢,
Areal,RJ,Comentario,2022-08-13 11:10:43,hrusacoutinhodasilva,,Meus sentimentos a famÃ­lia e aos amigos.,
Areal,RJ,Post,2022-08-10 20:55:40,prefeituradeareal,"MudanÃ§a de EndereÃ§o 

A Prefeitura Municipal de Areal atravÃ©s da Secretaria de SaÃºde informa que a vacinaÃ§Ã£oda COVID-19 para as crianÃ§as de 03 anos e repescagem serÃ£o realizadas na Sala de ImunizaÃ§Ã£o Marta FÃ©o de Almeida, localizada na Avenida Amaral Peixoto, NÂ°50, loja 4, Centro - Areal/RJ.

Secretaria de SaÃºde 

Prefeitura Municipal de Areal

#saude #susareal #susrj #vacinaÃ§Ã£o",,10
Areal,RJ,Post,2022-08-10 17:55:44,prefeituradeareal,"Prefeitura de Areal anuncia novas vagas do programa BalcÃ£o de Empregos

A Prefeitura Municipal de Areal, atravÃ©s da Secretaria de Desenvolvimento EconÃ´mico, anuncia as novas vagas do programa BalcÃ£o de Empregos.

Confira no post!

Os interessados podem enviar por e-mail ou entregar o currÃ­culo com a vaga desejada identificada na Secretaria de Desenvolvimento EconÃ´mico, localizada na PraÃ§a Yedo FiÃºza, Nâ€¢ 58, Centro, Ilha Shopping, lojas 28 e 29.

A Prefeitura encaminha para as empresas solicitantes os currÃ­culos, logo apÃ³s o cadastro, nÃ£o participando de qualquer etapa do processo de seleÃ§Ã£o ou contrataÃ§Ã£o dos candidatos.

Mais informaÃ§Ãµes:
(24) 2257-9729
bancodeempregos@areal.rj.gov.br

Secretaria de Desenvolvimento EconÃ´mico

Prefeitura Municipal de Areal

#empregos #areal #prefeitura #balcÃ£o",,21
Areal,RJ,Comentario,2022-08-12 22:53:16,silv.ana6878,,Quais sÃ£o as vagas disponÃ­veis?,
Areal,RJ,Post,2022-08-09 20:56:06,prefeituradeareal,"Agosto LilÃ¡s! 

A Lei Maria da Penha nÂº 11.340 de 07 de agosto de 2006, garante a toda mulher em situaÃ§Ã£o de violÃªncia domÃ©stica e familiar proteÃ§Ã£o e acesso aos serviÃ§os de Defensoria PÃºblica e AssistÃªncia Social. 

ViolÃªncia contra mulher Ã© crime. Denuncie e apoie esse movimento!

ğŸ“²Ligue 180 

Agosto LilÃ¡s, 16 anos da Lei Maria da Penha!

Prefeitura Municipal de Areal 

#combate #violencia #mulher #agosto #lilas",,32
Areal,RJ,Comentario,2022-08-09 22:47:06,manonmaxinne,,ğŸ‘ğŸ‘ŠğŸ»,
Areal,RJ,Post,2022-08-09 17:50:50,prefeituradeareal,"Atletas Arealenses sÃ£o destaques em Campeonato de Jiu-jÃ­tsu e JudÃ´ 

Os atletas Arealenses Raphael Junqueira e Benjamin Junqueira, participaram no Ãºltimo fim de semana do campeonato de Jiu-jÃ­tsu, Carlson Gracie e do Campeonato de JudÃ´, 3Âª etapa do Circuito Hajime.

Os atletas conquistaram 4 medalhas, simbolizando o sucesso das modalidades em ascensÃ£o na cidade. Acompanhe os resultados:

Modalidade Jiu-jÃ­tsu:

Benjamin  Junqueira - CampeÃ£o 
Categoria Mirim 6

Raphael Junqueira - Vice-campeÃ£o 
Categoria Mirim 8

Modalidade JudÃ´:

Benjamin  Junqueira - CampeÃ£o 
Categoria Sub 7

Raphael Junqueira - CampeÃ£o 
Categoria Sub 9

Os atletas receberam o benefÃ­cio do programa bolsa atleta para custear a inscriÃ§Ã£o, gastos na preparaÃ§Ã£o para as provas e logÃ­stica das competiÃ§Ãµes. 

O Programa Bolsa Atleta, atravÃ©s da Secretaria de EducaÃ§Ã£o, Cultura, Esportes e Eventos, beneficia atletas profissionais do MunicÃ­pio que participam de competiÃ§Ãµes oficiais, incentivando o esporte e promovendo a cidade.

A administraÃ§Ã£o Municipal parabeniza os altletas pelo belo desempenho. 

Secretaria de EducaÃ§Ã£o, Cultura, Esportes e Eventos

Prefeitura Municipal de Areal

#areal #atleta #medalha #esporte",,34
Areal,RJ,Comentario,2022-08-09 21:01:45,pvguimaraes_,,ğŸ‘ğŸ‘ğŸ‘â¤ï¸â¤ï¸,
Areal,RJ,Comentario,2022-08-09 21:14:56,aroeiradocesgourmet,,â¤ï¸â¤ï¸,
Areal,RJ,Comentario,2022-08-09 21:25:54,senrafelipe,,Top ğŸ‘ğŸ‘,
Areal,RJ,Comentario,2022-08-10 00:23:23,marcoacbraun,,ğŸ‘ğŸ‘ğŸ‘ğŸ‘,
Areal,RJ,Comentario,2022-08-10 10:48:08,juliaabreum,,ğŸ‘ğŸ‘ğŸ‘,
Areal,RJ,Post,2022-08-09 14:56:46,prefeituradeareal,"Turismo de ExperiÃªncia: Como se tornar um destino reconhecido

A Prefeitura Municipal de Areal, atravÃ©s da Secretaria de Meio Ambiente, Agricultura e Turismo e em parceria com o Sebrae/RJ, realizou ontem (08/08) a capacitaÃ§Ã£o Turismo de ExperiÃªncia: Como se tornar um destino reconhecido.

A palestra ministrada pela consultora Sebrae, Wania Monnerat, voltada para todos os segmentos do turismo, apresentou uma nova forma de fazer turismo, os nichos de mercado e como a estruturaÃ§Ã£o de um roteiro turÃ­stico pode gerar emprego e renda em Areal.

Essa Ã© mais uma parceria entre Prefeitura de Areal e Sebrae, trazendo conhecimento e novas experiÃªncias.

Participaram do encontro o Prefeito de Areal, Gutinho Bernardes, o Vice-prefeito, Laerte Calil de Freitas, a SecretÃ¡ria de Meio Ambiente, Agricultura e Turismo, Alice Hagge, o coordenador Regional do Sebrae, Jorge Pinho, o Analista Sebrae, Luis Filipe, a Gestora Estadual do Turismo do Sebrae, Tayssa AraÃºjo e a Coordenadora LÃ­der, Joelma.

Secretaria de Meio Ambiente, Agricultura e Turismo

Prefeitura Municipal de Areal",,75
Areal,RJ,Comentario,2022-08-09 16:05:36,romulocalory,,"SÃ³ colocar coisas boas em areal, mirante, transporte, alguma fazenda para fazer passeios aquecer o comÃ©rcio e revitalizar o centro, pequenas cidades sÃ£o mais legais entÃ£o tome como exemplo, penedo, algumas cidades de minas gerais.",
Areal,RJ,Comentario,2022-08-09 18:38:36,jennifer_parada_,,ğŸ˜ğŸ˜ğŸ˜â¤ï¸â¤ï¸â¤ï¸,
Areal,RJ,Comentario,2022-08-10 01:14:28,donnacris_arealrj,,ğŸ‘ğŸ‘ğŸ‘ğŸ‘ Voa Areal!!!,
Areal,RJ,Post,2022-08-09 12:55:47,prefeituradeareal,"CalendÃ¡rio de VacinaÃ§Ã£o Repescagem COVID-19 

A Prefeitura Municipal de Areal divulga o calendÃ¡rio de repescagem da vacinaÃ§Ã£o contra a COVID-19.

Confira no post pÃºblico alvo, data, horÃ¡rios e todas as informaÃ§Ãµes pertinentes.

O calendÃ¡rio de vacinaÃ§Ã£o Ã© divulgado conforme a remessa de vacinas recebidas pelo MunicÃ­pio, seja para 1Âª, 2Âª, 3Âª , 4Âª ou dose pediÃ¡trica. 

Vacina sim!
Protege vocÃª, protege os outros!

#arealsemcovid

Secretaria de SaÃºde 

Prefeitura Municipal de Areal

#calendario #vacinaÃ§Ã£o #covid19 #areal",,13
Areal,RJ,Post,2022-08-08 14:55:49,prefeituradeareal,"VacinaÃ§Ã£o COVID-19 - CrianÃ§as 

A Prefeitura Municipal de Areal divulga o calendÃ¡rio de vacinaÃ§Ã£o contra a COVID-19 para crianÃ§as de 03 anos. 

Confira no post todas as informaÃ§Ãµes pertinentes.

O calendÃ¡rio de vacinaÃ§Ã£o Ã© divulgado conforme a remessa de vacinas recebidas pelo MunicÃ­pio, seja para 1Âª, 2Âª , 3Âª ou dose pediÃ¡trica.

Vacina sim!
Protege vocÃª, protege os outros!

#arealsemcovid

Secretaria de SaÃºde 

Prefeitura Municipal de Areal

#calendario #vacinaÃ§Ã£o #covid19 #areal",,14
Areal,RJ,Post,2022-08-05 20:56:16,prefeituradeareal,"O censo 2022 jÃ¡ teve inÃ­cio e as equipes jÃ¡ estÃ£o nas ruas!
E vocÃª, sabe do que se trata o IBGE e qual a sua funÃ§Ã£o? Arrasta para o lado e informe-se para participar!

Prefeitura Municipal de Areal

#prefeituradeareal #senso2022 #ibge #areal",,23
Areal,RJ,Post,2022-08-04 12:12:29,prefeituradeareal,"CalendÃ¡rio de VacinaÃ§Ã£o Repescagem COVID-19 

A Prefeitura Municipal de Areal divulga o calendÃ¡rio de repescagem da vacinaÃ§Ã£o contra a COVID-19.

Confira no post pÃºblico alvo, data, horÃ¡rios e todas as informaÃ§Ãµes pertinentes.

O calendÃ¡rio de vacinaÃ§Ã£o Ã© divulgado conforme a remessa de vacinas recebidas pelo MunicÃ­pio, seja para 1Âª, 2Âª, 3Âª , 4Âª ou dose pediÃ¡trica. 

Vacina sim!
Protege vocÃª, protege os outros!

#arealsemcovid

Secretaria de SaÃºde
 
Prefeitura Municipal de Areal

#calendario #vacinaÃ§Ã£o #covid19 #areal",,14
Areal,RJ,Post,2022-08-03 20:16:11,prefeituradeareal,"VacinaÃ§Ã£o COVID-19 - CrianÃ§as 

A Prefeitura Municipal de Areal divulga o calendÃ¡rio de vacinaÃ§Ã£o contra a COVID-19 para crianÃ§as de 04 anos. 

Confira no post todas as informaÃ§Ãµes pertinentes.

O calendÃ¡rio de vacinaÃ§Ã£o Ã© divulgado conforme a remessa de vacinas recebidas pelo MunicÃ­pio, seja para 1Âª, 2Âª , 3Âª ou dose pediÃ¡trica.

Vacina sim!
Protege vocÃª, protege os outros!

#arealsemcovid

Secretaria de SaÃºde 

Prefeitura Municipal de Areal

#calendario #vacinaÃ§Ã£o #covid19 #areal",,8
Areal,RJ,Post,2022-08-02 12:56:02,prefeituradeareal,"Prefeitura de Areal realiza oficina de Estudos TÃ©cnicos Preliminares 

A Prefeitura Municipal de Areal, atravÃ©s da Secretaria de Controle Interno, realizou ontem (01/08) a oficina de Estudos TÃ©cnicos Preliminares.

Ministrado pela SecretÃ¡ria de Controle Interno, Elis VerÃ´nica, a oficina teve como objetivo demonstrar aos servidores a importÃ¢ncia da elaboraÃ§Ã£o do Estudo TÃ©cnico Preliminar, uma vez que realizando o referido estudo puderam identificar e analisar os cenÃ¡rios para o atendimento da demanda que consta no Documento de OficializaÃ§Ã£o da Demanda, bem como demonstrar a viabilidade tÃ©cnica e econÃ´mica das soluÃ§Ãµes identificadas, fornecendo as informaÃ§Ãµes necessÃ¡rias para subsidiar o respectivo procedimento, otimizando o tempo dos processos e impactando diretamente nos serviÃ§os prestados Ã  populaÃ§Ã£o. 

A oficina aconteceu nas dependÃªncias do CIAFETE - Areal para todos os servidores do segmento. 

Secretaria de Controle Interno 
Prefeitura Municipal de Areal 

#capacitacao #oficina #areal",,51
Areal,RJ,Comentario,2022-08-02 13:06:01,stefansvb,,ğŸ‘ğŸ‘,
Areal,RJ,Comentario,2022-08-03 14:21:33,georgesilvajj2,,ğŸ‘ğŸ‘ğŸ‘ğŸ‘ğŸ‘,
Areal,RJ,Comentario,2022-08-03 17:35:12,marcoacbraun,,ğŸ‘ğŸ‘ğŸ‘ğŸ‘,
Areal,RJ,Comentario,2022-08-03 18:28:44,jufontainha,,ğŸ‘ğŸ‘ğŸ‘,
Areal,RJ,Comentario,2022-08-03 19:16:08,igorbastos2016,,ğŸš€ğŸš€ğŸš€,
Areal,RJ,Comentario,2022-08-04 17:47:26,peg_acessorios,,ğŸ‘ğŸ‘ğŸ‘,
Areal,RJ,Post,2022-08-01 22:47:03,prefeituradeareal,"No Ãºltimo sÃ¡bado, dia 30/07 a Prefeitura Municipal de Areal, atravÃ©s da Secretaria de Desenvolvimento Social Cidadania e HabitaÃ§Ã£o realizou juntamente com  as equipes dos CRAS, Creas,  Leao XIII, AuxÃ­lio Brasil e a equipe da Defesa  Civil do MunicÃ­pio, o recadastramento para as famÃ­lias que recebem o benefÃ­cio do Aluguel Social do Estado, MunicÃ­pio e aqueles que tiveram suas casas interditadas e nÃ£o recebem nenhum tipo de benefÃ­cio atÃ© a presente data.

A aÃ§Ã£o aconteceu na prÃ³pria secretaria, das 08h Ã s 18h30, atendendo a mais de 100 famÃ­lias por todo o perÃ­odo. O movimento tem como objetivo principal a atualizaÃ§Ã£o dos dados cadastrais dos beneficiÃ¡rios para controle e acompanhamento das famÃ­lias.

Ã‰  beneficiÃ¡rio e nÃ£o realizou o recadastramento? FIQUE LIGADO! Nos dias 2, 3 e 4 estaremos prontos para te receber e ajudar! Procure o CRAS de sua referÃªncia com a documentaÃ§Ã£o em mÃ£os e garanta seu benefÃ­cio.

Prefeitura Municipal de Areal
Secretaria de Desenvolvimento Social, Cidadania e HabitaÃ§Ã£o
#acaosocial #crasareal #areal #prefeituradeareal",,121
Areal,RJ,Comentario,2022-08-01 23:05:00,felipinhobarrosoficial,,ğŸ‘ğŸ‘ğŸ‘ğŸ‘ğŸ‘ğŸ‘,
Areal,RJ,Comentario,2022-08-03 18:56:39,peg_acessorios,,ğŸ‘ğŸ‘â¤ï¸,
Areal,RJ,Post,2022-08-01 17:36:44,prefeituradeareal,"Turismo de ExperiÃªncia: Como se tornar um destino reconhecido 

A Prefeitura Municipal de Areal, atravÃ©s da Secretaria de Meio Ambiente, Agricultura e Turismo e em parceria com o Sebrae/RJ oferece o curso de Turismo de ExperiÃªncia: Como se tornar um destino reconhecido.

O curso voltado para todos os segmentos do turismo tem o objetivo de apresentar uma nova forma de fazer turismo e os nichos de mercado. 

Acompanhe no post todas as informaÃ§Ãµes pertinentes.

InscriÃ§Ãµes e mais informaÃ§Ãµes:
Secretaria de Meio Ambiente, Agricultura e Turismo 
(24) 2257-3919 Ramal 212

Secretaria de Meio Ambiente, Agricultura e Turismo 
Prefeitura Municipal de Areal

#areal #sebrae #curso #turismo",,30
Areal,RJ,Comentario,2022-08-01 22:20:36,georgesilvajj2,,ğŸ‘ğŸ‘ğŸ‘ğŸ‘ğŸ‘,
Areal,RJ,Comentario,2022-08-02 21:24:33,casadaponteareal,,ğŸ‘ğŸ‘ğŸ‘ğŸ‘ğŸ‘,
Areal,RJ,Post,2022-08-01 00:19:36,prefeituradeareal,"Prefeitura de Areal realiza 1Âº ArraiÃ¡ do Parque Julioca

A Prefeitura Municipal de Areal, atravÃ©s da Secretaria de EducaÃ§Ã£o, Cultura, Esportes e Eventos, realizou ontem (30/07) o 1Âº arraiÃ¡ do Parque Julioca.

As atraÃ§Ãµes da noite JoÃ£o Luiz e Banda, Max e Wiliam, Luka Santiago e Tribo de Gonzaga, animaram os presentes com muita mÃºsica boa. O evento contou tambÃ©m com brinquedos totalmente gratuitos, decoraÃ§Ã£o e praÃ§a de alimentaÃ§Ã£o com comerciantes locais.

O Prefeito de Areal, Gutinho Bernardes acompanhou a festa e destacou: â€œ ApÃ³s muitos pedidos, realizamos o 1Âº evento festivo musical nesse espaÃ§o recuperado do abandono e entregue a nossa populaÃ§Ã£o. Vamos melhorando gradativamente e esse serÃ¡ o 1Âº arraiÃ¡ de muitos.â€ 

O arraiÃ¡ movimentou a economia local e promoveu tambÃ©m as bandas e artistas da cidade e regiÃ£o.

Secretaria de EducaÃ§Ã£o, Cultura, Esportes e Eventos 
Prefeitura Municipal de Areal

#show #parque #julioca #festa #arraia",,231
Areal,RJ,Comentario,2022-08-01 01:08:27,isadora_dias_,,Foi demais! ğŸ‘ğŸ»ğŸ‘ğŸ»ğŸ‘ğŸ»,
Areal,RJ,Comentario,2022-08-01 01:38:26,marques.flav,,ğŸ‘ğŸ‘ğŸ‘ğŸ‘,
Areal,RJ,Comentario,2022-08-01 15:32:55,claudia.decassia.16,,ğŸ‘ğŸ‘,
Areal,RJ,Comentario,2022-08-02 09:13:36,jufagundesmalkaviana,,ğŸ‘ğŸ‘ğŸ‘ğŸ‘ğŸš€ğŸš€ğŸš€,
Areal,RJ,Comentario,2022-08-02 12:37:27,kkfloresta,,Que lindoooğŸ˜,
Areal,RJ,Post,2022-07-29 23:48:27,prefeituradeareal,"Boletim epidemiolÃ³gico ğŸ©º
Sexta-feira, dia 29/07/2022.

Secretaria de SaÃºde

Prefeitura Municipal de Areal",,9
Areal,RJ,Post,2022-07-29 20:55:53,prefeituradeareal,"VocÃª jÃ¡ conhece a importÃ¢ncia da Coleta Seletiva e tambÃ©m jÃ¡ te contamos quais materiais podem ser reciclados (se nÃ£o viu, volte alguns posts). Agora queremos saber se vocÃª conhece sobre a Coleta Seletiva do nosso MunicÃ­pio?!
Atuamos desde 2014 e no Ãºltimo ano, ganhamos ainda mais destaque pelo serviÃ§o realizado de forma excepcional. TÃ¡ esperando o que para comeÃ§ar a descartar de forma correta? Vem com a gente!

Secretaria de Meio Ambiente, Agricultura e Turismo

Prefeitura Municipal de Areal

#pma #prefeituradeareal #coletaseletivaareal #arealemfoco #areal #reciclaareal #meioambientearea #meioambiente",,43
Areal,RJ,Comentario,2022-07-29 21:15:05,marcoacbraun,,ğŸ‘ğŸ‘ğŸ‘,
Areal,RJ,Comentario,2022-07-30 14:57:04,felipinhobarrosoficial,,ğŸ‘ğŸ‘ğŸ‘ğŸ‘ğŸ‘ğŸ‘ğŸ‘ğŸ‘,
Areal,RJ,Post,2022-07-27 17:55:44,prefeituradeareal,"Pagamento Antecipado AuxÃ­lio Brasil 

O benefÃ­cio do auxÃ­lio Brasil excepcionalmente no mÃªs de agosto de 2022 terÃ¡ o pagamento antecipado. O benÃ©fico tambÃ©m sofrerÃ¡ reajuste no valor de R$ 400,00 para R$ 600,00. 

O AuxÃ­lio Brasil Ã© um programa de assistÃªncia social, saÃºde, educaÃ§Ã£o, emprego e renda, destinado Ã s famÃ­lias em situaÃ§Ã£o de pobreza e vulnerabilidade social. 

Mais informaÃ§Ãµes:

Secretaria de Desenvolvimento Social, Cidadania e HabitaÃ§Ã£o 
(24) 2257-9708

Secretaria de Desenvolvimento Social, Cidadania e HabitaÃ§Ã£o
 
Prefeitura Municipal de Areal 

#areal #auxilio #brasil #programa",,15
Areal,RJ,Post,2022-07-27 15:13:38,prefeituradeareal,"ArraiÃ¡ do Parque Julioca! 

A Prefeitura Municipal de Areal, atravÃ©s da Secretaria de EducaÃ§Ã£o, Cultura, Esportes e Eventos realizarÃ¡ no prÃ³ximo sÃ¡bado (30/07) o ArraiÃ¡ do Parque Julioca.

A partir das 19h a programaÃ§Ã£o fica por conta dos shows de JoÃ£o Luiz e Banda, Max e Wiliam, Luka Santiago e Tribo de Gonzaga. 

Muita mÃºsica, alegria, cultura e diversÃ£o com brinquedos para a crianÃ§ada. O evento serÃ¡ totalmente gratuito. 

Venha participar conosco do arraiÃ¡ do Parque Julioca! 

Secretaria de EducaÃ§Ã£o, Cultura, Esportes e Eventos

Prefeitura Municipal de Areal 

#arraia #evento #cultura #parque",,190
Areal,RJ,Comentario,2022-07-27 15:22:22,isadora_dias_,,ğŸ¤©ğŸ‘ğŸ»,
Areal,RJ,Comentario,2022-07-27 16:54:41,taynaf_alves,,ğŸ‘ğŸ¼ğŸ‘ğŸ¼ğŸ‘ğŸ¼,
Areal,RJ,Comentario,2022-07-27 17:35:20,priscila.goncalves.mello,,@taianemont,
Areal,RJ,Comentario,2022-07-27 18:39:52,angelskluz,,ğŸ‘ğŸ‘ğŸ‘,
Areal,RJ,Comentario,2022-07-27 20:37:16,oandreijovino,,ğŸ‘ğŸ‘ğŸ‘,
Areal,RJ,Comentario,2022-07-27 23:21:50,margaretemedeiros2013,,@cristinass.rj,
Areal,RJ,Comentario,2022-07-30 14:56:38,felipinhobarrosoficial,,ğŸ‘ğŸ‘ğŸ‘ğŸ‘ğŸ‘ğŸ‘ğŸ‘,
Areal,RJ,Post,2022-07-26 20:56:31,prefeituradeareal,"Ã‰ beneficiÃ¡rio do aluguel social ou conhece alguÃ©m que seja? FIQUE LIGADO! A Prefeitura de Areal atravÃ©s da Secretaria de Desenvolvimento Social, Cidadania e HabitaÃ§Ã£o informa que neste sÃ¡bado, dia 30/07 de 10h Ã s 17h acontecerÃ¡ o RECADASTRAMENTO para quem recebe aluguel social do MunicÃ­pio e do Estado.

O recadastramento acontecerÃ¡ na prÃ³pria Secretaria de Desenvolvimento Social, Cidadania e HabitaÃ§Ã£o, localizanda na Rua Maria Avena do Carmo, 108, Centro - Areal e serÃ¡ realizada pela equipe do Estado.

Para mais informaÃ§Ãµes sobre documentaÃ§Ã£o necessÃ¡ria, entre em contato com o CRAS de sua referÃªncia.

Secretaria de Densenvolvimento Social, Cidadania e HabitaÃ§Ã£o

Prefeitura Municipal de Areal
#pma #aluguelsocial #recadatramento #areal",,26
Areal,RJ,Comentario,2022-07-27 01:52:19,felipinhobarrosoficial,,ğŸ‘ğŸ‘ğŸ‘ğŸ‘,
Areal,RJ,Post,2022-07-26 19:07:28,prefeituradeareal,"Prefeitura de Areal entrega novos equipamentos para o setor de VigilÃ¢ncia em SaÃºde 

A Prefeitura Municipal de Areal, atravÃ©s da Secretaria de SaÃºde, realizou na Ãºltima sexta-feira (22/07) a entrega de novos equipamentos para o setor de vigilÃ¢ncia em SaÃºde.

Bolsas, pulverizadores, microscÃ³pio, inseticidas e raticidas sÃ£o os novos equipamentos de Ãºltima geraÃ§Ã£o e produtos entregues para o setor.

O Prefeito de Areal, Gutinho Bernardes acompanhou a entrega dos materiais e destacou a importÃ¢ncia do investimento â€œ Esses equipamentos irÃ£o proporcionar mais qualidade no trabalho dos agentes, influenciando diretamente no serviÃ§o prestado a populaÃ§Ã£o. 
SÃ£o investimentos pontuais e cruciais no combate as doenÃ§as.â€ 

Secretaria de SaÃºde 

Prefeitura Municipal de Areal 

#novos #equipamentos #areal #rj #saude",,74
Areal,RJ,Comentario,2022-07-26 21:15:47,marcoacbraun,,ğŸ‘ğŸ‘ğŸ‘,
Areal,RJ,Comentario,2022-07-26 22:19:08,giselemarques123,,ğŸ‘ğŸ‘,
Areal,RJ,Comentario,2022-07-27 02:20:36,manonmaxinne,,ğŸ‘ğŸ‘,
Areal,RJ,Comentario,2022-07-28 01:15:01,marciaparaizo,,ğŸ‘ğŸ‘ğŸ‘ğŸ‘ğŸ‘ğŸ‘,
Areal,RJ,Post,2022-07-25 22:56:11,prefeituradeareal,"Boletim epidemiolÃ³gico ğŸ©º
Segunda-feira, dia 25/07/2022.

Secretaria de SaÃºde

Prefeitura Municipal de Areal",,11
Areal,RJ,Post,2022-07-25 17:54:43,prefeituradeareal,"Curso de Cultivo de Fruteiras de Perenes - Citrus

A Prefeitura Municipal de Areal, atravÃ©s da Secretaria de Meio Ambiente, Agricultura e Turismo, em parceria com Sindicato Rural de ParaÃ­ba do Sul e Senar/RJ, oferece o curso de Cultivo de Fruteiras de Perenes - Citrus

Acompanhe no post local, horÃ¡rio, datas e todas as informaÃ§Ãµes pertinentes. NÃ£o perca essa oportunidade! 

InscriÃ§Ãµes e mais informaÃ§Ãµes:
(24) 2257-3919 Ramal 212

Secretaria de Meio Ambiente, Agricultura e Turismo

Prefeitura Municipal de Areal

#areal #prefeitura #curso #areal",,23
Areal,RJ,Post,2022-07-25 15:19:54,prefeituradeareal,"Mais um dia de Vistoria Itinerante em Areal

O Detran RJ em parceria com a Prefeitura Municipal de Areal, realizarÃ¡ na prÃ³xima semana, quinta-feira (04/08) a vistoria itinerante em Areal.

O aÃ§Ã£o leva os serviÃ§os de veÃ­culos para as cidades que nÃ£o possuem postos de vistorias, sendo oferecidos diversos serviÃ§os como vistorias, transferÃªncias e emplacamentos.

Os interessados devem agendar o serviÃ§o atravÃ©s do site www.detran.rj.gov.br ou pelo telefone (21) 3460-4040 das 6h Ã s 21h.

Detran RJ

Prefeitura Municipal de Areal",,9
Areal,RJ,Comentario,2022-07-25 19:40:52,marcoacbraun,,ğŸ‘ğŸ‘ğŸ‘ğŸ‘,
Areal,RJ,Post,2022-07-24 16:48:14,prefeituradeareal,"Nota de Pesar

O Prefeito Gutinho Bernardes e o Vice-prefeito Laerte Calil de Freitas, lamentam profundamente o falecimento da jovem Bianca Rodrigues. 

Neste momento de dor e pesar, a administraÃ§Ã£o Municipal manifesta aos familiares e amigos as mais sinceras condolÃªncias.",,316
Areal,RJ,Comentario,2022-07-24 16:58:48,vanderleacoiffeur,,"LamentÃ¡vel a atrocidade feita a essa crianÃ§a, que coisa trista qta aberraÃ§Ã£o!! SÃ³ DEUS por nÃ³s e pelos nossos filhosğŸ˜¢ğŸ˜¢ğŸ˜¢ğŸ˜¢",
Areal,RJ,Comentario,2022-07-24 17:06:22,josisoaresmachadobragaplus,,Meus sinceros sentimentos a famÃ­lia!!!ğŸ˜ªğŸ˜ªğŸ˜ªâ¤ï¸ Que esse ğŸ‘¹ğŸ‘¹ğŸ‘¹ğŸ‘¹ mereÃ§a o pior desse mundo.,
Areal,RJ,Comentario,2022-07-24 17:19:51,bortoolli,,Que tristeza! Meus sentimentos a todos da famÃ­lia ğŸ˜¢,
Areal,RJ,Comentario,2022-07-24 17:43:49,crisquinteladaveigasoares,,ğŸ˜¢,
Areal,RJ,Comentario,2022-07-24 19:45:29,adrisaryro,,ğŸ˜¢ğŸ˜¢ğŸ˜¢,
Areal,RJ,Comentario,2022-07-24 20:36:20,nascimentoregina700,,ğŸ˜¢ğŸ˜¢ğŸ˜¢ğŸ˜¢ğŸ˜¢ğŸ˜¢ğŸ˜¢ğŸ˜¢ğŸ˜¢ğŸ˜¢ğŸ˜¢ğŸ˜¢ğŸ˜¢,
Areal,RJ,Comentario,2022-07-24 20:51:48,cris_rsiqueira,,ğŸ˜¢ğŸ˜¢ğŸ˜¢ Meus sentimentos a famÃ­lia e muita luz na passagem da Bianca!ğŸ™ğŸ½,
Areal,RJ,Comentario,2022-07-24 22:53:35,melissalamego,,Meus mais sinceros sentimentos Ã  famÃ­lia nessa dor irreparÃ¡vel desse crime hediondo. Que a justiÃ§a seja feita.,
Areal,RJ,Comentario,2022-07-24 23:26:07,rita.cassia.3152130,,ğŸ˜¢ğŸ˜¢ğŸ˜¢ğŸ˜¢ğŸ˜¢ğŸ˜¢ğŸ˜¢ğŸ˜¢ğŸ˜¢,
Areal,RJ,Comentario,2022-07-25 00:43:37,selmaduartem,,Meus sentimentos a todos os familiares e amigos ğŸ˜¢ğŸ˜¢ğŸ˜¢,
Areal,RJ,Comentario,2022-07-25 12:28:47,cafecaramellotresrios,,ğŸ˜¢ğŸ˜¢ğŸ˜¢ğŸ˜¢,
Areal,RJ,Post,2022-07-22 20:56:56,prefeituradeareal,"Prefeito Gutinho Bernardes concede reajuste salarial aos Agentes ComunitÃ¡rios de SaÃºde e Agentes de Endemias 

O Prefeito do MunicipÃ­o de Areal, Gutinho Bernardes, concedeu hoje (22/07) o reajuste salarial do novo piso das categorias de 42,8 % para os servidores agentes comunitÃ¡rios de saÃºde e agentes de endemias. 

â€œ O reajuste salarial do novo piso das categorias, representa um aumento de 42,8 % dando continuidade ao programa de valorizaÃ§Ã£o dos servidores pÃºblicos previsto em nossa plataforma de governo. â€œ destacou o Prefeito Gutinho Bernardes 

O reajuste serÃ¡ retroativo ao mÃªs de maio de 2022, sendo acoplado aos respectivos salÃ¡rios do mÃªs de Agosto de 2022.

Prefeitura Municipal de Areal 

#areal #servidores #reajuste #aumento",,57
Areal,RJ,Comentario,2022-07-22 22:44:07,romulocalory,,E o trasporte continua uma vergonha,
Areal,RJ,Comentario,2022-07-28 01:15:28,marciaparaizo,,ğŸ‘ğŸ‘ğŸ‘ğŸ‘ğŸ‘ğŸ‘ğŸ‘ğŸ‘,
Areal,RJ,Post,2022-07-21 23:18:26,prefeituradeareal,"Boletim epidemiolÃ³gico ğŸ©º
Quinta-feira, dia 21/07/2022.

Secretaria de SaÃºde

Prefeitura Municipal de Areal",,10
Areal,RJ,Post,2022-07-18 23:37:08,prefeituradeareal,"Boletim epidemiolÃ³gico ğŸ©º
Segunda-feira, dia 18/07/2022.

Secretaria de SaÃºde

Prefeitura Municipal de Areal",,18
Areal,RJ,Comentario,2022-07-19 22:43:51,nilsonborsato57,,ğŸ™Œ,
Areal,RJ,Post,2022-07-18 21:12:42,prefeituradeareal,"Ã‰ normal que na hora da separaÃ§Ã£o role aquela dÃºvida de quais materiais sÃ£o ou nÃ£o reciclÃ¡veis? A gente preparou um conteÃºdo especial para te auxiliar nessa hora! Vem conferir!

Secretaria de Meio Ambiente, Agricultura e Turismo

Prefeitura Municipal de Areal

#pma #prefeituradeareal #coletaseletivaareal #arealemfoco #areal #reciclaareal #meioambientearea #meioambiente",,17
Areal,RJ,Comentario,2022-07-18 23:05:43,marcoacbraun,,ğŸ‘ğŸ‘ğŸ‘,
Areal,RJ,Post,2022-07-15 20:56:06,prefeituradeareal,"Areal Ã© Pix!

Agora vocÃª pode pagar sua conta de Ã¡gua sem sair de casa via Pix. 

Basta escanear o QR Code disponÃ­vel em sua conta e pronto, pagamento realizado.

Simples, rÃ¡pido, seguro e tecnolÃ³gico.

Areal Ã© pix ğŸ“±ğŸ’°

Prefeitura Municipal de Areal 

#areal #pix #agua #conta #qrcode",,94
Areal,RJ,Comentario,2022-07-15 21:34:56,the.quick.code,,Visit my account ğŸ‘‹,
Areal,RJ,Comentario,2022-07-15 21:55:23,luisfilipesalgado,,"Que beleza!!!! Que evoluÃ§Ã£o... E pensar que atÃ© outro dia tinha que ir na prefeitura pra pagar conta.. . ParabÃ©ns, facilitando e muito a vida do munÃ­cipe.",
Areal,RJ,Comentario,2022-07-15 21:59:10,marcoacbraun,,ğŸ‘ğŸ‘ğŸ‘ğŸ‘,
Areal,RJ,Comentario,2022-07-15 22:30:58,felipinhobarrosoficial,,ParabÃ©ns Prefeito!!!,
Areal,RJ,Comentario,2022-07-15 22:31:05,stefansvb,,ğŸ‘ğŸ‘,
Areal,RJ,Comentario,2022-07-15 22:32:03,oandreijovino,,ğŸ‘ğŸ‘ğŸ‘,
Areal,RJ,Comentario,2022-07-15 22:34:54,dilcemara.braz,,ğŸ‘ğŸ‘ğŸ‘,
Areal,RJ,Comentario,2022-07-15 22:43:42,sayonarabio,,ğŸ™ŒAmÃ©mğŸ™Œ,
Areal,RJ,Comentario,2022-07-15 22:44:48,caiozarattini,,ğŸ‘ğŸ¼ğŸ‘ğŸ¼,
Areal,RJ,Comentario,2022-07-15 22:52:29,zeca.braga,,"legal, criar mecanismos de cobranÃ§a o Prefeito @gutinhobernardes sabe; arrecadar Ã© com ele mesmo. Mas recuperar a Estrada do Cambote que Ã© bom, nem pensar! Uma lÃ¡stima! ğŸ˜¤ğŸ˜¡",
Areal,RJ,Comentario,2022-07-15 22:57:30,marques.flav,,ğŸ‘ğŸ‘ğŸ‘ğŸ™Œ,
Areal,RJ,Comentario,2022-07-15 23:07:36,georgesilvajj2,,ğŸ‘ğŸ‘ğŸ‘ğŸ‘ğŸ‘ğŸ‘ğŸ‘ğŸ‘ â¤ï¸,
Areal,RJ,Comentario,2022-07-16 00:59:20,roberta.neves20,,Ã“timo! ğŸ‘ğŸ‘ğŸ‘ğŸ‘,
Areal,RJ,Comentario,2022-09-02 20:27:19,kamilajeronimo,,ğŸ™Œ,
Areal,RJ,Post,2022-07-15 17:54:16,prefeituradeareal,"Prefeitura de Areal realiza formatura dos Cursos de Assistente Administrativo e Operador de Computador - FAETEC.

A Prefeitura Municipal de Areal, atravÃ©s da Secretaria de EducaÃ§Ã£o, Cultura, Esportes e Eventos, realizou ontem (14/07) a formatura dos Cursos de Assistente Administrativo e Operador de Computador - FAETEC.

Os cursos do CIAFETE e FAETEC tem o objetivo de capacitar, qualificar e preparar os alunos para o futuro e mercado de trabalho. Em sua segunda turma foram 40 alunos formados.

â€œ Ã‰ a educaÃ§Ã£o que faz o futuro parecer um lugar de esperanÃ§a e transformaÃ§Ã£o. ParabÃ©ns por mais essa conquista na vida de vocÃªs. Aproveitem os outros cursos e as oportunidades oferecidas.â€ Disse o Prefeito Gutinho Bernardes. 

Participaram da cerimÃ´nia o Prefeito de Areal, Gutinho Bernardes, o SecretÃ¡rio de EducaÃ§Ã£o, Cultura, Esportes e Eventos, Beto CalÃ§ados, o Chefe de Gabinete, George Silva e o Diretor Geral do Ciafete, Carlos Jardel.

CIAFETE 

Secretaria de EducaÃ§Ã£o, Cultura, Esportes Eventos 

Prefeitura Municipal de Areal 

#cursos #faetec #parceria #qualificacao",,143
Areal,RJ,Comentario,2022-07-15 22:04:01,felipinhobarrosoficial,,ğŸ‘ğŸ‘ğŸ‘ğŸ‘ğŸ‘ğŸ‘ğŸ‘,
Areal,RJ,Comentario,2022-07-20 18:57:44,anateresadeoliveira2,,ğŸ‘ğŸ‘ğŸ‘,
Areal,RJ,Post,2022-07-15 12:27:15,prefeituradeareal,"Sarau de CulminÃ¢ncia 1Âº Semestre 

A Prefeitura Municipal de Areal e o Instituto Brasileiro de MÃºsica e EducaÃ§Ã£o realizaram nesta quinta-feira (14/07) o Sarau de CulminÃ¢ncia 1Âº Semestre da Orquestra SinfÃ´nica Juvenil de Areal.

A orquestra sinfÃ´nica juvenil de Areal apresentou-se pela primeira vez de forma oficial. Os alunos dos instrumentos de ViolÃ£o, Violino, Viola, Trombone, Trompete, PercussÃ£o, Clarinete, Flauta transversal, trompa e Violoncelo, mostraram os conhecimentos adquiridos neste 1Âº semestre do ano de 2022. 

A orquestra sinfÃ´nica juvenil de Areal Ã© um projeto de mÃºsica gratuito para os jovens Arealenses desenvolvido pela Prefeitura de Areal e Instituto Brasileiro de MÃºsica e EducaÃ§Ã£o, com o apoio da STN e MinistÃ©rio do Turismo. 

Participaram do evento o Prefeito de Areal, Gutinho Bernardes, o SecretÃ¡rio de EducaÃ§Ã£o, Cultura, Esportes e Eventos, Beto CalÃ§ados, a Coordenadora do Programa, Moana Martins, a Presidente do Instituto, Denize Vieira e os Vereadores LuÃ­s da Papelaria, Valter LuÃ­s e Santana da Verdura.

STN 
IBME
Secretaria de EducaÃ§Ã£o, Cultura, Esportes e Eventos
Prefeitura Municipal de Areal 

#orquestra #areal #musica #educacao",,64
Areal,RJ,Post,2022-07-14 16:45:50,prefeituradeareal,"O #tbt de hoje tem um gostinho especial de CULTURA! Ele vai para o nosso 1Âº Festival Beleza do Quilombo que aconteceu no Ãºltimo domingo, foi um sucesso e deixou saudades! @beleza_do_quilombo 

#prefeituradeareal #belezadoquilombo #culturaareal #areal #valorcultural",,95
Areal,RJ,Comentario,2022-07-14 16:51:10,gabrielli_isabel,,ficou lindo demais ğŸ‘ğŸ¼,
Areal,RJ,Comentario,2022-07-14 17:14:15,kityguedes,,@lutiguedes @lefe_ @tula_chaves @luiz_augusto_hist @danieleribeiro,
Areal,RJ,Comentario,2022-07-14 20:26:38,beleza_do_quilombo,,ğŸ˜ğŸ˜ğŸ˜,
Areal,RJ,Comentario,2022-07-14 21:16:59,larissa.msantos,,ğŸ‘ğŸ‘ğŸ‘,
Areal,RJ,Comentario,2022-07-15 12:48:51,elisangeladelimacardoso,,ğŸ˜ğŸ˜ğŸ˜,
Areal,RJ,Comentario,2022-07-16 01:25:32,glorinhameireles,,ğŸ‘ğŸ‘ğŸ‘,
Areal,RJ,Post,2022-07-14 14:56:16,prefeituradeareal,"Sorrir Ã© importante. Cuidar da saÃºde bucal Ã© ainda mais!

Na Ãºltima sexta-feira (08/07) a Prefeitura Municipal de Areal, atravÃ©s das Secretarias de SaÃºde e EducaÃ§Ã£o, Cultura, Esportes e Eventos, e em parceria com a Universidade EstÃ¡cio de SÃ¡, realizou a aÃ§Ã£o â€œ PromoÃ§Ã£o em SaÃºde Bucal â€œ.

Comandada pelo Dr Paulo Renato, Professor e Coordenador do curso de Odontologia da Universidade EstÃ¡cio de SÃ¡ - PetrÃ³polis e alunos dos cursos de EducaÃ§Ã£o FÃ­sica, Enfermagem e Biomedicina, a aÃ§Ã£o pontuou a importÃ¢ncia da saÃºde bucal desde a infÃ¢ncia.

Os professores, cuidadores, estagiÃ¡rios e alunos receberam instruÃ§Ãµes importantÃ­ssimas, com direito a demonstraÃ§Ã£o e ato de escovaÃ§Ã£o correta de forma individual, por turma. 

Arraste para o lado e confira algumas imagens da aÃ§Ã£o!

EstÃ¡cio de SÃ¡

Secretaria SaÃºde

Secretaria de EducaÃ§Ã£o, Cultura, Esportes e Eventos

Prefeitura Municipal de Areal 

#saude #educaÃ§ao #bucal #higiene",,37
Areal,RJ,Comentario,2022-07-14 20:32:20,alessandrabaptista3,,ğŸ‘ğŸ‘ğŸ‘,
Areal,RJ,Comentario,2022-07-14 21:17:05,larissa.msantos,,ğŸ‘ğŸ‘ğŸ‘ğŸ‘,
Areal,RJ,Post,2022-07-14 13:58:09,prefeituradeareal,"Prefeitura de Areal anuncia nova vaga do programa BalcÃ£o de Empregos

A Prefeitura Municipal de Areal, atravÃ©s da Secretaria de Desenvolvimento EconÃ´mico, anuncia nova vaga do programa BalcÃ£o de Empregos.

Confira no post!

Os interessados podem enviar por e-mail ou entregar o currÃ­culo com a vaga desejada identificada na Secretaria de Desenvolvimento EconÃ´mico, localizada na PraÃ§a Yedo FiÃºza, Nâ€¢ 58, Centro, Ilha Shopping, lojas 28 e 29.

A Prefeitura encaminha para as empresas solicitantes os currÃ­culos, logo apÃ³s o cadastro, nÃ£o participando de qualquer etapa do processo de seleÃ§Ã£o ou contrataÃ§Ã£o dos candidatos.

Mais informaÃ§Ãµes:

(24) 2257-9729
bancodeempregos@areal.rj.gov.br

Secretaria de Desenvolvimento EconÃ´mico
Prefeitura Municipal de Areal

#empregos #desenvolvimento #programa #areal",,75
Areal,RJ,Comentario,2022-07-14 21:17:13,larissa.msantos,,ğŸ‘ğŸ‘ğŸ‘,
Areal,RJ,Post,2022-07-13 21:06:21,prefeituradeareal,"Boletim epidemiolÃ³gico ğŸ©º
Quarta-feira, dia 13/07/2022.

Secretaria de SaÃºde

Prefeitura Municipal de Areal",,8
Areal,RJ,Comentario,2022-07-14 21:17:21,larissa.msantos,,ğŸ‘ğŸ‘ğŸ‘ğŸ‘,
Areal,RJ,Post,2022-07-13 20:57:35,prefeituradeareal,"A temporada oficial das famosas festas julinas estÃ¡ aberta e por aqui nossas escolas jÃ¡ estÃ£o no clima de SÃ£o JoÃ£o!

No mÃªs de junho/julho nossas escolas realizaram as tradicionais festas juninas/julinas mantendo a tradiÃ§Ã£o desta Ã©poca tÃ£o aguardada por professores e alunos. 

Teve muita comida tÃ­pica, quadrilha, roupa caipira e aquela animaÃ§Ã£o que a gente jÃ¡conhece! Vem conferir alguns registros com a gente!

Secretaria de EducaÃ§Ã£o, Cultura, Esportes e Eventos

Prefeitura Municipal de Areal

#prefeituradeareal #festajulinaareal #arealemfoco #cultura",,119
Areal,RJ,Comentario,2022-07-14 21:17:28,larissa.msantos,,ğŸ‘ğŸ‘ğŸ‘,
Areal,RJ,Post,2022-07-13 18:33:15,prefeituradeareal,"Sarau de CulminÃ¢ncia 1Âº Semestre 

A Prefeitura Municipal de Areal e o Instituto Brasileiro de MÃºsica e EducaÃ§Ã£o apresentam o Sarau de CulminÃ¢ncia 1Âº Semestre da Orquestra SinfÃ´nica Juvenil de Areal.

O evento cultural serÃ¡ marcado por apresentaÃ§Ãµes artÃ­sticas diversificadas da orquestra sinfÃ´nica juvenil de Areal. Os alunos irÃ£o mostrar todos os conhecimentos adquiridos neste 1Âº semestre. 

Venha prestigiar as apresentaÃ§Ãµes dos alunos da Orquestra SinfÃ´nica Juvenil de Areal nesta quinta-feira (14/07) Ã s 18h, no SalÃ£o Paroquial da Igreja Matriz Nossa Senhora das Dores. 

IBME

Secretaria de EducaÃ§Ã£o, Cultura, Esportes e Eventos

Prefeitura Municipal de Areal 

#orquestra #areal #musica #educacao",,27
Areal,RJ,Comentario,2022-07-13 18:34:10,gabrielli_isabel,,ğŸ‘ğŸ¼,
Areal,RJ,Comentario,2022-07-13 18:37:14,marcoacbraun,,ğŸ™ŒğŸ™ŒğŸ™ŒğŸ™Œ,
Areal,RJ,Comentario,2022-07-13 18:37:35,marcoacbraun,,ğŸ™ŒğŸ™ŒğŸ™ŒğŸ™Œ,
Areal,RJ,Comentario,2022-07-14 21:17:38,larissa.msantos,,ğŸ‘ğŸ‘ğŸ‘ğŸ‘,
Areal,RJ,Post,2022-07-13 17:57:35,prefeituradeareal,"Passando para ""te lembrar de nÃ£o esquecer"" ğŸ˜œ Marcou? NÃ£o falte! Seja consciente com a marcaÃ§Ã£o e transporte ğŸ¥°

Prefeitura Municipal de Areal

Secretaria de SaÃºde

#susareal #saÃºdeareal #arealemfoco #vagasareal #marcaÃ§Ã£oareal",,19
Areal,RJ,Comentario,2022-07-13 18:36:27,marcoacbraun,,ğŸ‘ğŸ‘ğŸ‘,
Areal,RJ,Comentario,2022-07-14 21:17:46,larissa.msantos,,ğŸ‘ğŸ‘ğŸ‘ğŸ‘,
Areal,RJ,Post,2022-07-12 22:48:38,prefeituradeareal,"Prefeitura de Areal forma Agentes de Desenvolvimento

A Prefeitura Municipal de Areal, atravÃ©s da Secretaria de Desenvolvimento EconÃ´mico, realizou hoje (12/07) a formatura do curso de Agentes de Desenvolvimento - SEBRAE/RJ.

O agente de desenvolvimento foi criado para auxiliar o processo de implementaÃ§Ã£o e continuidade dos programas e projetos contidos na Lei Geral das Micro e Pequenas Empresas.

O Prefeito de Areal, Gutinho Bernardes destacou a importÃ¢ncia do curso:

â€œ Essa Ã© mais um parceria entre a Prefeitura de Areal e Sebrae. Nosso objetivo Ã© fortalecer as redes de desenvolvimento local, para que o micro e pequeno empresÃ¡rio tambÃ©m sejam beneficiados com o crescimento da cidade. Cidade forte, regiÃ£o forte! â€œ

Participaram do curso, Ieda Zanotti, consultora de polÃ­ticas PÃºblicas e desenvolvimento territorial Sebrae, Jorge Pinho, Coordenador regional Sebrae, George Silva, Chefe de Gabinete, Fernanda Medeiros, SecretÃ¡ria de Desenvolvimento EconÃ´mico,Eng Paulo de Frotain, Igor Bastos, SecretÃ¡rio de Desenvolvimento EconÃ´mico de Areal.

O curso ministrado para profissionais do segmento e utilizadores da Lei geral recebeu alunos de Areal, Engenheiro Paulo de Frontin, Sapucaia, TrÃªs Rios, ParaÃ­ba do Sul e Paty do Alferes.

Sebrae
Secretaria de Desenvolvimento EconÃ´mico
Prefeitura Municipal de Areal 
 
#capacitaÃ§ao #areal #parceria #sebrae",,31
Areal,RJ,Comentario,2022-07-14 21:17:52,larissa.msantos,,ğŸ‘ğŸ‘ğŸ‘,
Areal,RJ,Post,2022-07-12 20:58:00,prefeituradeareal,"1Âº Festival Beleza do Quilombo 

A Prefeitura de Areal, atravÃ©s da Secretaria de EducaÃ§Ã£o, Cultura, Esportes e Eventos realizou no Ãºltimo domingo (10/07) o 1Âº Festival Beleza do Quilombo em Boa EsperanÃ§a. 

O festival contou com distribuiÃ§Ã£o de pipoca, cachorro quente, refrigerante, brinquedos, desfile de moda, apresentaÃ§Ãµes de danÃ§a e os shows do Grupo Puro Pecado e a Dupla Sertaneja Max e Wilian. 

â€œ Um festival de muita mÃºsica, arte, danÃ§a, capoeira e histÃ³ria da nossa gente! Parabenizo a comunidade pela organizaÃ§Ã£o e pela linda festa. â€œ enfatizou o Prefeito de Areal Gutinho Bernardes. 

Secretaria de EducaÃ§Ã£o, Cultura, Esportes e Eventos

Prefeitura Municipal de Areal 

#areal #rj #quilombo #festival #boaesperanÃ§a",,55
Areal,RJ,Comentario,2022-07-12 21:12:42,marcoacbraun,,ğŸ‘ğŸ‘ğŸ‘ğŸ‘,
Areal,RJ,Comentario,2022-07-14 21:18:01,larissa.msantos,,ğŸ‘ğŸ‘ğŸ‘,
Areal,RJ,Post,2022-07-12 17:55:39,prefeituradeareal,"Cursos de Almoxarife, Assistente de RH e Operador de Computador - FAETEC

A Prefeitura Municipal de Areal, atravÃ©s da Secretaria de EducaÃ§Ã£o, Cultura, Esportes e Eventos, em parceria com a FAETEC, oferece os cursos de Almoxarife, Assistente de RH e Operador de Computador. 

Acompanhe no post todas as informaÃ§Ãµes pertinentes.

NÃ£o perca essa oportunidade! Curso de qualidade ao alcance de suas mÃ£os. 

Secretaria de EducaÃ§Ã£o, Cultura, Esportes e Eventos

Prefeitura Municipal de Areal

#curso #educaÃ§Ã£o #rh #ciafete",,55
Areal,RJ,Comentario,2022-07-12 18:28:57,vicksall,,Gostaria de saber os horarios dos cursos,
Areal,RJ,Comentario,2022-07-12 20:07:12,adrisaryro,,Onde vai ser o corso,
Areal,RJ,Comentario,2022-07-12 20:21:25,cafecaramellotresrios,,ğŸ‘ğŸ‘ğŸ‘,
Areal,RJ,Comentario,2022-07-12 22:23:46,beatrizjcmacedo,,"Esse curso nÃ£o aparece no site , como faÃ§o a inscriÃ§Ã£o??",
Areal,RJ,Comentario,2022-07-14 21:18:07,larissa.msantos,,ğŸ‘ğŸ‘ğŸ‘,
Areal,RJ,Post,2022-07-12 14:55:35,prefeituradeareal,"CalendÃ¡rio de VacinaÃ§Ã£o Influenza pessoas de 30 a 39 anos 

A Prefeitura Municipal de Areal, atravÃ©s da Secretaria de SaÃºde, divulga o calendÃ¡rio de vacinaÃ§Ã£o contra a Influenza para pessoas de 30 a 39 anos.

Confira no post todas as informaÃ§Ãµes pertinentes.

Vacina sim!
Protege vocÃª, protege os outros!

Secretaria de SaÃºde 

Prefeitura Municipal de Areal

#calendario #vacinaÃ§Ã£o  #areal",,10
Areal,RJ,Comentario,2022-07-14 21:18:14,larissa.msantos,,ğŸ‘ğŸ‘ğŸ‘,
Areal,RJ,Post,2022-07-11 23:00:01,prefeituradeareal,"Boletim epidemiolÃ³gico ğŸ©º
Segunda-feira, dia 11/07/2022.

Secretaria de SaÃºde

Prefeitura Municipal de Areal",,-1
Areal,RJ,Comentario,2022-07-14 21:18:21,larissa.msantos,,ğŸ‘ğŸ‘ğŸ‘ğŸ‘,
Areal,RJ,Post,2022-07-11 22:42:06,prefeituradeareal,"Ã‰ fato que a Coleta Seletiva desempenha uma funÃ§Ã£o importantÃ­ssima para o meio ambiente em que vivemos, mas vocÃª conhece a fundo seus benefÃ­cios? Arrasta para o lado e saiba mais sobre isso!

Secretaria de Meio Ambiente, Agricultura e Turismo

Prefeitura Municipal de Areal

#pma #prefeituradeareal #coletaseletivaareal #arealemfoco #areal #reciclaareal #meioambientearea #meioambiente",,-1
Areal,RJ,Comentario,2022-07-12 15:34:09,marcoacbraun,,â¤ï¸â¤ï¸â¤ï¸,
Areal,RJ,Comentario,2022-07-14 21:18:35,larissa.msantos,,ğŸ‘ğŸ‘ğŸ‘,
Areal,RJ,Post,2022-07-11 15:14:44,prefeituradeareal,"Novo ItinerÃ¡rio Centro X Cedro

A Prefeitura Municipal de Areal, atravÃ©s da Secretaria de Governo, informa que a partir desta segunda-feira (11/07) a linha Centro X Cedro terÃ¡ novo itinerÃ¡rio.

O novo itinerÃ¡rio serÃ¡ via rua Adelino Alves Saldanha, de segunda-feira a sÃ¡bado, nos horÃ¡rios de 10h, 14h e 16h.

â€œ Esse era um pedido dos moradores hÃ¡ anos e com planejamento, diÃ¡logo e parceria com a empresa prestadora do serviÃ§o, conseguimos realizar. Transporte pÃºblico Ã© fundamental e estamos sempre na busca por melhorias e crescimento. â€œ destacou o Prefeito Gutinho Bernardes 

Acompanhe no post todas as informaÃ§Ãµes pertinentes.

Secretaria de Governo 
Prefeitura Municipal de Areal",,-1
Areal,RJ,Comentario,2022-07-11 15:43:55,raedergilsandro,,Muito bom ğŸ‘ğŸ‘ğŸ‘ğŸ‘,
Areal,RJ,Comentario,2022-07-11 15:46:58,felipinhobarrosoficial,,ğŸ‘ğŸ‘ğŸ‘ğŸ‘ğŸ‘ğŸ‘,
Areal,RJ,Comentario,2022-07-11 15:47:49,felipinhobarrosoficial,,ğŸ‘ğŸ‘ğŸ‘ğŸ‘ğŸ‘ğŸ‘,
Areal,RJ,Comentario,2022-07-11 16:22:25,paulorobertoribeiro1991,,"Muito bom... PorÃ©m tambÃ©m tem que ver o horÃ¡rio de 6:40 que sai de pedro do rio e chega atrasado cerca de 20 minutos todos os dias. Ã‰ muito bom colocar os novos horÃ¡rios, contudo tem que ter um pouco de atenÃ§Ã£o com os que jÃ¡ estÃ£o aÃ­.",
Areal,RJ,Comentario,2022-07-11 18:04:52,romulocalory,,A progresso estÃ¡ uma merda nÃ£o chega em trÃªs Rios entre 7:00 da manhÃ£ e pra chegar a populaÃ§Ã£o tem que pegar o 5:10. Os Ã´nibus sÃ³ andam atrasados e a empresa nÃ£o dÃ¡ nenhum feedback,
Areal,RJ,Comentario,2022-07-11 18:10:17,rafaelanascimento3539,,ğŸ‘ğŸ‘ğŸ‘ğŸ‘ğŸ‘,
Areal,RJ,Comentario,2022-07-11 22:29:03,feareal.makeup,,"Realmente atÃ© os horÃ¡rios do PetrÃ³polis vivem atrasados, e nem Ã© por transito pq tem horÃ¡rio que sai da garagem. A progresso manda e desmanda, coloca horÃ¡rios depois tira e o povo fica na mÃ£o! Uma prova disso foi retirar o Ãºnico horÃ¡rio no Domingo pra PetrÃ³polis, colocam e tiram do nada, infelizmente Areal nÃ¥o evolui em quesito locomoÃ§Ã£o, pq nem o Cedro virando em PDR temos mais horÃ¡rios e o executivo tirou a frota quase toda de Areal, estamos regredindo .",
Areal,RJ,Comentario,2022-07-12 09:29:00,alexjf96,,ParabÃ©ns prefeito pela iniciativa. Em relaÃ§Ã£o a essa empresa que presta o serviÃ§o tem muito que melhorar.,
Areal,RJ,Comentario,2022-07-14 21:18:40,larissa.msantos,,ğŸ‘ğŸ‘ğŸ‘ğŸ‘,
Areal,RJ,Post,2022-07-11 14:55:51,prefeituradeareal,"CalendÃ¡rio de VacinaÃ§Ã£o Influenza Adolescentes de 12 a 17 anos 

A Prefeitura Municipal de Areal, atravÃ©s da Secretaria de SaÃºde, divulga o calendÃ¡rio de vacinaÃ§Ã£o contra a Influenza para adolescentes de 12 a 17 anos.

Confira no post todas as informaÃ§Ãµes pertinentes.

Vacina sim!
Protege vocÃª, protege os outros!

Secretaria de SaÃºde 
Prefeitura Municipal de Areal

#calendario #vacinaÃ§Ã£o  #areal",,18
Areal,RJ,Comentario,2022-07-14 21:18:46,larissa.msantos,,ğŸ‘ğŸ‘ğŸ‘,
Areal,RJ,Post,2022-07-06 22:41:08,prefeituradeareal,"Boletim epidemiolÃ³gico ğŸ©º
Quarta-feira, dia 06/07/2022.

Secretaria de SaÃºde

Prefeitura Municipal de Areal",,25
Areal,RJ,Comentario,2022-07-06 22:55:14,sebastiao__mauricio,,ğŸ˜¢,
Areal,RJ,Comentario,2022-07-14 21:18:54,larissa.msantos,,ğŸ‘ğŸ‘ğŸ‘ğŸ‘,
Areal,RJ,Post,2022-07-06 21:30:53,prefeituradeareal,"A internet e suas facilidades fazem cada vez mais parte de nosso dia a dia, mas Ã© preciso manter a atenÃ§Ã£o na hora de realizar pagamentos e compras. Junto com as vantagens a internet trÃ¡s a ""onde de golpes"" infelizmente cada vez mais frequentes em nosso meio e Ã© por isso que preparamos uma dica especial para vocÃªs! Arrasta para o lado e saiba como se prevenir dos terrÃ­veis golpes na internet!

Guarda Civil Municipal de Areal

Prefeitura Municipal de Areal

#prefeituradeareal #guardacivilareal #areal #prevenÃ§Ã£odegolpes #golpesnainternet",,19
Areal,RJ,Comentario,2022-07-14 21:19:01,larissa.msantos,,ğŸ‘ğŸ‘ğŸ‘,
Areal,RJ,Post,2022-07-05 20:57:24,prefeituradeareal,"Areal Ã© destaque na PremiaÃ§Ã£o do ICMS EcolÃ³gico 

O MunicÃ­pio de Areal destacou-se na premiaÃ§Ã£o das cidades com as melhores iniciativas no ranking Estadual do ICMS EcolÃ³gico 2021, ano fiscal 2022. A solenidade de premiaÃ§Ã£o aconteceu na Ãºltima quarta-feira (29/06) na sede da FecomÃ©rcio, no Rio de Janeiro.

Areal recebeu trÃªs prÃªmios, 4Âº lugar - GestÃ£o de ResÃ­duos SÃ³lidos, 8Âº lugar - Ãreas Protegidas e 7Âº lugar - Sistema Municipal de Meio Ambiente, dentre os 92 MunicÃ­pios do Estado do Rio de Janeiro. 

A cidade receberÃ¡ R$ 1.684.718,69 (um milhÃ£o, seiscentos e oitenta e quatro mil, setecentos e dezoito reais e sessenta e nove centavos) de repasse financeiro pelo cumprimento das metas ambientais. 

â€œ Ã‰ uma satisfaÃ§Ã£o imensa termos avanÃ§ado tanto neste 1 ano e meio de gestÃ£o. Meio Ambiente e sustentabilidade sÃ£o bandeiras de nossa gestÃ£o. Essa premiaÃ§Ã£o Ã© fruto de muito trabalho de toda equipe da Prefeitura de Areal, atravÃ©s da Secretaria de Meio Ambiente, Agricultura e Turismo.â€ Frisou o Prefeito Gutinho Bernardes 

Participaram da entrega dos PrÃªmios a SecretÃ¡ria Alice Hagge e o Servidor AntÃ´nio Dias.

Secretaria de Meio Ambiente, Agricultura e Turismo 

Prefeitura Municipal de Areal",,145
Areal,RJ,Comentario,2022-07-05 22:12:27,marcoacbraun,,ğŸ‘ğŸ‘ğŸ‘ğŸ‘ğŸ‘ğŸ‘ğŸ‘,
Areal,RJ,Comentario,2022-07-05 22:29:32,georgesilvajj2,,"ParabÃ©ns @gutinhobernardes , secretaria @alice.hagge e toda equipe! ğŸ‘â¤ï¸",
Areal,RJ,Comentario,2022-07-05 22:32:16,juliatoraldo,,ğŸ‘ğŸ‘ğŸ‘ğŸ‘ğŸ‘â¤ï¸,
Areal,RJ,Comentario,2022-07-05 22:34:39,ca_rolnascimento,,ğŸ‘ğŸ¼ğŸ‘ğŸ¼ğŸ‘ğŸ¼ğŸ‘ğŸ¼ğŸŒ¿â£ï¸,
Areal,RJ,Comentario,2022-07-05 22:56:02,manonmaxinne,,ğŸ€ğŸ‘ğŸ»ğŸ‘ğŸ»,
Areal,RJ,Comentario,2022-07-06 01:02:07,fernandodoriobrandao,,"ParabÃ©ns, que continue melhorando sempre. Sucesso!",
Areal,RJ,Comentario,2022-07-06 03:04:06,romulocalory,,Caramba e no que vai ser revestido essa verba?ğŸ˜®,
Areal,RJ,Comentario,2022-07-06 06:44:15,leonardobarros806,,Orgulho define....parabÃ©ns ğŸ‘ğŸ¼ğŸ‘ğŸ¼ğŸ‘ğŸ¼ğŸ‘ğŸ¼ğŸ‘ğŸ¼ğŸ‘ğŸ¼,
Areal,RJ,Comentario,2022-07-06 13:37:34,marcelo_jose2020,,ğŸ‘ğŸ‘ğŸ‘,
Areal,RJ,Comentario,2022-07-06 14:44:59,jorgeferreira3480,,ğŸ‘ğŸ‘ğŸ‘ğŸ‘,
Areal,RJ,Comentario,2022-07-06 15:38:27,gabrielli_isabel,,ğŸ‘ğŸ‘,
Areal,RJ,Comentario,2022-07-06 16:20:26,rodrigu404,,ğŸ‘ğŸ‘ğŸ‘ğŸ‘ğŸ‘ğŸ‘,
Areal,RJ,Comentario,2022-07-06 16:45:06,donnacris_arealrj,,ğŸ‘ğŸ‘ğŸ‘ğŸ‘ğŸ‘ Alice vc Ã©  TOPğŸ˜@alice.hagge,
Areal,RJ,Comentario,2022-07-06 17:18:39,oandreijovino,,ğŸ‘ğŸ‘ğŸ‘ğŸ‘ğŸ‘,
Areal,RJ,Comentario,2022-07-06 20:18:43,silvanaotero01,,"Que maravilha, orgulho da minha Areal, da Alice e do Gutinho. SÃ³ lamento por quem acha que a Ã¡rea ambiental Ã© ""modismo"". TÃ¡ aÃ­ a prova,  em forma de valores. ğŸ‘ğŸ‘ğŸ‘",
Areal,RJ,Comentario,2022-07-06 23:39:35,giselemarques123,,ğŸ‘ğŸ‘ğŸ‘ğŸ‘,
Areal,RJ,Comentario,2022-07-14 21:19:11,larissa.msantos,,ğŸ‘ğŸ‘ğŸ‘ğŸ‘,
Areal,RJ,Post,2022-07-05 17:55:51,prefeituradeareal,"AlÃ´ contribuinte, o vencimento da quarta parcela ou cota Ãºnica com 05% de desconto do IPTU 2022 estÃ¡ chegando!

Pague seu IPTU 2022 em cota Ãºnica com 05% de desconto atÃ© o dia 08 de Julho de 2022 ou a 4Âª parcela sem desconto.

O IPTU 2022 jÃ¡ estÃ¡ disponÃ­vel, retire seu carnÃª  na Secretaria de Fazenda ou a guia atravÃ©s do link https://areal.rj.gov.br/servicos/taxas-e-impostos/iptu/. 

VocÃª pode pagar seu IPTU via Pix, Areal Ã© a primeira cidade do Estado do Rio a receber tributos via Pix.

Secretaria de Fazenda e Planejamento 

Prefeitura Municipal de Areal 

#iptu #melhoria #areal #pix",,12
Areal,RJ,Comentario,2022-07-14 21:19:18,larissa.msantos,,ğŸ‘ğŸ‘ğŸ‘ğŸ‘,
Areal,RJ,Post,2022-07-05 15:39:19,prefeituradeareal,"Tem dÃºvida sobre quais sÃ£o os requisitos para o agendamento e prÃ©-operatÃ³rio no Castramovel? Vem que a gente te ajuda! Arrasta para o lado e fique por dentro de todas as informaÃ§Ãµes pertinentes!

Secretaria de Meio Ambiente, Agricultura e Turismo

Prefeitura Municipal de Areal

#prefeituradeareal #castramovel #castraÃ§Ã£oanimal #saudepublica #saudeanimal",,42
Areal,RJ,Comentario,2022-07-05 15:48:03,alice.hagge,,ğŸˆâ¤ï¸ğŸ•,
Areal,RJ,Comentario,2022-07-05 20:16:28,marcoacbraun,,ğŸ‘ğŸ‘ğŸ‘ğŸ‘,
Areal,RJ,Comentario,2022-07-14 21:19:25,larissa.msantos,,ğŸ‘ğŸ‘ğŸ‘,
Areal,RJ,Post,2022-07-05 13:31:30,prefeituradeareal,"Cursos de Almoxarife e Assistente de RH - FAETEC

A Prefeitura Municipal de Areal, atravÃ©s da Secretaria de EducaÃ§Ã£o, Cultura, Esportes e Eventos, em parceria com a FAETEC, oferece os cursos de Almoxarife e Assistente de RH.

Acompanhe no post todas as informaÃ§Ãµes pertinentes.

NÃ£o perca essa oportunidade! Curso de qualidade ao alcance de suas mÃ£os. 

Secretaria de EducaÃ§Ã£o, Cultura, Esportes e Eventos
Prefeitura Municipal de Areal

#curso #educaÃ§Ã£o #rh #ciafete",,99
Areal,RJ,Post,2022-07-02 00:46:44,prefeituradeareal,"Prefeitura de Areal entrega 404 notebooks a alunos da rede pÃºblica municipal de ensino 

A Prefeitura Municipal de Areal, atravÃ©s da Secretaria de EducaÃ§Ã£o, Cultura, Esportes e Eventos, realizou hoje (01/07) a entrega de 404 notebooks de Ãºltima geraÃ§Ã£o aos alunos do 5Âº,6Âº,7Âº e 8Âº ano da rede pÃºblica municipal de ensino.

Os notebooks fazem parte do programa educaÃ§Ã£o integrada que tem o objetivo da integraÃ§Ã£o entre tecnologia e educaÃ§Ã£o nas escolas pÃºblicas do MunicÃ­pio, utilizando meios tecnolÃ³gicos em mÃ©todos de ensino, frequentemente aliada Ã  adoÃ§Ã£o de processos mais dinÃ¢micos de aprendizagem.

Participaram da solenidade de entrega o Prefeito de Areal, Gutinho Bernardes, os Deputados Estaduais, Dr Serginho e Marcus VinÃ­cius Neskau, os Vereadores Samuel, LuÃ­s, Valter, Santana, Itamar e Dedeu e o SecretÃ¡rio de EducaÃ§Ã£o, Beto CalÃ§ados. 

Secretaria de EducaÃ§Ã£o, Cultura, Esportes e Eventos
Prefeitura Municipal de Areal 

#areal #educaÃ§Ã£o #investimento #tecnologia",,140
Areal,RJ,Comentario,2022-07-02 01:05:06,elianeferreira.guimaraes,,ğŸ‘ğŸ‘ğŸ‘ğŸ‘ Muito bom investir no cidadÃ£o do futuro. EducaÃ§Ã£o de qualidade para a rede pÃºblica. Areal estÃ¡ de parabÃ©ns. Eu acredito na educaÃ§Ã£o como fonte transformadora da sociedade.,
Areal,RJ,Comentario,2022-07-02 14:08:17,marques.flav,,"ParabÃ©ns a todos os envolvidos!ğŸ‘ Nossas crianÃ§as merecem, Areal merece!!gratidÃ£o!ğŸ™Œâ¤ï¸",
Areal,RJ,Post,2022-06-30 20:59:48,prefeituradeareal,"Relembrar Ã© viver! Por aqui a gente adora relembrar bons momentos e Ã© por isso que dedicamos o #tbt de hoje para o Ãºltimo evento de sucesso que tivemos o prazer de participar, o FÃ³rum Regional de Turismo - Caminhos Coloniais.

Vem com a gente conferir mais alguns registros desse dia!

Secretaria de Meio Ambiente, Agricultura e Turismo
Prefeitura Municipal de Areal

#prefeituradeareal #areal #turismoareal #arealmais30 #cidadedauva",,67
Areal,RJ,Comentario,2022-06-30 23:47:27,camerataarealense,,ğŸ™Œâ¤ï¸,
