Bastos,SP,Post,2022-09-20 16:30:48,pref_bts,"VocÃª nÃ£o estÃ¡ sozinho! ğŸ’›ğŸ’›
Procure ajuda.

Centro de AtenÃ§Ã£o Psicossocial DR.TAKEO KIMURA- CAPS
AV 18 de junho 353 
Telefone: (14)3478-1600",,13
Bastos,SP,Post,2022-09-16 19:41:56,pref_bts,"Servidores municipais da prefeitura de Bastos voltaram a registrar nesta sexta-feira (16/09) a soltura nÃ£o autorizada de peixe no lago do Jardim JaponÃªs localizado na entrada do Recinto de ExposiÃ§Ãµes Kisuke Watanabe. Desta vez uma tilÃ¡pia foi encontrada, no inÃ­cio de agosto dois caranguejos tambÃ©m foram localizados no lago durante o processo de manutenÃ§Ã£o.
A divisÃ£o de meio ambiente da secretaria municipal de agricultura, volta a alertar que a introduÃ§Ã£o de peixes, moluscos, crustÃ¡ceos ou qualquer outra espÃ©cie, sem a devida desinfecÃ§Ã£o coloca em risco a sobrevivÃªncia das carpas ornamentais que sÃ£o muito sensÃ­veis.",,121
Bastos,SP,Post,2022-09-16 19:35:58,pref_bts,"Oficina de DUBLAGEM com Ãtalo Yuri, nÃ£o perca a oportunidade de desenvolver o seu talento.
FaÃ§a a sua inscriÃ§Ã£o no Centro Cultural Tsuya Ohno Kimura ou pelo WhatsApp 14-98217-2826",,8
Bastos,SP,Post,2022-09-16 19:21:35,pref_bts,"Galera... dÃ¡ uma olhada nessa merenda de primeira! ğŸ¤©ğŸ¤©

Deliciosa nÃ©? ğŸ˜ŠJÃ¡ deu atÃ© Ã¡gua na boca! Essas sÃ£o imagens de alguns pratos que as nossas crianÃ§as recebem nas escolas da rede municipal de ensino, produzidos pela equipe da Secretaria da EducaÃ§Ã£o.

Perfeito, nÃ£o Ã© mesmo?",,148
Bastos,SP,Comentario,2022-09-16 20:56:47,josecarlosfreitas2022,,ğŸ‘ğŸ‘ğŸ‘ğŸ‘ğŸ‘ğŸ‘ ParabÃ©ns Comida Boa Para As Nossas CrianÃ§as ğŸ‘ğŸ‘O Futuro Da Nossa NaÃ§Ã£o ğŸ™ğŸ™ğŸ‡§ğŸ‡·ğŸ‡§ğŸ‡·ğŸ‡§ğŸ‡·ğŸ‡§ğŸ‡·ğŸ‡§ğŸ‡·ğŸ‡§ğŸ‡·ğŸ‡§ğŸ‡·ğŸ‡§ğŸ‡·ğŸ‡§ğŸ‡·ğŸ‡§ğŸ‡·ğŸ‡§ğŸ‡·ğŸ‡§ğŸ‡·ğŸ‡§ğŸ‡·,
Bastos,SP,Comentario,2022-09-17 00:51:56,viniciusmirandajorge,,NÃ£o meu tempo nÃ£o tinha posso prova ?,
Bastos,SP,Post,2022-09-16 12:26:09,pref_bts,"Na tarde de ontem foi realizada mais uma AÃ§Ã£o do Setembro Amarelo, onde a equipe do CAPS esteve em uma roda de conversa,  falando sobre a importÃ¢ncia da vida com os alunos do ensino mÃ©dio da Escola Tsuya Ohno Kimura. 

A conversa foi realizada pela Assistente Social Simone e uma dinÃ¢mica com a PsicÃ³loga  Rosana.

Foi realizado vÃ¡rios sorteios de brindes para os alunos.
Agradecimentos pelos brindes: Daiane Aguiar,SalÃ£o Lira, Emanuelly TranÃ§as,Naty Farias - Bolo, Joyce Nascimento, Camarim dos Meninos, Barbearia JÃºlio, Andressato, Papelaria Kawasaki, Aguilare's pizzas, Tininho Cabeleireiro, Rick Lava Car, Leh Charming, Japa Delivery, Eliana Dantas, Gilmar Marques, Nando Barbearia, Mileide Oliveira, Padaria Takarashi, Pastelaria Uemura",,45
Bastos,SP,Post,2022-09-15 16:59:38,pref_bts,"O Projeto Guri de Bastos estÃ¡ com as matrÃ­culas abertas!

O polo de nossa cidade oferece os cursos de: IniciaÃ§Ã£o Musical e Coral para o pÃºblico de 6 a 18 anos.

Para consultar a disponibilidade de vagas, o atendimento acontece no Centro Cultural, Av. 18 de Junho, 235 ou pelo telefone (14)99616-4065.",,14
Bastos,SP,Post,2022-09-14 19:41:09,pref_bts,"Nos dias 02 e 14 de setembro, aconteceu a Conferencia Nacional dos Direitos da CrianÃ§a e do Adolescente tendo o objetivo de promover a ampla mobilizaÃ§Ã£o social para refletir e avaliar os reflexos da pandemia da Covid-19 na vida das crianÃ§as, adolescentes e de suas famÃ­lias e para a construÃ§Ã£o de propostas de aÃ§Ãµes e polÃ­ticas pÃºblicas que garantam os seus direitos no contexto pandÃªmico e pÃ³s pandemia.",,29
Bastos,SP,Post,2022-09-14 19:16:05,pref_bts,"Com apoio da ForÃ§a TÃ¡tica de TupÃ£, policiais do 3Âº PelotÃ£o da PolÃ­cia Militar de Bastos intensificaram o policiamento no municÃ­pio na tarde desta quarta-feira, 14/09. Foram realizadas duas aÃ§Ãµes de bloqueio de trÃ¢nsito nas entradas da cidade.
Por toda Ã¡rea urbana ocorreram abordagens e fiscalizaÃ§Ãµes. 
O policiamento ostensivo tambÃ©m se fez presente nas Ã¡reas de periferia com objetivo de combater a criminalidade. ğŸš“ğŸš¨",,257
Bastos,SP,Comentario,2022-09-14 19:42:50,josecarlosfreitas2022,,ğŸ‘ğŸ‘ğŸ‘ğŸ‘ğŸ‘ğŸ‘ ParabÃ©ns Aos PolÃ­cias SeguranÃ§a Em Primeiro Lugar ğŸ‘ğŸ‘ğŸ‡§ğŸ‡·ğŸ‡§ğŸ‡·ğŸ‡§ğŸ‡·ğŸ‡§ğŸ‡·ğŸ‡§ğŸ‡·ğŸ‡§ğŸ‡·ğŸ‡§ğŸ‡·ğŸ‡§ğŸ‡·ğŸ‡§ğŸ‡·,
Bastos,SP,Post,2022-09-14 19:02:01,pref_bts,"Na tarde de hoje, a equipe de enfermagem do Pronto Socorro Municipal passou por treinamento para manuseio do respirador mecÃ¢nico iX5. A capacitaÃ§Ã£o foi ministrada pelo consultor palestrante Frederico Bevilacqua.

A secretaria de saÃºde estÃ¡ sempre inovando pela saÃºde de nosso munÃ­cipes",,40
Bastos,SP,Post,2022-09-13 19:48:17,pref_bts,âš ï¸,,11
Bastos,SP,Post,2022-09-13 17:11:22,pref_bts,"A vida Ã© cheia de encantos e desencantos.
Cada instante Ã© uma oportunidade de recomeÃ§o.
NÃ£o espere sÃ³ pelo SETEMBRO AMARELO para falar o que sente.

VocÃª nÃ£o estÃ¡ sozinho! ğŸ’›ğŸ’›
Procure ajuda.

Centro de AtenÃ§Ã£o Psicossocial DR.TAKEO KIMURA- CAPS
AV 18 de junho 353 
Telefone: (14)3478-1600",,9
Bastos,SP,Post,2022-09-13 13:42:06,pref_bts,"A Prefeitura de Bastos, atravÃ©s do CRAS, realizou na ultima sexta feira, dia 09 de setembro, o Festival de pipas com os pais e alunos do ServiÃ§o de ConvivÃªncia e Fortalecimento de VÃ­nculos que Ã© desenvolvido dentro da Escola Municipal MÃ¡rcia Nuti Molina.
Esse evento para as crianÃ§as teve como objetivo usar a criatividade, confeccionando suas pipas juntamente com seus pais e entÃ£o incentivar a interaÃ§Ã£o e participaÃ§Ã£o da famÃ­lia em sua rotina.

Um aluno de cada turma foi escolhido para receber a medalha por ter se destacado na cooperaÃ§Ã£o com os colegas:
2Â°ano A - Diego Henrique Guerra do Nascimento
3Â° ano A - Arthur dos Santos Maruiama 
3Â° ano B - Guilherme Dias da Silva 
4Â° ano A - Cristian Michel de Souza Silva
5Â° ano A - Ana Clara Alves de Brito
5Â° ano B - Pedro Henrique Carvalho dos Santos

Houve tambÃ©m uma premiaÃ§Ã£o para aqueles que tiveram:
O pipa mais criativo - Isabeli VitÃ³ria Ferreira da Silva
O menor pipa que subiu - Enzo Cruz Morato 
O maior pipa que subiu - (dupla) Cristian Michel de Souza Silva e Miguel Hideki da Silva Morio Lima 
O pipa mais alto - Miguel Hideki da Silva Morio Lima",,22
Bastos,SP,Post,2022-09-13 13:38:30,pref_bts,âš ï¸,,26
Bastos,SP,Post,2022-09-12 16:52:29,pref_bts,"O municÃ­pio de Bastos realizarÃ¡ mais um â€œTorneio Municipal de Trucoâ€ na modalidade dupla. O evento faz parte do calendÃ¡rio da Secretaria de Esporte, lazer e Juventude, que acontece duas vezes ao ano; em 1Âº de Maio, dia do trabalhador; e setembro, em comemoraÃ§Ã£o ao mÃªs da IndependÃªncia.
O objetivo principal do torneio Ã© promover a interaÃ§Ã£o, a confraternizaÃ§Ã£o, e o lazer dos participantes.
 GraÃ§as a patrocÃ­nios arrecadados neste ano, a premiaÃ§Ã£o serÃ¡ em dinheiro; para o primeiro lugar R$ 1.000,00; para o segundo lugar R$ 500,00; e para o terceiro lugar R$ 250,00.
O torneio acontecerÃ¡ no prÃ³ximo dia 25 de setembro, a partir das 8h30, no Recinto Permanente de ExposiÃ§Ãµes Kisuke Watanabe.
As inscriÃ§Ãµes jÃ¡ estÃ£o abertas e podem ser feitas na Secretaria de Esportes, localizada a Rua Dom Pedro I, nÂº 481, no horÃ¡rio das 07h Ã s 17h, mediante a doaÃ§Ã£o de um 1 kg de alimento nÃ£o perecÃ­vel, por participante da dupla. Todo alimento arrecadado serÃ¡ destinado a Secretaria de AssistÃªncia Social para estar ajudando as famÃ­lias que estÃ£o passando por necessidades em nosso municÃ­pio.",,28
Bastos,SP,Comentario,2022-09-13 11:08:18,joao_enf,,@brunoferreira5984  e ae meu pato,
Bastos,SP,Post,2022-09-09 16:56:43,pref_bts,"A Prefeitura de Bastos realiza hoje, 09 de setembro, mais uma ediÃ§Ã£o do Gabinete no Bairro que contemplarÃ¡ os Jardins Santa Luzia, Santa Terezinha, Santa Maria, Santo AntÃ´nio, Ipanema, Jardim BrasÃ­lia e adjacÃªncias.

O gabinete no bairro possibilita que o munÃ­cipe tenha contato direto com o prefeito, secretÃ¡rios e servidores da municipalidade, resolvendo os mais avariados  problemas,  com  IPTU, prestaÃ§Ã£o junto a CDHU, EducaÃ§Ã£o, SaÃºde, Esporte ou simplesmente dando  sugestÃµes para melhorar o seu bairro.

â€œO Gabinete no Bairro Ã© um projeto do governo Municipal de Bastos criado antes da pandemia, mas que infelizmente precisou ser suspenso nos Ãºltimos 02 anos devido Ã s implicaÃ§Ãµes da Covid-19, mas que agora estamos retomando com o fim das restriÃ§Ãµes. O gabinete no Bairro tem o objetivo de prestar contas Ã  comunidade do que nÃ³s estamos fazendo. Mas acima de tudo, ouvir a populaÃ§Ã£o para resolver os problemas. Os Ã­ndices de efetividade da gestÃ£o Municipal, sÃ£o apurados com os avanÃ§os que o prefeito e sua equipe implementam, e quanto mais a gente ouvir a populaÃ§Ã£o, evidentemente mais acertos pontuais nÃ³s vamos terâ€. Disse o prefeito Manoel Rosa.

O gabinete no bairro desta sexta-feira comeÃ§a a partir das 19h, Rua Pernambuco, em frente ao CRAS, e contarÃ¡ com pipoca, algodÃ£o doce e brinquedos para as crianÃ§as, ao final do evento acontecerÃ¡ o apresentaÃ§Ã£o musical com Lâ€™Jhones. Todos estÃ£o convidados.",,10
Bastos,SP,Post,2022-09-09 16:51:17,pref_bts,"As Unidades de saÃºde atravÃ©s do Programa SaÃºde Escola, estÃ£o realizando nas escolas do nosso municÃ­pio o teste Snellen que serve para medir a acuidade visual das crianÃ§as!
O Projeto jÃ¡ foi realizado nas escolas Ãguia de Haia e Tsuya Ono Kimura",,55
Bastos,SP,Post,2022-09-09 16:08:50,pref_bts,"Essa Ã© pra vocÃª empreendedor em pequenos negÃ³cios!

O SENAC  juntamente com a prefeitura municipal de Bastos e a secretaria de turismo e desenvolvimento econÃ´mico traz a vocÃªs uma capacitaÃ§Ã£o que serÃ¡ o diferencial para o seu empreendimento!

As inscriÃ§Ãµes sÃ£o atÃ© o dia 27 de setembro e poderÃ¡ ser feita na secretaria de turismo, rua Almirante Alexandrino, 233 (em frente ao lobinho).",,9
Bastos,SP,Post,2022-09-09 12:35:57,pref_bts,"Confira o edital na Ã­ntegra, clicando no link abaixo
https://www.bastos.sp.gov.br/concurso/download/158/",,39
Bastos,SP,Comentario,2022-09-09 18:02:18,meirehelenpferraressocruz,,NÃ£o abre ğŸ˜®,
Bastos,SP,Comentario,2022-09-09 22:24:07,leh_jarilho,,Posta o link novamente. Pk nÃ£o entra .,
Bastos,SP,Comentario,2022-09-09 23:37:52,jussarahatae,,https://www.bastos.sp.gov.br/concurso/categoria/45/processo-seletivo-prefeitura-municipal-de-bastos/,
Bastos,SP,Post,2022-09-09 11:18:13,pref_bts,"A equipe do SaÃºde em Casa estarÃ¡ hoje, dia 09 de setembro, Ã s 19h, no Gabinete no Bairro, na Rua Pernambuco, em frente ao Cras!

A comunidade poderÃ¡ usufruir de serviÃ§os como multivacinaÃ§Ã£o Aproveite e deixe a sua saÃºde em dia. ğŸ’‰ğŸ˜€",,9
Bastos,SP,Post,2022-09-09 10:39:27,pref_bts,"Na semana passada, foi realizado o Dia de Pastel para os usuÃ¡rios do CAPS, junto com a Coordenadora de SaÃºde Mental Beatriz , TerapÃªutica Ocupacional Camila e o Enf Raphael.

 Objetivando a socializaÃ§Ã£o, proporcionando lazer, estimulando a autonomia, a independÃªncia e a convivÃªncia comunitÃ¡ria.",,90
Bastos,SP,Post,2022-09-09 10:34:55,pref_bts,"Ontem foi realizado mais um dia de #setembroamareloğŸ’›  e contou com uma super palestra com o apoio do CAPS, sobre PrevenÃ§Ã£o ao SuicÃ­dio para os servidores pÃºblicos.

Palestrante: Luciana Handa

VIVER VALE A PENA! ğŸ’›",,23
Bastos,SP,Post,2022-09-08 13:33:07,pref_bts,"JÃ¡ pensou em poder conversar com o prefeito e secretÃ¡rios, sem precisar ir atÃ© a prefeitura? Pertinho da sua casa? NÃ³s pensamos! ğŸ’¡

Nesta sexta-feira, dia 09 de setembro, estaremos realizando mais uma ediÃ§Ã£o do Gabinete no Bairro.ğŸ˜

O Gabinete no Bairro oferece Ã  nossa comunidade uma forma ainda mais prÃ³xima de comunicaÃ§Ã£o, permitindo que a populaÃ§Ã£o expresse seus pedidos e sugestÃµes diretamente aos secretÃ¡rios da gestÃ£o municipal.

Desta vez o Gabinete no Bairro estarÃ¡ no Jardim Santa Luzia, na rua Pernambuco (de frente ao CRAS), atendendo tambÃ©m todos os bairros prÃ³ximos. O atendimento comeÃ§a Ã s 19h. Teremos ainda brinquedos para as crianÃ§as, pipoca e algodÃ£o doce e ainda uma apresentaÃ§Ã£o musical com L'Jhonys!

Todos os moradores stÃ£o convidados a participar e nos ajudar a realizar o sonho de ver Bastos crescer cada dia mais! ğŸ˜‰",,36
Bastos,SP,Comentario,2022-09-08 14:31:29,obrasgeo,,"Mostre as obras do seu municÃ­pio no aplicativo obrasgeo. Baixe agora, Ã© gratuito!",
Bastos,SP,Post,2022-09-08 10:24:04,pref_bts,âš ï¸âš ï¸,,10
Bastos,SP,Post,2022-09-07 13:05:04,pref_bts,"Quer conhecer de perto a histÃ³ria do nosso paÃ­s? ğŸ‡§ğŸ‡·

AtÃ© 30 de setembro, o Museu HistÃ³rico Regional Saburo Yamanaka estarÃ¡ com a exposiÃ§Ã£o ""Mais de 500 anos de histÃ³ria contadas atravÃ©s de nossas bandeiras"". Aproveite o feriado de independÃªncia e faÃ§a uma visita ao nosso museu, para conferir essa incrÃ­vel viagem no tempo.

A visitaÃ§Ã£o neste 07 de setembro acontece atÃ© as 15h.",,32
Bastos,SP,Post,2022-09-06 19:11:42,pref_bts,âš ï¸âš ï¸,,14
Bastos,SP,Post,2022-09-06 18:58:55,pref_bts,âš ï¸âš ï¸,,8
Bastos,SP,Post,2022-09-06 18:18:24,pref_bts,"O mÃªs de Setembro, Ã© o mÃªs que ocorre o maior nÃºmero de reproduÃ§Ã£o dos escorpiÃµes, por isso nessa tarde a equipe da vigilÃ¢ncia, os agentes comunitÃ¡rios de saÃºde e os agentes do controle de endemias estiveram se aprofundando ainda mais sobre esse assunto para trazer sempre mais cuidado para a populaÃ§Ã£o.",,34
Bastos,SP,Post,2022-09-06 16:59:33,pref_bts,"Infelizmente, aÃ§Ãµes de vandalismo seguem acontecendo em nossa cidade. Desta vez o alvo foi o CAPS.

Na manhÃ£ desta segunda-feira (05/09), ao chegarem para o inÃ­cio da jornada de trabalho os funcionÃ¡rios do CAPS, localizado na Rua Ademar de Barros, 530, perceberam que o prÃ©dio havia sido invadido,  ao realizar uma vistoria, constataram o furto de alguns quilos de carnes, utilizadas nas aulas de culinÃ¡ria dos assistidos e da aparelhagem de som utilizada nos eventos da entidade. Os meliantes quebraram vÃ¡rios objetos, entre eles algumas garrafas de cafÃ©. 

ğŸ”—Saiba mais: https://www.bastos.sp.gov.br/noticia/1159/patrimonio-publico-de-bastos-tem-sido-alvo-constante-de-furtos-e-vandalismo/",,51
Bastos,SP,Comentario,2022-09-06 17:33:19,ildascalise,,"Afff tÃ¡ de mais essa cidade, sem seguranÃ§a  alguma",
Bastos,SP,Comentario,2022-09-07 01:47:20,jussarahatae,,ğŸ˜¢ğŸ˜¢,
Bastos,SP,Comentario,2022-09-07 14:37:00,yone_f_kawabe_zaneli,,ğŸ˜¢ğŸ˜¢ğŸ˜¡ğŸ˜¡,
Bastos,SP,Post,2022-09-05 19:45:44,pref_bts,"Tem paixÃ£o pela natureza e gosta de arte? Estamos com uma oficina ideal para vocÃª!

Oferecida pela artista Tamako Yoshimoto, a Oficina de Ikebana Sogetsu serÃ¡ realizada neste dia 10 de setembro, lÃ¡ no Museu HistÃ³rico Regional Saburo Yamanaka, Ã s 09h. As inscriÃ§Ãµes estÃ£o abertas e podem ser feitas atravÃ©s dos telefones: (14) 3478-2470 ou pelo WhatsApp (14)98217-2826.",,16
Bastos,SP,Post,2022-09-05 14:16:24,pref_bts,"Quer conhecer um pouco mais da cultura nipÃ´nica? O Museu HistÃ³rico Regional Saburo Yamanaka estarÃ¡ com uma oficina de cerÃ¢mica, realizada pela ceramista Hideko Honma!

A oficina acontece no dia 10 de setembro, Ã s 09h. As inscriÃ§Ãµes estÃ£o abertas e podem ser feitas atravÃ©s dos telefones: (14) 3478-2470 ou pelo WhatsApp (14)98217-2826.

Aproveite, pois a VAGAS SÃƒO LIMITADAS!",,54
Bastos,SP,Comentario,2022-09-08 15:30:00,owishu,,Que pena nÃ£o abrirem pros ceramistas e interessados da regiÃ£o,
Bastos,SP,Post,2022-09-02 18:58:25,pref_bts,"A prefeitura e o Governo do Estado de SÃ£o Paulo seguem trabalhando para recapear as nossas ruas!
Agora foi a vez da Alameda da EsperanÃ§a!",,73
Bastos,SP,Comentario,2022-09-02 23:55:42,dalvagarbato,,ğŸ‘ğŸ‘,
Bastos,SP,Post,2022-09-02 18:55:56,pref_bts,"A prefeitura de Bastos e o Governo do estado de SÃ£o Paulo realizaram oficialmente a entrega de trÃªs importantes obras para a populaÃ§Ã£o bastense. 
SÃ£o obras como o â€œPrograma Cidade AcessÃ­vel â€œ, desenvolvido em duas etapas. A primeira com investimento em torno de pouco mais de 100 mil reais, numa parceria do municÃ­pio com a Secretaria de Estado da Pessoa com DeficiÃªncia, possibilitou a  instalaÃ§Ã£o da PraÃ§a e Academia AcessÃ­vel , na via de acesso de Bastos,  onde  as pessoas portadoras de  deficiÃªncia poderÃ£o se exercitar e se divertir em aparelhos adaptados as suas necessidades.
A segunda obra entregue foi a do â€œPoupatempoâ€, com  prestaÃ§Ã£o de serviÃ§os pÃºblicos de qualidade, e com a agilidade que as pessoas precisam.
A terceira obra entregue para nossa comunidade Ã© considerada pelo prefeito como  uma das obras mais importantes de sua gestÃ£o Ã  frente da prefeitura de Bastos. Trata-se do â€œPrograma Vida Longaâ€. O programa conta com  20 unidades habitacionais em forma de condomÃ­nio, para  atender  pessoas sozinhas  ou em  casal,  com mais de 60 anos, que vivem em condiÃ§Ã£o de  vulnerabilidade social.  Estas  pessoas fizeram o seu cadastro na  Secretaria de AssistÃªncia social do municÃ­pio e apÃ³s triagem do governo do estado,  foram aprovados e escolhidos para residir atÃ© o final de suas vidas nas residÃªncias do condomÃ­nio com toda seguranÃ§a que o empreendimento  oferece e com a infraestrutura mantida  pela Prefeitura.
A entrega das obras  aconteceu nesta quinta-feira, dia 1Âº de setembro, no condomÃ­nio do Programa Vida Longa localizado na rua HenemÃ©gio Joaquim da Silva s/nÂº , (antiga rua 01) prolongamento  da â€œAvenida  do Bastos Gâ€.
O evento contou com a presenÃ§a do secretÃ¡rio chefe da Casa Civil, CauÃª Macris; do SecretÃ¡rio da HabitaÃ§Ã£o, FlÃ¡vio Augusto Ayres Amary; e tambÃ©m do presidente da CDHU (Companhia de Desenvolvimento Habitacional e Urbano), Silvio Vasconcellos.",,40
Bastos,SP,Post,2022-09-02 18:30:02,pref_bts,"Em comemoraÃ§Ã£o aos 200 anos de IndependÃªncia do Brasil a Biblioteca Municipal estarÃ¡ realizando oficina cÃ­vica com contaÃ§Ã£o de histÃ³ria e atividades temÃ¡ticas para crianÃ§as de 4 Ã  9 anos. 
SerÃ¡ no dia 9 de setembro (sexta), no perÃ­odo da manhÃ£ das 8h Ã s 10h.
As inscriÃ§Ãµes sÃ£o feitas via Whatsapp no 14 982170382 ou na Biblioteca Municipal de segunda Ã  sexta das 7h Ã s 17h atÃ© o dia 8/09 (quinta). Vagas limitadas!",,17
Bastos,SP,Comentario,2022-09-02 21:49:26,culturabastos,,HorÃ¡rio da tarde jÃ¡ foi preenchido.,
Bastos,SP,Post,2022-09-02 17:31:36,pref_bts,"ÃšLTIMAS HORAS

Quer empreender, mas nÃ£o sabe como?
A secretaria municipal de Turismo e Desenvolvimento EconÃ´mico de Bastos em parceria com o SEBRAE trÃ¡s para o municÃ­pio 02 importantes cursos do  Empreenda RÃ¡pido, o maior programa de empreendedorismo, inclusÃ£o produtiva e geraÃ§Ã£o de renda do paÃ­s! 
Confira:
A PRENDA A COSTURAR EM TECIDO MALHA COM ELASTANO;
Curso Presencial 
PerÃ­odo da Tarde: das 13h Ã s 17h
Aulas de Segunda a Sexta-feira 
Data de inÃ­cio: 05/09/2022 - Data de tÃ©rmino: 05/10/2022
APRENDA A COSTURAR EM TECIDO PLANO E MALHA;
Curso Presencial 
PerÃ­odo da Noite: das 18h30 Ã s 22h30
Aulas de Segunda a Sexta-feira 
Data de inÃ­cio: 05/09/2022 - Data de tÃ©rmino: 05/10/2022
As inscriÃ§Ãµes para os dois cursos devem ser  realizadas pessoalmente na Secretaria de Turismo na Rua Almirante Alexandrino, 233 â€“ Bastos/SP.
NÃ£o perca esta oportunidade!",,117
Bastos,SP,Post,2022-09-02 13:03:03,pref_bts,"Quer empreender, mas nÃ£o sabe como?! 

E que tal aprender a costurar?

O SEBRAE juntamente com a prefeitura municipal de Bastos traz a vocÃªs tÃ©cnicas de costuras que vÃ£o ser o diferencial para iniciar o seu empreendimento!! 

Vem conosco, faÃ§a sua inscriÃ§Ã£o na Secretaria de Turismo
(Rua almirante Alexandrino, 233)",,21
Bastos,SP,Post,2022-09-02 12:06:03,pref_bts,"Marcando o final do â€œAgosto Douradoâ€, mÃªs dedicado ao incentivo do aleitamento materno, a secretaria municipal de SaÃºde de Bastos realizou uma roda de conversa com profissionais da saÃºde, lactantes e gestantes na terÃ§a-feira (30/08), no Anfiteatro Governador MÃ¡rio Covas .
Para a secretaria de saÃºde Maria Isabel Alegre, encontros como este, propiciam o fortalecimento de todas as redes em prol as gestantes e as lactantes. 
â€œA partir do momento que a mulher descobre que estÃ¡ grÃ¡vida ela precisa estar inserida em uma rede de atenÃ§Ã£o bÃ¡sica para receber todo o apoio e orientaÃ§Ã£o. A equipe da secretaria de saÃºde estÃ¡ sempre atenta para estar prestando atendimentos com profissionais capacitados as mamÃ£es de primeira, segunda, terceira ou quarta gestaÃ§Ã£o, uma vez que as dÃºvidas sÃ£o frequentes a cada gestaÃ§Ã£o, e cada filho Ã© diferente um do outroâ€. Explicou a secretÃ¡ria.
O pÃºblico presente participou de dinÃ¢micas de grupo e esclareceu dÃºvidas com a ginecologista Dra Aline, a dentista Dra Telma Escobar Gonzales, o psicÃ³logo Dr Rubens e as com Nutricionistas Doutora Marcela Tanaka , doutora Claudia Gallo e a doutora Nutricionista Franciele Bertolazo. 
Ao final as lactantes e gestantes receberam presentes e participaram de um cafÃ© da tarde.
A administraÃ§Ã£o municipal tem procurado cada vez mais investir em recursos humanos, com profissionais capacitados, e em estrutura fÃ­sica para garantir um atendimento de qualidade a populaÃ§Ã£o bastense.
â€œCada unidade bÃ¡sica de saÃºde do municÃ­pio possui uma equipe com mÃ©dico, enfermeiro tÃ©cnico de enfermagem, ou a gente comunitÃ¡rio que esta ali para acolher as gestantes e garantir o suporte com prÃ©-natal, nascimento e acompanhamento pediÃ¡trico em todas as fases de crescimento da crianÃ§aâ€. Finalizou Maria Isabel.",,69
Bastos,SP,Comentario,2022-09-03 00:43:18,jussarahatae,,ğŸ‘ğŸ‘,
Bastos,SP,Post,2022-09-01 20:57:35,pref_bts,"Na manhÃ£ desta quinta-feira teve inÃ­cio a campanha do Setembro Amarelo pelo CAPS de Bastos! ğŸ’›

A equipe do CAPS realizou aÃ§Ãµes de promoÃ§Ã£o a campanha no comÃ©rcio e repartiÃ§Ãµes pÃºblicas de nossa cidade.

O mÃªs de setembro Ã© dedicado Ã  PrevenÃ§Ã£o ao SuicÃ­dio, e a primeira medida Ã© perder o medo de falar sobre o assunto. O caminho Ã© quebrar tabus, compartilhar informaÃ§Ãµes, esclarecer e conscientizar.

Precisa de ajuda? Entre em contato com o CAPS de Bastos!
Centro de AtenÃ§Ã£o Psicossocial ""DR.TAKEO KIMURA"" - CAPS
Avenida 18 de junho, 353 - Telefone: (14)3478-1600",,43
Bastos,SP,Post,2022-09-01 19:12:59,pref_bts,"Confira o edital na Ã­ntegra, clicando no link abaixo
https://www.bastos.sp.gov.br/concurso/download/157/",,77
Bastos,SP,Comentario,2022-09-01 20:17:28,leyva_franca,,NÃ£o abre,
Bastos,SP,Comentario,2022-09-01 21:46:49,leyva_franca,,Obg,
Bastos,SP,Comentario,2022-09-01 22:12:02,sattofabyana,,Quando sai a inscriÃ§Ã£o?,
Bastos,SP,Comentario,2022-09-01 23:46:42,meirehelenpferraressocruz,,NÃ£o abre,
Bastos,SP,Comentario,2022-09-02 12:57:07,celinamartins_studiodabeleza,,Eu tÃ´ aqui ainda esperando um estorno do Ãºltimo concurso divulgado que foi cancelado....,
Bastos,SP,Post,2022-09-01 18:44:38,pref_bts,"Dando continuidade Ã s atividades em comemoraÃ§Ã£o ao mÃªs do folclore promovidas pela Secretaria da Cultura, a Biblioteca Municipal em parceria com o CCI realizou contaÃ§Ã£o de histÃ³ria com os idosos nos dias 29 e 30 de agosto. AlÃ©m da contaÃ§Ã£o encenada da lenda amazÃ´nica do pÃ¡ssaro Uirapuru, os idosos se divertiram com a brincadeira do telefone sem fio, parlendas e relembraram lendas, histÃ³rias da infÃ¢ncia e juventude em um saudoso e engraÃ§ado bate papo.",,42
Bastos,SP,Post,2022-08-31 19:45:15,pref_bts,"O mÃªs de agosto foi dedicado Ã  amamentaÃ§Ã£o!
O agosto dourado simboliza a luta pelo incentivo Ã  amamentaÃ§Ã£o em todo o paÃ­s. ğŸ¤±ğŸ’›

Em Bastos, o projeto Fono-BebÃª, realizado pela fonoaudiologa Renata Gandolfo, com o apoio da Secretaria de SaÃºde, conscientiza e incentiva as mamÃ£es a amamentar seus filhos!",,40
Bastos,SP,Comentario,2022-09-01 23:26:23,amanda.borghi,,@nadirlenee,
Bastos,SP,Post,2022-08-31 12:00:54,pref_bts,"Nesta quinta-feira, dia 1Âº de setembro, Ã s 11h, a Prefeitura e o Governo do Estado estarÃ£o realizando a entrega do programa vida longa, cidade acessÃ­vel e poupa tempo. Venha prestigiar! O evento serÃ¡ realizado no Vida Longa, localizado na rua HenemÃ©gio Joaquim da Silva s/nÂº.",,130
Bastos,SP,Post,2022-08-30 14:10:14,pref_bts,"As oficinas de culinÃ¡rias sÃ£o realizadas na segunda-feira no CAPS I pela Terapeuta Ocupacional Camila Massara. 

Os usuÃ¡rios  realizam a receita proposta  e no final todos degustam as preparaÃ§Ãµes e expressam suas opiniÃµes.

Hoje foi receita de Bolo de ChocolateğŸ¥§",,42
Bastos,SP,Comentario,2022-08-30 23:54:12,jussarahatae,,ğŸ‘ğŸ‘,
Bastos,SP,Post,2022-08-29 20:02:25,pref_bts,"EstÃ¡ na hora de vocÃª se juntar a nÃ³s e defender os direitos da crianÃ§a e do adolescente!
AcontecerÃ¡ nos dias 02 de setembro e no dia 14 a 12Âª Conferencia Nacional dos Direitos da CrianÃ§a e do Adolescente, com o objetivo de promover a ampla mobilizaÃ§Ã£o social para refletir e avaliar os reflexos da pandemia da Covid-19 na vida das crianÃ§as, adolescentes e de suas famÃ­lias e para a construÃ§Ã£o de propostas de aÃ§Ãµes e polÃ­ticas pÃºblicas que garantam os seus direitos no contexto pandÃªmico e pÃ³s pandemia. 

Venha participar conosco desse momento de muito aprendizado e proteÃ§Ã£o.
inscreva-se atravÃ©s do link:https://docs.google.com/forms/d/e/1FAIpQLSduni016d-J8A860aajeWOm3Ci5bMvVfKhEIBztVePZwAKatg/viewform",,9
Bastos,SP,Post,2022-08-29 19:48:54,pref_bts,âš ï¸,,17
Bastos,SP,Post,2022-08-29 14:21:49,pref_bts,"Confira as novas oportunidades de emprego, atualizadas para esta semana, no Posto de Atendimento ao Trabalhador de Bastos.

As informaÃ§Ãµes complementares deverÃ£o ser obtidas em visita ao Posto de Atendimento ao Trabalhador â€“ PAT â€“ localizado no Ganha Tempo de Bastos, situado na Rua Campos Sales - 178 - Centro ou pelo Telefone (14) 3478-3156",,10
Bastos,SP,Post,2022-08-29 13:23:05,pref_bts,"Na semana de 22 a 26 de Agosto de 2022 aconteceu a Semana do Folclore no Museu HistÃ³rico Regional Saburo Yamanaka. A semana contou com uma exposiÃ§Ã£o de brinquedos e brincadeiras folclÃ³ricas e de infÃ¢ncia. Na sala da exposiÃ§Ã£o foram retratadas 8 brincadeiras (bolinha de gude, bambolÃª, corda, cama de gato, pipa, cinco marias, peteca e piÃ£o) atravÃ©s de imagens das telas do renomado pintor Ivan Cruz (@ivancruzbrincadeirasdecrianca) e na Ã¡rea externa foram realizadas de forma pratica as mesmas brincadeiras com as crianÃ§as. 
Recebemos na exposiÃ§Ã£o, cerca de 580 alunos da rede municipal e particular. As escolas presentes na exposiÃ§Ã£o foram EMEIF Prof. Mauro Demarchi, EMEIF III Caminho Encantado, EMEIF Jardim Alvorada, EMEIF Jardim Alvorada Sonho de CrianÃ§a, EMEIF Prof.JosÃ© Pereira Parh, EMEIF Cleide Andrade Pessoa da Silva, EMEIF Fusae Yabuta, EMEF MÃ¡rcia Nuti Molina, ES â€“ Centro Especializado de EducaÃ§Ã£o e SaÃºde,  o Gk Acenba, Projeto GURI e os alunos de EMEIF LÃºcia Violin de Giulli de Iacri/SP.

Esteve Ã  frente da exposiÃ§Ã£o desde a montagem atÃ© a recepÃ§Ã£o dos alunos a Professora Coordenador PedagÃ³gica Gabriela Yamacuti com todo o apoio do Diretor do Museu Breno Erik e do SecretÃ¡rio da Cultura Marcelo Ribeiro.

A ExposiÃ§Ã£o foi um verdadeiro sucesso.",,48
Bastos,SP,Comentario,2022-08-29 19:10:32,jaqueoliveira.arts,,ğŸ‘ğŸ‘ğŸ‘â¤ï¸,
Bastos,SP,Comentario,2022-08-29 23:53:42,ivancruzbrincadeirasdecrianca,,Ficamos felizes com o convite! ParabÃ©ns a toda equipe vvvvocÃªsvoces  foram Ã³timos! Uma honra ter participado dela semana do brincar! ParabÃ©ns pelo lÃ¡ exposiÃ§Ã£o fficou linda! Contem sempre conosco! AtÃ© logo.,
Bastos,SP,Post,2022-08-29 10:42:21,pref_bts,"A todas as gestantes, puÃ©rperas e lactantes deixamos o convite para prestigiar esse primeiro encontro sobre a amamentaÃ§Ã£o!! 

Esperamos por vocÃªs no dia 30 de agosto, Ã s 15h no anfiteatro municipal! 
ğŸ¤°ğŸ»ğŸ‘©â€ğŸ‘§â€ğŸ‘¦â¤ï¸",,16
Bastos,SP,Post,2022-08-27 18:09:01,pref_bts,"Hoje, a partir das 18h, teremos a Noite de Bon Odori!

O evento acontecerÃ¡ no Museu HistÃ³rico Regional Saburo Yamanaka. Venha danÃ§ar conosco e prestigiar a #cultura de nossa cidade.ğŸ˜",,38
Bastos,SP,Post,2022-08-26 11:07:47,pref_bts,"JÃ¡ pensou em poder conversar com o prefeito e secretÃ¡rios, sem precisar ir atÃ© a prefeitura? Pertinho da sua casa? NÃ³s pensamos! ğŸ’¡

Nesta sexta-feira, dia 26 de agosto, estaremos trazendo de volta o Gabinete no Bairro.ğŸ˜

Visando oferecer a nossa comunidade uma forma ainda mais prÃ³xima de comunicaÃ§Ã£o, este projeto estarÃ¡ em vÃ¡rios bairros durante o ano.

Os primeiros bairros atendidos serÃ£o os localizados prÃ³ximos ao Jardim Bela Vista (Caixa d'Ã¡gua), sendo realizado na Quadra do Jardim Bela Vista. O atendimento comeÃ§a Ã s 19h.

VocÃª que mora nos bairros Esmeralda, SÃ£o Francisco Xavier, Esplanada, Bela Vista e Alvorada estÃ£o convidados a participar e nos ajudar a realizar o sonho de ver Bastos crescer cada dia mais! ğŸ˜‰",,23
Bastos,SP,Post,2022-08-26 10:47:35,pref_bts,"A equipe do SaÃºde em Casa estarÃ¡ hoje, dia 26 de agosto, Ã s 19h, no Gabinete no Bairro, lÃ¡ na Quadra do Jd. Bela Vista!

A comunidade poderÃ¡ usufruir de serviÃ§os como vacinaÃ§Ã£o de covid, influenza, meningite e muitas outras! Aproveite e deixe a sua saÃºde em dia. ğŸ’‰ğŸ˜€",,20
Bastos,SP,Post,2022-08-25 18:20:42,pref_bts,"O Gabinete no Bairro estÃ¡ de volta! ğŸŒŸ

ğŸ‘‰Nesta sexta-feira, dia 26 de agosto Ã s 19h, a Prefeitura de Bastos vai atÃ© a Quadra do Jardim Bela Vista, ao lado da EMEIF V, com toda sua equipe de secretÃ¡rios para atender toda a populaÃ§Ã£o dos bairros Jd. Esmeralda, Jd. SÃ£o Francisco Xavier, Jd. Bela Vista e Jd. Esplanada!

ğŸ”¸Uma ampla estrutura para a comunidade falar diretamente com o governo municipal, resolvendo qualquer situaÃ§Ã£o com o poder pÃºblico ou mesmo deixar sugestÃµes para a gente, tudo NA HORA! Teremos ainda BRINQUEDOS, ALGODÃƒO DOCE e PIPOCA para a crianÃ§ada, alÃ©m de um super show com MARCO E JÃšNIOR.",,71
Bastos,SP,Post,2022-08-25 12:17:14,pref_bts,"Bora pro volta Ã s aulas?ğŸ’ğŸ“—ğŸšŒ
EntÃ£o nÃ£o se esqueÃ§a de renovar a sua carteirinha de transporte escolar intermunicipal para o segundo semestre!

âš ï¸Para isso vocÃª deve comparecer a *Secretaria de EducaÃ§Ã£o, entre os dias 08 e 31 de agosto, das 07h as 17h* com os seguintes documentos:
*RG
*CPF
*Comprovante de endereÃ§o do mÃªs atual
*Comprovante de matricula do mÃªs atual, que esteja descrito o curso que o aluno estÃ¡ matriculado
*02 fotos 3x4 (apenas uma para quem for renovar)
*Aluno menor de idade precisa levar o responsÃ¡vel para a retirada da carteirinha

Tudo ok? Vamos nessa entÃ£o! ğŸ“šğŸ¤“ğŸ›£ï¸",,18
Bastos,SP,Post,2022-08-24 21:15:42,pref_bts,"No prÃ³ximo sÃ¡bado, dia 27 de agosto, acontecerÃ¡ a partir das 18h, a noite de Bon Odori no Museu HistÃ³rico Regional Saburo Yamanaka. Venha danÃ§ar conosco",,61
Bastos,SP,Post,2022-08-24 19:50:22,pref_bts,"Nesta quarta-feira a equipe do CRAS de Bastos realizou diversas atividades em grupo, com as famÃ­lias atendidas na unidade, com a temÃ¡tica do agosto lilÃ¡s, que aborda a temÃ¡tica da conscientizaÃ§Ã£o pelo fim da violÃªncia contra a mulher!",,28
Bastos,SP,Comentario,2022-08-24 22:19:46,adrianatognoli45180,,ğŸ‘ğŸ‘ğŸ‘ğŸ‘ğŸ‘ğŸ‘,
Bastos,SP,Post,2022-08-24 17:49:27,pref_bts,"Sempre em busca de uma educaÃ§Ã£o de qualidade para as nossas crianÃ§as, na Ãºltima semana os gestores da educaÃ§Ã£o municipal participaram de uma importante capacitaÃ§Ã£o do Sistema SESI de Ensino, com a analista Aline Madia.",,16
Bastos,SP,Post,2022-08-23 19:58:22,pref_bts,"ApÃ³s o pedido do Prefeito Manoel Rosa de Bastos e de prefeitos da microrregiÃ£o de TupÃ£ por aumento de efetivo policial, disponibilidade de mais viaturas nas ruas e aÃ§Ãµes ostensivas da PolÃ­cia Militar nas cidades, com o objetivo de atenuar o nÃºmero de furtos e roubos, a polÃ­cia militar apresenta resposta positiva no combate a criminalidade.

Nesta terÃ§a-feira (23-08) a PolÃ­cia Militar desencadeou operaÃ§Ã£o de bloqueio de trÃ¢nsito ostensivo, em vÃ¡rios bairros e na entrada da cidade de Bastos. Segundo o capitÃ£o AndrÃ© Vander Zambelli Ribeiro, comandante da 2Âº CIA da PM de TupÃ£ este tipo de abordagem inibe aÃ§Ãµes criminosas e auxilia na fiscalizaÃ§Ã£o de veÃ­culos que podem estar sendo utilizados na pratica de furtos e roubo. Durante as abordagens os motoristas tambÃ©m receberam orientaÃ§Ãµes. Na segunda-feira (23-08) diversas equipes, incluindo a forÃ§a tÃ¡tica e o BAEP, estiveram no municÃ­pio intensificando aÃ§Ãµes de fiscalizaÃ§Ã£o durante todo o dia.",,188
Bastos,SP,Comentario,2022-08-23 20:02:31,meirehelenpferraresso,,Tem que andar pelos bairros principal anoite,
Bastos,SP,Post,2022-08-23 19:31:59,pref_bts,âš ï¸ATENÃ‡ÃƒO,,6
Bastos,SP,Post,2022-08-23 18:11:24,pref_bts,"âš ï¸ ATENÃ‡ÃƒO PAPAIS E MAMÃƒES âš ï¸

A vacinaÃ§Ã£o contra a Covid-19 foi ampliada para crianÃ§as de 3 e 4 anos de idade! A vacinaÃ§Ã£o nesta faixa etÃ¡ria serÃ¡ dividida em duas fases, sendo a primeira para crianÃ§as com comorbidades e em seguida serÃ£o vacinadas as crianÃ§as sem comorbidades.

Os pais que desejam vacinar seus filhos devem procurar as unidades de saÃºde, para deixar o nome da crianÃ§a e telefone para contato.",,12
Bastos,SP,Post,2022-08-23 16:39:06,pref_bts,"A Prefeitura de Bastos, informa aos munÃ­cipes que inicia no dia 23 de agosto, a AudiÃªncia PÃºblica Online da Lei OrÃ§amentÃ¡ria Anual â€“ LOA 2023. A participaÃ§Ã£o da populaÃ§Ã£o, com sugestÃµes, Ã© por meio de um questionÃ¡rio que estÃ¡ disponÃ­vel no site da prefeitura atÃ© o dia 20 de setembro.

ğŸ”—Saiba mais: https://www.bastos.sp.gov.br/noticia/1158/audiencia-publica-online-da-lei-orcamentaria-anual-loa-2023/",,17
Bastos,SP,Post,2022-08-23 12:08:45,pref_bts,"COM AUXÃLIO DE R$1.000,00 ESTÃƒO ABERTAS AS INSCRIÃ‡Ã•ES PARA O BOLSA EMPREENDEDOR
EstÃ£o abertas atÃ© 18/09 as inscriÃ§Ãµes para a Ãºltima turma deste ano do Bolsa Empreendedor, que acontece no mÃªs de outubro. O nÃºmero de vagas Ã© limitado.
De acordo com a Secretaria de Turismo e Desenvolvimento EconÃ´mico, responsÃ¡vel pelo programa, pode participar qualquer pessoa desempregada ou trabalhador informal que jÃ¡ desenvolvem alguma atividade produtiva (manicure, confeitaria, bolo, pedreiro, eletricista, etc..), e os que tem MEI. 
O programa Bolsa Empreendedor foi criado para apoiar a aÃ§Ã£o empreendedora entre os grupos mais afetados no perÃ­odo da pandemia.
O Programa oferece:
1Â° Bolsa auxÃ­lio R$1.000,00 â€“ Duas parcelas em R$500
A 1Âª parcela serÃ¡ creditada apÃ³s cumprimento do curso de qualificaÃ§Ã£o e formalizaÃ§Ã£o.
2Â° QualificaÃ§Ã£o â€“ curso de empreendedorismo
Curso â€œEmpreenda rÃ¡pidoâ€, em parceria com o Sebrae
3Â° FormalizaÃ§Ã£o
OrientaÃ§Ã£o para formalizaÃ§Ã£o por meio do MEI (Microempreendedor Individual), durante o curso de qualificaÃ§Ã£o.
A formalizaÃ§Ã£o traz benefÃ­cios como aposentadoria, salÃ¡rio maternidade e outros.
Para se inscrever acesse: https://www.bolsadopovo.sp.gov.br/portal/BolsaEmpreendedor/index",,44
Bastos,SP,Comentario,2022-08-23 14:19:48,dorismuniz8,,"Fiz o curso online, fiquei de receber o bolsa empreendedor jÃ¡ faz 6 meses e nada",
Bastos,SP,Comentario,2022-08-23 14:20:06,dorismuniz8,,Ã‰ pura enrolaÃ§Ã£o,
Bastos,SP,Comentario,2022-08-23 14:20:59,dorismuniz8,,"JÃ¡ liguei p sebrae, e disseram que tenho que aguardar",
Bastos,SP,Comentario,2022-08-23 14:21:12,dorismuniz8,,AtÃ© quando klk,
Bastos,SP,Post,2022-08-23 10:46:19,pref_bts,"No Ãºltimo sÃ¡bado, aconteceu o dia D para a vacinaÃ§Ã£o da poliomielite e tambÃ©m multivacinaÃ§Ã£o para crianÃ§as menores de 15 anos. 

Confira algumas fotos",,40
Bastos,SP,Post,2022-08-22 19:54:52,pref_bts,"Preocupados com a SeguranÃ§a PÃºblica os prefeitos da micro regiÃ£o de TupÃ£ resolveram em comum acordo elaborar um documento, reivindicando aumento de efetivo policial em todas as cidades atendidas pela 2Âº CIA da PM, disponibilidade de mais viaturas nas ruas e aÃ§Ãµes ostensivas da PolÃ­cia Militar, atenuado o nÃºmero de furtos e roubos, que tem sido relatados pelos munÃ­cipes aos chefes dos executivos.

ğŸ”—Saiba mais: https://bastos.sp.gov.br/noticia/1157/prefeitos-da-regiao-cobram-comando-da-pm-por-mais-seguranca/",,28
Bastos,SP,Post,2022-08-22 10:25:13,pref_bts,"Neste sÃ¡bado recebemos a visita do CÃ´nsul Geral do JapÃ£o Kuwana Ryosuke!

ğŸ‘‰A autoridade visitou o Museu HistÃ³rico Regional Saburo Yamanaka e a PraÃ§a dos 50 anos de Co-irmandade entre Bastos, Engaru e Bastos.",,66
Bastos,SP,Post,2022-08-20 14:32:14,pref_bts,"Hoje Ã© dia de deixar a saÃºde da crianÃ§ada em dia!

Vem pro Dia D e vacine seu filho!ğŸ¥°",,50
Bastos,SP,Post,2022-08-19 19:41:36,pref_bts,"VocÃª jÃ¡ ouviu falar do projeto ""Quem nÃ£o vai falta faz"", lÃ¡ da Secretaria de EducaÃ§Ã£o? ğŸ¤”

ğŸ”¸ConheÃ§a melhor como funciona esta incrÃ­vel iniciativa, que possibilita um acompanhamento bem de pertinho em cada aluno, garantindo que os pequenos nÃ£o percam um dia de aula! ğŸ¥°ğŸ¥°",,133
Bastos,SP,Comentario,2022-08-19 19:56:48,betoofrancajr,,"Sou testemunha dessas aÃ§Ãµes maravilhosas que Ã© suporte para que essas crianÃ§as se desenvolvam da melhor maneira possÃ­vel â¤ï¸
ParabÃ©ns a todos envolvidos ğŸ‘ğŸ½ğŸ‘ğŸ½ğŸ‘ğŸ½",
Bastos,SP,Comentario,2022-08-19 20:30:23,sushiepaes.marina,,ğŸ‘ğŸ‘ğŸ‘,
Bastos,SP,Comentario,2022-08-19 20:47:23,amanda.borghi,,AÃ­ q vÃ­deo lindo!!!! Realmente eles vem na porta kkkkk esqueci de avisar esses dias o motivo da falta do meu e nÃ£o demorou muito o Leandro apareceu ğŸ‘ğŸ‘ğŸ‘,
Bastos,SP,Comentario,2022-08-20 18:05:07,vereadoraverinha,,ğŸ˜ğŸ˜ğŸ˜ğŸ‘ğŸ‘ğŸ‘â¤ï¸,
Bastos,SP,Post,2022-08-18 19:25:41,pref_bts,"O Prefeito Manoel Rosa encaminhou a CÃ¢mara Municipal o projeto de lei NÃºmero 45/22, que cria, extingue e altera referÃªncia de cargos, como parte da polÃ­tica de valorizaÃ§Ã£o dos Servidores. 

Ao longo deste ano de 2022 e do prÃ³ximo, fazendo parte da Proposta de ValorizaÃ§Ã£o e RecuperaÃ§Ã£o Salarial, o prefeito Manoel Rosa estenderÃ¡ o benefÃ­cio aos demais cargos e categorias.

A polÃ­tica de valorizaÃ§Ã£o dos Servidores tem sido possÃ­vel graÃ§as Ã s economias feitas pelo prefeito na gestÃ£o, e atende aos pedidos que chegam dos vereadores da base do executivo na CÃ¢mara Municipal, dos secretÃ¡rios da equipe de governo, e cumpre um compromisso assumido com o sindicato dos Servidores Municipais, Ã  Ã©poca, presidido por MÃ¡rcio Cardoso.

Essas alteraÃ§Ãµes propostas pelo projeto passariam a valer a partir de 1Âº de setembro, caso seja aprovada na cÃ¢mara.",,53
Bastos,SP,Post,2022-08-18 12:05:27,pref_bts,"O dia D de mobilizaÃ§Ã£o da Campanha Nacional de VacinaÃ§Ã£o contra a Poliomielite e MultivacinaÃ§Ã£o acontecerÃ¡ no dia 20 de agosto. A data cai em um sÃ¡bado e todas as unidades de saÃºde do municÃ­pio de Bastos estarÃ£o abertas das 08h atÃ© Ã s 17h para receber toda a populaÃ§Ã£o. Leve o seu filho menor de 15 anos para atualizar a caderneta de vacinaÃ§Ã£o. ğŸ’‰

Saiba mais: https://bastos.sp.gov.br/.../campanha-de-vacinacao.../

#poliomielite #á´ á´€á´„ÉªÉ´á´€salvavidas
#multivacinacÃ£o",,13
Bastos,SP,Post,2022-08-18 11:55:26,pref_bts,"Numa realizaÃ§Ã£o do Sindicato Rural, com apoio da Secretaria de Esportes Lazer e Juventude de Bastos e vem aÃ­ o 1Âº Passeio CiclÃ­stico do Avicultor. 
O evento acontecerÃ¡ a partir das 08h00, do dia 28 de agosto, data em que se comemora o dia do avicultor, com saÃ­da e chegada na PraÃ§a do Ovo.
As inscriÃ§Ãµes podem ser feitas das 7h00 Ã¡s 17h00, na Secretaria de Esportes Lazer e Juventude, localizada na Rua Dom Pedro I, nÂº 481; no Sindicato Rural, situado a Rua Osvaldo Cruz, nÂº 683; ou  com antecedÃªncia de uma hora no local de saÃ­da no dia do evento. No ato da inscriÃ§Ã£o estÃ¡ sendo solicitada a doaÃ§Ã£o de um litro de leite, ou um quilo de alimento nÃ£o perecÃ­vel, que serÃ¡ doado a instituiÃ§Ãµes ou famÃ­lias carentes do municÃ­pio.",,7
Bastos,SP,Post,2022-08-17 19:46:19,pref_bts,Boletim CoronavÃ­rus - Atualizado em 17 de agosto.,,16
Bastos,SP,Post,2022-08-17 19:37:55,pref_bts,"A Escolinha de futebol da Secretaria de Esportes, Lazer e Juventude de Bastos vem obtendo resultados surpreendentes! As equipes Bastenses, das categorias: sub 11, 13 e 15 chegaram nas quartas de final da Copa Internacional de Futebol que aconteceu de 10 a 16 de Julho deste ano.

AlÃ©m disso Campeonato Varzeano de Futebol Society, na atual ediÃ§Ã£o, conta com a participaÃ§Ã£o de 270 pessoas, entre atletas e treinadores, com 15 equipes participantes, divididas em trÃªs grupos com 5 times. De cada grupo saÃ­ram os dois primeiros colocados, que se enfrentam na fase de mata-mata; dia 21 nas quartas de final, dia 28 na semifinal e dia 4 na grande final.

ğŸ”—Saiba Mais: https://www.bastos.sp.gov.br/noticia/1156/escolinha-de-futebol-e-semifinal-do-campeonato-varzeano-society-agitam-a-semana-em-bastos/",,35
Bastos,SP,Post,2022-08-17 19:11:00,pref_bts,"A Prefeitura Municipal de Bastos atravÃ©s da Secretaria de Cultura realiza a â€œSemana do  folcloreâ€ no Museu HistÃ³rico Regional Saburo Yamanaka.

O evento contarÃ¡ com ExposiÃ§Ã£o de Ivan Cruz, criado no subÃºrbio Carioca o artista defende o resgate das brincadeiras consideradas antigas, principalmente no atual momento em que a internet distÃ¢ncia as pessoas, e as crianÃ§as ficam inertes diante de telas e nÃ£o brincam mais.

â€œÃ‰ importante ressaltar que a proposta do artista Ã© de levar Ã  todos uma reflexÃ£o do por quÃª o abandono atual de tais atividades tÃ£o saudÃ¡veis e criativas. ""As crianÃ§as precisam voltar a brincar!â€ Alerta Ivan Cruz.

AlÃ©m disso, teremos amostras reais das brincadeiras e tambÃ©m contos e lendas do folclore brasileiro.

A visitaÃ§Ã£o pÃºblica acontecerÃ¡ das 07h Ã s 17h, de 22 a 26 de agosto.

Toda a populaÃ§Ã£o estÃ¡ convidada a participar! â¤ï¸ğŸ‘¨â€ğŸ‘©â€ğŸ‘§â€ğŸ‘¦",,29
Bastos,SP,Comentario,2022-08-18 12:21:38,gabyamacuti,,@ivancruzbrincadeirasdecrianca @ludmilavasconcellos11  muito obrigada por nos presentear com a participaÃ§Ã£o de parte de suas magnÃ­ficas obras. Trabalho lindo e encantador. Amo vocÃªs.,
Bastos,SP,Post,2022-08-17 17:01:32,pref_bts,"A Secretaria de Turismo e Desenvolvimento EconÃ´mico de Bastos, informa que o PoupaTempo jÃ¡ estÃ¡ atendendo toda a populaÃ§Ã£o na Rua Campos Sales -178, Bastos -SP. O expediente acontece das 09h Ã s 17h de segunda a sexta-feira, e das 9h Ã s 13h aos sÃ¡bados.

O atendimento presencial estÃ¡ disponÃ­vel para os serviÃ§os que nÃ£o podem ser feitos de forma online, porÃ©m, requer agendamento, que pode ser feito pelo site do Poupa Tempo, em  www.poupatempo.sp.gov.br, ou  no totem de autoatendimento na agÃªncia  local . 

O agendamento Ã© gratuito, pessoal e intransferÃ­vel, e obrigatÃ³rio.",,75
Bastos,SP,Post,2022-08-17 16:59:22,pref_bts,"O Centro de ReferÃªncia de AssistÃªncia Social (CRAS) de Bastos, realizou na Ãºltima quarta-feira, 10 de agosto, palestra com famÃ­lias que participam dos serviÃ§os da unidade. Na oportunidade foi discutido o eixo temÃ¡tico ConstelaÃ§Ã£o Familiar, com foco no dia dos pais. 

A palestrante convidada foi Gisele Yamiko Honda, assistente do judiciÃ¡rio. Durante as explanaÃ§Ãµes foi abordado o direito do cidadÃ£o em ter o nome do pai na certidÃ£o de nascimento, os presentes receberam orientaÃ§Ãµes sobre os procedimentos legais de reconhecimento da paternidade perante o judiciÃ¡rio.

ğŸ”—Saiba mais: https://www.bastos.sp.gov.br/noticia/1155/paternidade-e-tema-de-palestra-promovida-pelo-cras-de-bastos/",,12
Bastos,SP,Post,2022-08-17 16:54:44,pref_bts,"O Ã´nibus do Projeto SaÃºde em Casa, da Secretaria de SaÃºde de Bastos esteve na manhÃ£ de sÃ¡bado, 14 de agosto, na EMEF MÃ¡rcia Nuti Molina atendendo alunos do Programa Viva Vila!

As crianÃ§as passaram por avaliaÃ§Ã£o odontolÃ³gica, receberam orientaÃ§Ãµes de como manter a saÃºde bucal e ganharam escovas de dentes. ğŸ˜

ğŸ”—Saiba mais: https://www.bastos.sp.gov.br/noticia/1154/projeto-saude-em-casa-visita-alunos-do-programa-viva-vila/",,29
Bastos,SP,Post,2022-08-16 16:59:05,pref_bts,âš ï¸ATENÃ‡ÃƒOâš ï¸,,7
Bastos,SP,Post,2022-08-12 19:57:16,pref_bts,"VocÃª sabia que a populaÃ§Ã£o tem acesso gratuito Ã  prÃ³teses dentÃ¡rias? ğŸ¦·

Pois Ã©! DÃ¡ uma conferida neste vÃ­deo para ficar por dentro do assunto e saber como ter acesso a este serviÃ§o! ğŸ˜‰",,29
Bastos,SP,Post,2022-08-12 19:18:51,pref_bts,"Hoje o pessoal da Secretaria de Agricultura, Abastecimento e Meio Ambiente de Bastos esteve realizando um belÃ­ssimo trabalho de paisagismo, no seguimento da Avenida 18 de Junho, nas proximidades da Via de Acesso Elias Geres!

Estamos deixando nossa cidade cada dia mais bonita.ğŸ¤—",,72
Bastos,SP,Comentario,2022-08-12 19:42:00,luciacgeres,,"Quanta gratidÃ£o eu tenho ao nosso prefeito @manoelrosaoficial por tanto carinho e cuidado com nossa cidade, em especial Ã  essa Via, que leva o nome do meu falecido pai.",
Bastos,SP,Post,2022-08-12 19:12:15,pref_bts,"Vem aÃ­ o Dia de Campo em Bastos!

Voltado a proporcionar conhecimento e interaÃ§Ã£o para produtores de frutas, mel e outras culturas de Bastos e regiÃ£o. A participaÃ§Ã£o Ã© gratuita e aberta a todos que tenham interesse sobre os temas, as inscriÃ§Ãµes sÃ£o limitadas e podem ser feitas no site do Sindicato Rural.

O evento Ã© uma parceria entre Sebrae, Sindicato Rural e Prefeitura de Bastos.

ğŸ”—Saiba mais: https://www.bastos.sp.gov.br/noticia/1153/dia-de-campo-em-bastos-disponibilizara-conhecimento-e-interacao-para-produtores/",,16
Bastos,SP,Post,2022-08-11 18:15:29,pref_bts,AtenÃ§Ã£o âš ï¸,,15
Bastos,SP,Post,2022-08-11 18:11:05,pref_bts,"A Prefeitura de Bastos, atravÃ©s do Projeto Crescer, traz uma novidade para crianÃ§as e adolescentes de 07 a 17 anos de idade: AULA DE JAZZ!

E pra vocÃª que ama danÃ§ar, jÃ¡ estÃ¡ na hora de se matricular!

As inscriÃ§Ãµes podem ser feitas no Centro Cultural (Av. 18 de junho, 250) entre os dias 11 e 19 de agosto, sendo necessÃ¡rio a apresentaÃ§Ã£o de um documento de identificaÃ§Ã£o e tambÃ©m um comprovante de residÃªncia.

NÃ£o perca essa oportunidade!",,25
Bastos,SP,Post,2022-08-10 19:52:34,pref_bts,,,10
Bastos,SP,Post,2022-08-10 18:22:59,pref_bts,"ÃšLTIMAS VAGAS para vocÃª se inscrever nas aulas de canto e coral! ğŸ˜ğŸ¤

Tem mais de 16 anos de idade e quer aprender aulas de canto e coral? EntÃ£o faÃ§a sua inscriÃ§Ã£o no Centro Cultural (Av. 18 de junho, 250) ou tambÃ©m pelos telefones (14)98217-2826 ou (14)3478-2470 atÃ© o dia 12 de agosto.

NÃ£o fique de fora dessa ğŸ¶ğŸ¤",,9
Bastos,SP,Post,2022-08-10 18:19:28,pref_bts,"No dia 20 de agosto, sÃ¡bado, das 08h Ã s 17h acontecerÃ¡ o DIA D da VacinaÃ§Ã£o em todas as unidades de saÃºde!

Um dia especial, voltado para a vacinaÃ§Ã£o contra a poliomielite para crianÃ§as menores de 5 anos, e multivacinaÃ§Ã£o para crianÃ§as menores de 15 anos. Neste dia tambÃ©m teremos equipe odontolÃ³gica oferecendo orientaÃ§Ãµes e entregando escovas de dentes para as crianÃ§as.",,11
Bastos,SP,Post,2022-08-10 18:08:17,pref_bts,"ğŸ””O Poupatempo de Bastos, localizado na Rua Campos Sales - 178, entra na fase final de acabamento!

Toda a infraestrutura, layout e mobiliÃ¡rio jÃ¡ estÃ£o finalizados.  A fase de teste  do sistema operacional ocorre de 10 a 13 de agosto. A previsÃ£o Ã© que no dia 15, a unidade dÃª inÃ­cio aos trabalhos com atendimento presencial. O expediente serÃ¡ das 09h Ã s 17h, de segunda a sexta-feira, e das 9h Ã s 13h aos sÃ¡bados.

ğŸ”—Saiba mais: https://www.bastos.sp.gov.br/noticia/1152/poupatempo-de-bastos-deve-iniciar-atendimento-a-populacao-a-partir-do-dia-15/",,89
Bastos,SP,Comentario,2022-08-10 18:26:46,stanquinimodas,,ğŸ‘ğŸ‘ğŸ‘ğŸ‘,
Bastos,SP,Comentario,2022-08-11 19:21:43,debieandreguette,,ğŸ‘ğŸ‘ğŸ‘ğŸ‘,
Bastos,SP,Post,2022-08-10 17:14:47,pref_bts,"Polo da Univesp - Universidade Virtual do Estado de SÃ£o Paulo de Bastos atingiu a marca de 120 alunos. Contando com 50 computadores de Ãºltima geraÃ§Ã£o e sala climatizada a unidade foi a segunda em inscriÃ§Ãµes de JunqueirÃ³polis a Marilia e exportou alunos para outros polos como, TupÃ£, RinÃ³polis entre outros. Na noite de ontem (09) ocorreu a aula inaugural do Polo no auditÃ³rio do Anfiteatro MÃ¡rio Covas. Os alunos receberam as boas vindas e orientaÃ§Ãµes a respeito de como interagir com o AVA (Ambiente Virtual de Aprendizagem).",,36
Bastos,SP,Post,2022-08-10 12:22:32,pref_bts,"As Oficinas de CulinÃ¡ria retornaram no CAPS! O projeto Ã© executado pela terapeuta ocupacional Camila Massaro.

 O objetivo da Oficina CulinÃ¡ria Ã© promover a integraÃ§Ã£o, o desenvolvimento da autoestima, da autonomia, da coordenaÃ§Ã£o motora e higiene atravÃ©s da gastronomia, alÃ©m de proporcionar momentos de lazer e troca de experiÃªncias.",,58
Bastos,SP,Post,2022-08-09 21:25:06,pref_bts,"Numa realizaÃ§Ã£o do Sindicato Rural, com apoio da Secretaria de Esportes Lazer e Juventude de Bastos e vem aÃ­ o 1Âº Passeio CiclÃ­stico do Avicultor. 

O evento acontecerÃ¡ a partir das 08h00, do dia 28 de agosto, data em que se comemora o dia do avicultor, com saÃ­da e chegada na PraÃ§a do Ovo.

As inscriÃ§Ãµes podem ser feitas das 7h00 Ã¡s 17h00, na Secretaria de Esportes Lazer e Juventude, localizada na Rua Dom Pedro I, nÂº 481; no Sindicato Rural, situado a Rua Osvaldo Cruz, nÂº 683; ou  com antecedÃªncia de uma hora no local de saÃ­da no dia do evento. No ato da inscriÃ§Ã£o estÃ¡ sendo solicitada a doaÃ§Ã£o de um litro de leite, ou um quilo de alimento nÃ£o perecÃ­vel, que serÃ¡ doado a instituiÃ§Ãµes ou famÃ­lias carentes do municÃ­pio.

ğŸ”—Saiba mais: https://bastos.sp.gov.br/noticia/1150/bastos-realizara-o-1-passeio-ciclistico-do-avicultor/",,15
Bastos,SP,Post,2022-08-09 19:45:14,pref_bts,"Oportunidade para vocÃª, no Projeto Guri!

Acesse o site para todas as informaÃ§Ãµes:
https://www.santamarcelinacultura.org.br/trabalhe_conosco/educador-musical-i-canto-coral-iniciacao-musical-polo-bastos-regional-marilia/",,18
Bastos,SP,Post,2022-08-09 19:33:44,pref_bts,,,9
Bastos,SP,Post,2022-08-09 16:38:58,pref_bts,"AtenÃ§Ã£o mamÃ£e e papais, se vocÃªs tem o sonho de colocar o seu filho no projeto Guri, chegou a hora! 
As inscriÃ§Ãµes para o segundo semestre vÃ£o atÃ© dia 31 de agosto e podem ser feitas na Av. 18 de junho, 235 ou pelo telefone (14)99616-4065",,27
Bastos,SP,Comentario,2022-08-09 23:01:08,paulafreitaslimas,,A partir de quantos anos?,
Bastos,SP,Post,2022-08-09 13:29:22,pref_bts,"Um grande Programa foi lanÃ§ado pela Prefeitura municipal, atravÃ©s da Secretaria de EducaÃ§Ã£o chamado Viva a Vila!!

A escola MÃ¡rcia Nuti Molina Ã© a primeira escola municipalizada pela Prefeitura.  LÃ¡ foi lanÃ§ado o Programa Viva a Vila.  Com aulas de InglÃªs,  Soroban,  Cavaquinho,  ViolÃ£o, PercussÃ£o,  Capoeira, Taekwondo,  Esportes desportivos e Esportes recreativo o Viva a Vila veio para ficar. SÃ£o aproximadamente 140 alunos da Escola MÃ¡rcia Nuti Molina que participam dessa grande ideia!!

As crianÃ§a recebem o cafÃ© da manhÃ£,  hÃ¡ um intervalo para um lanche e ao tÃ©rmino das atividades aquele almoÃ§o nutritivo!!

EducaÃ§Ã£o Ã© e serÃ¡ sempre o caminho para construÃ§Ã£o de  uma sociedade com equidade!!",,80
Bastos,SP,Comentario,2022-08-10 09:00:40,espetariadobassotto,,Muito bom!!!!,
Bastos,SP,Post,2022-08-08 20:01:08,pref_bts,"O dia D de mobilizaÃ§Ã£o da Campanha Nacional de VacinaÃ§Ã£o contra a Poliomielite e MultivacinaÃ§Ã£o acontecerÃ¡ no dia 20 de agosto.  A data cai em um sÃ¡bado e todas as unidades de saÃºde do municÃ­pio de Bastos estarÃ£o abertas das 08h atÃ© Ã s 17h para receber toda a populaÃ§Ã£o. Leve o seu filho menor de 15  anos para atualizar a caderneta de vacinaÃ§Ã£o. ğŸ’‰

Saiba mais: https://bastos.sp.gov.br/noticia/1149/campanha-de-vacinacao-contra-poliomielite/

#poliomielite #á´ á´€á´„ÉªÉ´á´€salvavidas 
#multivacinacÃ£o",,12
Bastos,SP,Post,2022-08-08 19:24:54,pref_bts,,,17
Bastos,SP,Post,2022-08-08 16:44:30,pref_bts,"Confira as novas oportunidades de emprego, atualizadas para esta semana, no Posto de Atendimento ao Trabalhador de Bastos.

As informaÃ§Ãµes complementares deverÃ£o ser obtidas em visita ao Posto de Atendimento ao Trabalhador â€“ PAT â€“ localizado no Ganha Tempo de Bastos, situado na Rua Campos Sales - 178 - Centro ou pelo Telefone (14) 3478-3156",,68
Bastos,SP,Post,2022-08-08 11:26:32,pref_bts,"A prefeitura de Bastos atravÃ©s da secretaria de cultura estarÃ¡ realizando a oficina ""MEU PAI, MEU HERÃ“I"", em comemoraÃ§Ã£o aos dias dos pais. SerÃ¡ no dia 12 de agosto na Biblioteca Municipal (Av.18 de junho, 250) das 8h Ã s 10h e das 14h Ã s 16h para as crianÃ§as de 04 a 09 anos

Para fazer sua inscriÃ§Ã£o entre em contato pelos telefones (14)98217-0382 ou (14)3478-2470

As inscriÃ§Ãµes podem ser feitas atÃ© quinta-feira, dia 11 de agosto.
ğŸ‘¨â€ğŸ‘§â€ğŸ‘¦â¤ï¸",,11
Bastos,SP,Comentario,2022-08-08 13:21:06,jaqueoliveira.arts,,Ligue no 14 982170382 para inscriÃ§Ã£o direto na biblioteca,
Bastos,SP,Post,2022-08-06 14:17:37,pref_bts,"ComeÃ§a, na prÃ³xima segunda-feira (08/08), a Campanha Nacional de VacinaÃ§Ã£o contra a Poliomielite, para crianÃ§as atÃ© 4 anos,11 meses e 29 dias, coordenada pelo MinistÃ©rio da SaÃºde. Na mesma data, tambÃ©m terÃ¡ inÃ­cio a campanha de multivacinaÃ§Ã£o onde serÃ¡ atualizada a caderneta das crianÃ§as atÃ© 14 anos, 11 meses e 29 dias.

De acordo com a Secretaria de SaÃºde de Bastos, as campanhas vÃ£o atÃ© 9 de setembro, sendo 20 de agosto o dia D de divulgaÃ§Ã£o e mobilizaÃ§Ã£o nacional.",,12
Bastos,SP,Post,2022-08-05 19:48:03,pref_bts,,,13
Bastos,SP,Post,2022-08-05 19:00:08,pref_bts,"Para vocÃª que tem vontade de aprender a cantar lhe trouxemos uma super oportunidade! ğŸ˜ğŸ¤

Tem mais de 16 anos de idade e quer aprender aulas de canto e coral? EntÃ£o faÃ§a sua inscriÃ§Ã£o no Centro Cultural (Av. 18 de junho, 250) ou tambÃ©m pelos telefones (14)98217-2826 ou (14)3478-2470 atÃ© o dia 12 de agosto.

NÃ£o fique de fora dessa ğŸ¶ğŸ¤",,12
Bastos,SP,Comentario,2022-08-07 17:26:24,sara123.moreiras,,TerÃ¡ alguma taxa Ã  ser paga?,
Bastos,SP,Post,2022-08-05 18:56:39,pref_bts,"No mÃªs de agosto, a biblioteca municipal de Bastos receberÃ¡ uma nova ediÃ§Ã£o do programa ""Viagem LiterÃ¡ria"", com duas apresentaÃ§Ãµes da Cia. RuÃ­do Rosa. Essas atividades irÃ£o ocorrer no prÃ³ximo dia 16 de agosto, sendo a primeira Ã s 09h da manhÃ£ e a segunda Ã s 14 horas na Biblioteca Municipal Professor JosÃ© Maria Rondinelli, localizada na Avenida 18 de Junho, 250. Centro. Bastos/SP.

ApresentaÃ§Ã£o tambÃ©m serÃ¡ transmitida pelo Facebook da Prefeitura!

ğŸ”—Saiba mais: https://www.bastos.sp.gov.br/noticia/1148/vem-ai-a-viagem-literaria/",,12
Bastos,SP,Comentario,2022-08-05 19:52:32,jaqueoliveira.arts,,Para participaÃ§Ã£o presencial Ã s inscriÃ§Ãµes estÃ£o preenchidas.,
Bastos,SP,Post,2022-08-05 18:50:25,pref_bts,"VocÃª conhece a Terapia Assistida por Animais (TAA) ou Pet Terapia? 

Esta tÃ©cnica Ã© utilizada em atendimentos de saÃºde, e tem por objetivo promover o bem estar fÃ­sico, emocional, cognitivo e social, sendo o animal o principal agente terapÃªutico. 

Esta terapia estÃ¡ sendo implantada pela Terapeuta Ocupacional Camila Massara, na ResidÃªncia TerapÃªutica de Bastos!",,98
Bastos,SP,Comentario,2022-08-05 18:59:17,thaylaesteves,,ğŸ˜ğŸ˜ğŸ‘ğŸ‘,
Bastos,SP,Comentario,2022-08-05 19:21:50,andrezasilvapr,,ğŸ˜â¤ï¸,
Bastos,SP,Comentario,2022-08-05 20:52:00,janaguldoni,,Ahhhh gente que coisa linda e cheia de amo! ğŸ˜ğŸ˜ğŸ˜,
Bastos,SP,Comentario,2022-08-05 23:23:01,nattyfcandido,,Que lindo!!! A @camilacmassara Ã© maravilhosa â¤ï¸,
