Cachoeira do Sul,RS,Post,2022-09-16 19:52:21,prefeituradecachoeiradosul,"Prefeito confirma: Cachoeira terÃ¡ VigÃ­lia do Canto GaÃºcho em 2022

O prefeito JosÃ© OtÃ¡vio Germano convidou a imprensa de Cachoeira do Sul na tarde desta sexta-feira (16) para anunciar que ainda esse ano acontecerÃ¡ a VigÃ­lia do Canto GaÃºcho. O festival serÃ¡ no dia 3 de dezembro, no GinÃ¡sio Dom Pedro I.

A confirmaÃ§Ã£o do festival se deu apÃ³s a CÃ¢mara de Vereadores, atravÃ©s do presidente Nelson Azevedo JÃºnior, confirmar a destinaÃ§Ã£o de R$ 100 mil atravÃ©s do Legislativo. â€œO Azevedo foi extraordinÃ¡rio em auxiliar neste momentoâ€, disse o prefeito JosÃ© OtÃ¡vio.

A expectativa Ã© de que a Prefeitura tenha que complementar o orÃ§amento para o festival que pode chegar a R$ 170 mil. Os valores de ajuda de custo aos mÃºsicos, regulamento e shows serÃ£o definidos nos prÃ³ximos dias. A coordenaÃ§Ã£o ficarÃ¡ por conta da SecretÃ¡ria de Cultura, Clarisse Almeida e o SecretÃ¡rio de Agricultura, Fernando Cantarelli.

2019 - 6 mÃºsicas jÃ¡ estÃ£o selecionadas pela fase municipal do festival que aconteceu em 2019. A previsÃ£o de que a etapa final acontecesse em agosto de 2020, o que acabou nÃ£o saindo devido a pandemia da Covid 19.",,58
Cachoeira do Sul,RS,Comentario,2022-09-17 19:15:43,mariaalcinawolff,,Finalmente ğŸ‘ğŸ‘ğŸ‘,
Cachoeira do Sul,RS,Comentario,2022-09-17 19:15:55,mariaalcinawolff,,â¤ï¸,
Cachoeira do Sul,RS,Comentario,2022-09-18 17:54:53,joaopedrosilva912,,Traz o McDonald's para Cachoeira do Sul,
Cachoeira do Sul,RS,Post,2022-09-16 17:59:53,prefeituradecachoeiradosul,"Secretaria da Cultura divulga programaÃ§Ã£o da 37Âª Feira do Livro

A Secretaria Municipal da Cultura divulgou nesta sexta-feira (16) a programaÃ§Ã£o da 37Âª Feira do Livro de Cachoeira do Sul, que acontece entre os dias 7 e 15 de outubro. Nesta ediÃ§Ã£o a feira terÃ¡ o tema â€œQuem lÃª estende olharesâ€ e terÃ¡ como patrona a escritora cachoeirense Zaira Cantarelli.

De forma inÃ©dita, a Feira acontecera no Parque da Fenarroz, o que garantirÃ¡ uma grande variedade de programaÃ§Ã£o durante a semana. A abertura oficial serÃ¡ no dia 7 de outubro, Ã s 18h e a programaÃ§Ã£o se estende atÃ© dia 15 com palestras, lanÃ§amento de livros, oficinas, apresentaÃ§Ã£o de grupos de danÃ§a e shows mÃºsicas, tudo gratuitamente.",,20
Cachoeira do Sul,RS,Post,2022-09-16 17:19:13,prefeituradecachoeiradosul,"Acontece durante esta sexta-feira (16/09) a ronda tradicionalista da Secretaria Municipal da SaÃºde, junto ao galpÃ£o crioulo situado em anexo ao prÃ©dio do Hospital da Liga. Por iniciativa dos servidores, o espaÃ§o foi decorado para a Semana Farroupilha e as atividades iniciaram Ã s 7h, com um cafÃ© coletivo e mÃºsica ao vivo. A programaÃ§Ã£o continua com almoÃ§o tÃ­pico e, mais tarde, com roda de chimarrÃ£o apÃ³s o expediente.",,74
Cachoeira do Sul,RS,Comentario,2022-09-16 17:44:19,jeanmorfim,,Que show ğŸ‘ğŸ‘ğŸ‘ğŸ‘,
Cachoeira do Sul,RS,Comentario,2022-09-17 14:40:52,mariaalcinawolff,,ğŸ™ŒğŸ‘ğŸ‘ğŸ‘,
Cachoeira do Sul,RS,Post,2022-09-15 20:22:29,prefeituradecachoeiradosul,"Secretaria Municipal da Fazenda convida para palestra sobre ""EFD, GIA e Valor Adicionado"". Participe. Ã‰ gratuito.",,9
Cachoeira do Sul,RS,Post,2022-09-09 19:35:52,prefeituradecachoeiradosul,"Vice-prefeita Angela Schuh participa da abertura da 59Âª Semana Farroupilha de Cachoeira do Sul

Evento aconteceu hoje pela manhÃ£, no CTG JosÃ© BonifÃ¡cio Gomes, com a chegada da Centelha da Chama Crioula, conduzida pela Cavalgada da IntegraÃ§Ã£o. 
Os participantes da Cavalgada foram recepcionados pelo presidente da AssociaÃ§Ã£o Tradicionalista e Cultural de Cachoeira do Sul (ATC), Andrei GonÃ§alves, e pela Patroa do CTG JosÃ© BonifÃ¡cio, Liliane Machado.",,98
Cachoeira do Sul,RS,Post,2022-09-09 16:55:49,prefeituradecachoeiradosul,"SaÃºde adverte: fique atento Ã  caderneta de vacinaÃ§Ã£o de crianÃ§as e adolescentes! ğŸ’‰ Ela Ã© o principal documento de controle das vacinas que toda crianÃ§a e adolescente jÃ¡ tomou ou ainda precisa tomar.
Nos postos de saÃºde, vocÃª encontra 18 vacinas que protegem meninos e meninas de diversas doenÃ§as. Vacine seu filho atÃ© 30 de setembro no posto de vacinaÃ§Ã£o mais prÃ³ximo de sua casa.
Arraste para o lado e confira algumas das vacinas disponÃ­veis na campanha de multivacinaÃ§Ã£o. â¡ï¸",,19
Cachoeira do Sul,RS,Post,2022-09-08 19:03:17,prefeituradecachoeiradosul,Vai comeÃ§ar mais uma Semana do Descarte da Secretaria de Meio Ambiente,,9
Cachoeira do Sul,RS,Post,2022-09-08 18:16:45,prefeituradecachoeiradosul,"Desfile de 7 de setembro levou milhares de cachoeirenses para a Rua JÃºlio de Castilhos 

Algumas imagens do Desfile. Mais fotos estÃ£o disponÃ­veis no site da Prefeitura (www.cachoeiradosul.rs.gov.br) na aba MultimÃ­dia > Galeria de Fotos. 

CrÃ©ditos: @eloisauliana /Assessoria de Imprensa da SMEd",,408
Cachoeira do Sul,RS,Comentario,2022-09-08 18:26:44,heloisa.rodriguesdasilva,,Estava tdo  maravilhoso. ParabÃ©ns! ğŸ‘ğŸ‘,
Cachoeira do Sul,RS,Comentario,2022-09-08 20:03:37,sabrinamenezessilva,,PerfeiÃ§Ã£o ğŸ˜â¤ï¸,
Cachoeira do Sul,RS,Comentario,2022-09-08 20:39:38,tatschfilipe_,,@matheusschottm,
Cachoeira do Sul,RS,Comentario,2022-09-09 00:40:58,giovani.correa.566,,ğŸ‘ğŸ‡§ğŸ‡·ğŸ‡§ğŸ‡·ğŸ‡§ğŸ‡·ğŸ‘,
Cachoeira do Sul,RS,Comentario,2022-09-09 01:58:44,nany_beatriz_alves,,Que orgulho de minha princesa,
Cachoeira do Sul,RS,Comentario,2022-09-10 03:08:18,siebmorgana_personal,,@claralcbmachado,
Cachoeira do Sul,RS,Post,2022-09-08 18:09:21,prefeituradecachoeiradosul,"Desfile de 7 de setembro levou milhares de cachoeirenses para a Rua JÃºlio de Castilhos 

Algumas imagens do Desfile. Mais fotos estÃ£o disponÃ­veis no site da Prefeitura (www.cachoeiradosul.rs.gov.br) na aba MultimÃ­dia > Galeria de Fotos. 

CrÃ©ditos: @eloisauliana /Assessoria de Imprensa da SMEd",,150
Cachoeira do Sul,RS,Comentario,2022-09-08 19:42:22,ofagnerteologia,,@mi_r.delara @miri.delara @dilamararamos,
Cachoeira do Sul,RS,Comentario,2022-09-09 01:43:04,giovani.correa.566,,ğŸ‘ğŸ‘ğŸ‘ğŸ‘ğŸ‘,
Cachoeira do Sul,RS,Post,2022-09-08 18:04:54,prefeituradecachoeiradosul,"Desfile de 7 de setembro levou milhares de cachoeirenses para a Rua JÃºlio de Castilhos 

Algumas imagens do Desfile. Mais fotos estÃ£o disponÃ­veis no site da Prefeitura (www.cachoeiradosul.rs.gov.br) na aba MultimÃ­dia > Galeria de Fotos. 

CrÃ©ditos: @eloisauliana /Assessoria de Imprensa da SMEd",,260
Cachoeira do Sul,RS,Post,2022-09-08 14:25:10,prefeituradecachoeiradosul,"ZoolÃ³gico de Cachoeira em filme sobre pequenos felinos, produzido pelo documentarista Lawrence Wahba e pelo ecÃ³logo e pesquisador, FÃ¡bio Mazim.

O ZoolÃ³gico Municipal de Cachoeira do Sul estarÃ¡ entre as primeiras imagens de um filme que estÃ¡ sendo feito pelo ecÃ³logo e pesquisador FÃ¡bio Mazim, com imagens captadas por Lawrence Wahba, um dos mais reconhecidos documentaristas de natureza do Brasil. 

O filme dirigido por Lawrence Wahba serÃ¡ exibido em TV aberta em todo Brasil e depois exportado. 

Com duraÃ§Ã£o estimada de 50 minutos, ele mostrarÃ¡ os felinos do pampa, pesquisas e conservaÃ§Ã£o de espÃ©cies. Segundo Mazim, o grupo chegou a Cachoeira do Sul por indicaÃ§Ã£o de tÃ©cnicos do IBAMA e docentes da UFRGS, alÃ©m de trabalhos realizados com o biÃ³logo do ZÃ´o, Alisson Boyink.

â€œAvaliamos e vimos que o ZoolÃ³gico de Cachoeira do Sul tem todas as condiÃ§Ãµes que precisÃ¡vamos para as gravaÃ§Ãµes. Tem ainda bons profissionais como o coordenador Alisson Boyink e os mÃ©dicos veterinÃ¡rios Edson SalomÃ£o e Diego Cardoso, o local Ã© muito confortÃ¡vel, oferece recintos dignos e o estado corporal dos animais estÃ¡ Ã³timo. AlÃ©m disso, Ã© o Ãºnico ZoolÃ³gico pÃºblico do Pampa gaÃºchoâ€, explicou Mazim.

Junto com as imagens em Cachoeira do Sul, o filme terÃ¡ tomadas em QuaraÃ­, Arroio Grande, BagÃ© e Santa VitÃ³ria do Palmar, todas em ambientes naturais. 

Para o coordenador do Zoo, Alisson Boyink, a escolha de Cachoeira do Sul para ser parte deste vÃ­deo Ã© motivo de orgulho e a confirmaÃ§Ã£o de que o trabalho com os animais estÃ¡ sendo feito com respeito Ã s normas ambientais. â€œA vinda do Lawrence, do FÃ¡bio e do Renato (Renato Castanho, Diretor de DocumentÃ¡rios) Ã© muito importante. Esse Filme darÃ¡ uma visibilidade incrÃ­vel ao nosso MunicÃ­pio e nossa instituiÃ§Ã£o, pois ele deve ser reproduzido em cerca de 30 paÃ­ses. Acredito que o processo de GestÃ£o que aplicamos no ZoolÃ³gico nos Ãºltimos anos, gerou credibilidade, fator fundamental neste momento de escolha. Fazemos nosso trabalho acompanhando que hÃ¡ de bom nos demais e adaptando Ã  nossa realidade. Sempre buscamos fazer o mÃ¡ximo com o mÃ­nimoâ€, frisa Boyink. 

@zoocachoeira 
@alissonboyink",,140
Cachoeira do Sul,RS,Comentario,2022-09-08 16:44:07,janealbertovaz,,ShooooowğŸ‘ğŸ‘ğŸ‘ğŸ‘ğŸ‘motivo de orgulho para quem colocou trabalho suor e muita dedicaÃ§Ã£o na reorganizaÃ§Ã£o do zooooğŸ’«ğŸ‘ğŸ‘ğŸ‘@alissonboyink,
Cachoeira do Sul,RS,Comentario,2022-09-08 21:36:58,dani_steffanello,,ParabÃ©ns pelo excelente trabalho que sempre dedicou e segue dedicando ao zoo @alissonboyink ğŸ‘ğŸ‘ğŸ‘,
Cachoeira do Sul,RS,Post,2022-09-07 13:04:38,prefeituradecachoeiradosul,,,181
Cachoeira do Sul,RS,Comentario,2022-09-07 13:48:13,soniamarateixeira4,,CadÃª a banda ... Ã© desfile ou passeata...ğŸ˜¢,
Cachoeira do Sul,RS,Comentario,2022-09-07 14:20:40,canaldonnaversatil,,ğŸ‘ğŸ‘ğŸ‘ğŸ‘,
Cachoeira do Sul,RS,Comentario,2022-09-07 17:05:31,giovani.correa.566,,ğŸ‡§ğŸ‡·ğŸ‡§ğŸ‡·ğŸ‡§ğŸ‡·ğŸ‡§ğŸ‡·ğŸ‡§ğŸ‡·,
Cachoeira do Sul,RS,Post,2022-09-07 12:57:41,prefeituradecachoeiradosul,,,565
Cachoeira do Sul,RS,Comentario,2022-09-07 13:39:03,silvagutto,,Todo mundo fora do passo.. ğŸ˜‚ğŸ˜‚ğŸ˜‚,
Cachoeira do Sul,RS,Comentario,2022-09-07 14:13:29,canaldonnaversatil,,ğŸ‘ğŸ‘ğŸ‘ğŸ‘ğŸ‘ğŸ‘,
Cachoeira do Sul,RS,Comentario,2022-09-07 14:23:27,jalvisilveira,,ğŸ‘ğŸ‘ğŸ‘ğŸ‘,
Cachoeira do Sul,RS,Comentario,2022-09-07 17:10:48,gabi.gavilan,,Meu Deus que marcha feia ğŸ˜‚ğŸ˜‚,
Cachoeira do Sul,RS,Comentario,2022-09-07 16:25:59,networkimoveis,,ğŸ‘ğŸ‘,
Cachoeira do Sul,RS,Comentario,2022-09-07 14:30:44,cleonicealmeida.dealmeida,,ğŸ˜,
Cachoeira do Sul,RS,Comentario,2022-09-07 15:36:29,giokakaewalis,,ğŸ‘ğŸ‘ğŸ‘ğŸ‘ğŸ‘,
Cachoeira do Sul,RS,Comentario,2022-09-07 14:50:30,maraluciaschott,,"ParabÃ©ns muito lindo o desfile deste dia,o ExÃ©rcito muito lindo",
Cachoeira do Sul,RS,Comentario,2022-09-07 13:34:34,franciscocarlos11244692,,O saudades do dia que desfilei,
Cachoeira do Sul,RS,Comentario,2022-09-07 16:50:07,giovani.correa.566,,ğŸ‡§ğŸ‡·ğŸ‡§ğŸ‡·ğŸ‡§ğŸ‡·ğŸ‡§ğŸ‡·ğŸ‡§ğŸ‡·,
Cachoeira do Sul,RS,Comentario,2022-09-08 01:09:18,pietropozzebon,,@leopoldolpjunior @guilhermepignone,
Cachoeira do Sul,RS,Post,2022-09-06 19:20:37,prefeituradecachoeiradosul,"Entidades e escolas se dividiram na Guarda do Fogo SimbÃ³lico

Desde o dia 1Âº de setembro, quando aconteceu a Corrida do Fogo SimbÃ³lico, entidades e escolas cachoeirenses se dividiram na Guarda do Fogo SimbÃ³lico da PÃ¡tria, aceso na Pira da PÃ¡tria, na PraÃ§a Borges de Medeiros.

AlÃ©m da Guarda do Fogo, diariamente a Secretaria Municipal de EducaÃ§Ã£o realizou o hasteamento e o arriamento das Bandeiras com a execuÃ§Ã£o do Hino Nacional.

As apresentaÃ§Ãµes artÃ­sticas tambÃ©m abrilhantaram a semana que antecede o Desfile CÃ­vico de 7 de setembro.",,239
Cachoeira do Sul,RS,Comentario,2022-09-06 23:46:58,maraluciaschott,,ğŸ‘ğŸ’¯ğŸ™ŒğŸ™,
Cachoeira do Sul,RS,Comentario,2022-09-07 00:45:50,franciscocarlos11244692,,Quando eu servi 1975 o plantÃ£o era trocado a cada 2 horas por 4 horas de folga...por 24 horas sob vigilÃ¢ncia do severo capitÃ£o Fajardo...bons tempos,
Cachoeira do Sul,RS,Comentario,2022-09-07 03:56:19,penteadeiradabruna,,ğŸ™Œq,
Cachoeira do Sul,RS,Post,2022-09-06 14:49:38,prefeituradecachoeiradosul,"O MinistÃ©rio da SaÃºde prorrogou atÃ© 30 de setembro a Campanha Nacional de ImunizaÃ§Ã£o contra a Poliomielite (crianÃ§as menores de 5 anos de idade) e a Campanha Nacional de MultivacinaÃ§Ã£o para AtualizaÃ§Ã£o da Caderneta de VacinaÃ§Ã£o (atÃ© 14 anos, 11 meses e 29 dias). Procure a unidade de saÃºde mais prÃ³xima a sua residÃªncia.",,8
Cachoeira do Sul,RS,Post,2022-09-05 19:29:07,prefeituradecachoeiradosul,"PrÃ³Vida vai adotar o Monumento ao Imigrante AlemÃ£o da PraÃ§a Honorato ğŸ‘ğŸ‘

DecisÃ£o foi comunicada pelo diretor da empresa, Leandro Feltrin, em reuniÃ£o com a vice-prefeita Angela Schuh e secretÃ¡rios municipais.

A empresa farÃ¡ o restauro e a manutenÃ§Ã£o do monumento e do seu entorno, assim como a ornamentaÃ§Ã£o de Natal.",,66
Cachoeira do Sul,RS,Post,2022-09-02 12:49:23,prefeituradecachoeiradosul,"A Campanha Nacional de ImunizaÃ§Ã£o contra a Poliomielite (crianÃ§as menores de 5 anos de idade) e a Campanha Nacional de MultivacinaÃ§Ã£o para AtualizaÃ§Ã£o da Caderneta de VacinaÃ§Ã£o (atÃ© 14 anos, 11 meses e 29 dias) seguem atÃ© dia 9 de setembro. 

ATENÃ‡ÃƒO para o horÃ¡rio extra de atendimento: neste sÃ¡bado (03/09) as EAPs Centro, Marina e Centro Social Urbano vÃ£o funcionar das 10h Ã s 16h . EstarÃ£o sendo oferecidos tambÃ©m imunizantes contra a covid-19, gripe e demais doses de rotina.ğŸ’‰ğŸ’‰ğŸ’‰",,13
Cachoeira do Sul,RS,Post,2022-09-01 19:52:06,prefeituradecachoeiradosul,"TEAtende 1 ano

ServiÃ§o completou um ano com mÃ©dia mensal de 400 atendimentos 

Leia mais sobre o TEAtende no link que postamos no story",,83
Cachoeira do Sul,RS,Comentario,2022-09-01 19:57:20,taramissartorio,,"ParabÃ©ns!!! ServiÃ§o sÃ©rio, com profissionais maravilhosas. Muitos anos de vida para este projeto lindo que vai mudar muitas vidas ainda ğŸ‘",
Cachoeira do Sul,RS,Post,2022-08-31 18:31:05,prefeituradecachoeiradosul,"Turistando em Cachoeira do Sul

Vem ai a 59Âª Semana Farroupilha de Cachoeira do Sul de 9 a 20 de Setembro. 
Acesse a agenda divulgada pela ATC de atividades em www.cachoeiradosul.rs.gov.br",,15
Cachoeira do Sul,RS,Post,2022-08-31 17:40:19,prefeituradecachoeiradosul,"Secretarias municipais da SaÃºde e da EducaÃ§Ã£o, 8a CRS e 24a CRE promovem esta tarde, na sede do Siprom, o lanÃ§amento da MobilizaÃ§Ã£o Estadual de VacinaÃ§Ã£o nas Escolas 2022.",,13
Cachoeira do Sul,RS,Post,2022-08-31 17:10:21,prefeituradecachoeiradosul,"Corrida do Fogo SimbÃ³lico terÃ¡ como homenageado o atleta cachoeirense Robson Mariano

ğŸ“A Corrida acontece amanhÃ£, dia 1Â°, com saÃ­da da Escola CÃ­vico-Militar Dinah Neri Perei, indo atÃ© a PraÃ§a Borges de Medeiros

ğŸ“ O evento marca a abertura da Semana da PÃ¡tria

Leia mais no link que postamos no story â¡ï¸",,11
Cachoeira do Sul,RS,Post,2022-08-30 18:47:59,prefeituradecachoeiradosul,"A Campanha Nacional de ImunizaÃ§Ã£o contra a Poliomielite (crianÃ§as menores de 5 anos de idade) e a Campanha Nacional de MultivacinaÃ§Ã£o para AtualizaÃ§Ã£o da Caderneta de VacinaÃ§Ã£o (atÃ© 14 anos, 11 meses e 29 dias), seguem atÃ© dia 9 de setembro. 

ATENÃ‡ÃƒO para os horÃ¡rios extras de atendimento: amanhÃ£, dia 31/08, EAPs Centro, Marina e Centro Social Urbano atÃ© Ã s 19h. PrÃ³ximo sÃ¡bado (03/09), as mesmas unidades estarÃ£o atendendo das 10h Ã s 16h .ğŸ’‰ğŸ’‰ğŸ’‰",,9
Cachoeira do Sul,RS,Post,2022-08-29 20:26:41,prefeituradecachoeiradosul,"Nota informativa

O Prefeito JosÃ© OtÃ¡vio Germano, no uso de suas atribuiÃ§Ãµes legais, movido pelo espÃ­rito republicano e respeitando o pluralismo polÃ­tico como fundamento do Estado DemocrÃ¡tico de Direito, informa que, durante o perÃ­odo eleitoral, receberÃ¡ a todos os candidatos ao cargo de Governador do Estado que demonstrarem interesse em expor suas propostas ao Executivo Cachoeirense, respeitando o princÃ­pio da isonomia e dispensando a todos o mesmo tratamento protocolar, com envio de convite aos SecretÃ¡rios Municipais, Vereadores e comunicaÃ§Ã£o Ã  imprensa local.",,158
Cachoeira do Sul,RS,Comentario,2022-08-29 23:00:34,linojoelvargas,,ğŸ˜‚ğŸ˜‚ğŸ˜‚ğŸ˜‚ğŸ˜‚ğŸ˜‚ğŸ˜‚,
Cachoeira do Sul,RS,Post,2022-08-28 11:43:47,prefeituradecachoeiradosul,"Defesa Civil atendeu 17 ocorrÃªncias apÃ³s o granizo

A Defesa Civil de Cachoeira do Sul atendeu 17 ocorrÃªncias atÃ© o momento atÃ© a 1h da manhÃ£ deste domingo. No Bairro Soares, um raio atingiu uma Ã¡rvore, iniciando fogo. Corpo de Bombeiros foi acionado e realizou o atendimento.

Foi feito atendimento em 16  residÃªncias. Os principais bairros afetados foram: Ponche Verde, Drews, Oliveira, Soares e Bom Retiro. Na maior parte delas, o telhado nÃ£o sofreu danos e a infiltraÃ§Ã£o se deu em razÃ£o da alta quantidade de granizo que acumulou sobre os telhados e com isso,  entupiu calhas de escoamento.

Duas residÃªncias com telhas 4mm, com pouco caimento, tiveram furos. Para estas famÃ­lias, a Prefeitura Municipal, atravÃ©s da Defesa Civil, auxiliarÃ¡ com telhas para reconstruÃ§Ã£o.",,369
Cachoeira do Sul,RS,Comentario,2022-08-28 11:57:52,renatacarvalhok,,ğŸ˜®ğŸ˜®ğŸ˜®ğŸ˜®,
Cachoeira do Sul,RS,Comentario,2022-08-28 14:52:05,lopestoledi,,"Bom dia. A prefeitura precisa arrumar os canos da rua Borges Medeiros,no bairro frota que colocaram errado. Toda vez que chove estÃ¡ entrando Ã¡gua na casa da minha mÃ£e estragando os mÃ³veis...se a prefeitura nÃ£o providenciar logo os canos certos para trocar eu vou procurar meus direitos na justiÃ§a.",
Cachoeira do Sul,RS,Post,2022-08-26 12:34:25,prefeituradecachoeiradosul,"O supermutirÃ£o contra a dengue estÃ¡ desde o inÃ­cio da manhÃ£ no Bairro FÃ¡tima com a tarefa de identificar e eliminar criadouros e focos de larvas do mosquito Aedes aegypti. Nas intervenÃ§Ãµes, os agentes de combate a endemias e agentes comunitÃ¡rios de saÃºde orientam os moradores acerca de procedimentos para evitar a proliferaÃ§Ã£o dos insetos e, consequentemente, colaborar na contenÃ§Ã£o da dengue.",,29
Cachoeira do Sul,RS,Comentario,2022-08-26 16:25:22,compartilhando_contigo,,ğŸ‘ğŸ‘ğŸ‘,
Cachoeira do Sul,RS,Comentario,2022-08-27 05:54:01,brunadias5799,,Tem q vir aqui na minha vizinha no bairro ponche Verde quando eles vem ela nunca deixa entrar pra ver aqui nos fundos da casa deles o horror q Ã©...jÃ¡ achei atÃ© escorpiÃ£o debaixo do travesseiro do meu filho agente liga p prefeitura pra denunciar mas ninguÃ©m vem,
Cachoeira do Sul,RS,Post,2022-08-25 23:32:50,prefeituradecachoeiradosul,Evento Embaixadoras de Cachoeira do Sul,,77
Cachoeira do Sul,RS,Comentario,2022-08-26 03:11:32,claudiacaminha_,,ğŸ‘ğŸ‘ğŸ‘,
Cachoeira do Sul,RS,Comentario,2022-08-26 01:36:07,elisandra.martins.568632,,ğŸ‘ğŸ‘ğŸ‘,
Cachoeira do Sul,RS,Comentario,2022-08-26 11:41:06,anapaulamelo30,,"ParabÃ©ns a Coordenadoria da Mulher, especialmente a @elisandra.martins.568632 pela belÃ­ssima cerimÃ´nia, pelo carinho e cuidado que teve em planejar cada detalhe com tanto amor!! SÃ³ a agradecer pela homenagem!?",
Cachoeira do Sul,RS,Post,2022-08-24 18:19:48,prefeituradecachoeiradosul,"Secretaria de Obras focada no serviÃ§o de patrolamento

Com a semana de sol e sem previsÃ£o de chuva para os prÃ³ximos dias, Ã© hora de colocar o maquinÃ¡rio na rua e atender a vÃ¡rios pedidos de patrolamento recebidos pela Secretaria de Obras nas Ãºltimas semanas. 

O SecretÃ¡rio Marcos Carneiro, junto com a equipe, estÃ¡ programando diariamente frentes de trabalho para promover a manutenÃ§Ã£o das vias pÃºblicas. Nestes primeiros dias da semana, o foco foram algumas ruas do Bairro Santo AntÃ´nio e o Bairro FÃ¡tima.

O diretor da SecretÃ¡ria da Obras, Dutty Beck, explica que na Rua da RepÃºblica, no Bairro FÃ¡tima, terÃ¡ que ser feita ainda uma passagem de Ã¡gua por tubulaÃ§Ã£o, resolvendo um problema crÃ´nico de cerca de 10 anos. Por isso, a complementaÃ§Ã£o do trabalho nesta rua ainda levarÃ¡ mais alguns dias.

Veja onde a Secretaria de Obras esteve nesta semana:

- Rua Silvio Scopel
- Beco dos Trilhos (ligando Bairro Santo AntÃ´nio ao Bairro FÃ¡tima)
- Rua JosÃ© MÃ¼ller
- Rua Santa Catarina
- Alfredo Cunha
- Travessa AntÃ´nio Pena
- Rua SÃ£o Miguel
- Rua da Ponte
- Rua da RepÃºblica
- Rua dos Andradas",,72
Cachoeira do Sul,RS,Comentario,2022-08-24 18:45:05,guilhermemartins0601,,"Rua Silvio Scopel, uma rua muito movimentada devido ao fÃ³rum, as escolas sÃ£o Pedro e Renato tonon, uma vergonha para entrada da cidade ainda nÃ£o estar calÃ§ada, e mais por milagre passando a patrola ali pra melhorar os buracos feitos com a chuva... @prefeituradecachoeiradosul tÃ¡ mais que na hora de olhar pra essa rua com carinho e calÃ§ar !!!moradores agradecem",
Cachoeira do Sul,RS,Comentario,2022-08-24 19:34:16,larissifotografia,,"Nosso pedido para a Rua : Gustavo Peixoto , N: 1528 jÃ¡ foi pedido e protocolado a muito tempo e nada , um absurdo que pagamos de IPTU anual e a nossa rua uma vergonha , tenho meu escritÃ³rio localizado neste mesmo EndereÃ§o, pago tudo certinho e nÃ£o temos retorno, gostaria de uma providÃªncia urgente.@prefeituradecachoeiradosul ?",
Cachoeira do Sul,RS,Comentario,2022-08-24 19:37:51,larissifotografia,,Bairro TibiriÃ§Ã¡ por favor ? Pedido protocolado,
Cachoeira do Sul,RS,Comentario,2022-08-24 19:43:38,larissifotografia,,"Nosso pedido para a Rua : Gustavo Peixoto , N: 1528 jÃ¡ foi pedido e protocolado a muito tempo e nada , um absurdo que pagamos de IPTU anual e a nossa rua uma vergonha , tenho meu escritÃ³rio localizado neste mesmo EndereÃ§o, pago tudo certinho e nÃ£o temos retorno, gostaria de uma providÃªncia urgente.@prefeituradecachoeiradosul ?",
Cachoeira do Sul,RS,Comentario,2022-08-24 21:32:15,joaovilimoura,,Pois na rua NÃ©stor terra jÃ¡ estamos cancado de pedir melhorias atÃ© pra vereador apelamos e nada mas em 2024 eles aparecem tÃ¡ difÃ­cil bah,
Cachoeira do Sul,RS,Comentario,2022-08-25 11:17:59,dionaradias,,"E na rua OvÃ­dio Trigo Loureiro? HÃ¡ tempos patrolaram apenas um trecho, e o restante da rua?@prefeituradecachoeiradosul?",
Cachoeira do Sul,RS,Post,2022-08-24 17:11:49,prefeituradecachoeiradosul,"Embaixadoras de Cachoeira do Sul

AmanhÃ£, Ã s 19h, na AssociaÃ§Ã£o dos Contabilistas.",,60
Cachoeira do Sul,RS,Comentario,2022-08-24 17:15:34,elisandra.martins.568632,,Linda homemagem! â¤ï¸ğŸ˜ğŸ™ŒğŸ™Œ,
Cachoeira do Sul,RS,Comentario,2022-08-24 20:17:07,julianasgn,,ğŸ‘ğŸ‘ğŸ‘ğŸ‘ğŸ‘ğŸ‘ğŸ‘ğŸ‘ğŸ‘ğŸ‘ğŸ‘,
Cachoeira do Sul,RS,Comentario,2022-08-24 21:52:08,ana_baumhardt61,,ParabÃ©ns para todas embaixadoras.,
Cachoeira do Sul,RS,Comentario,2022-08-24 21:52:38,ana_baumhardt61,,ğŸ‘â¤ï¸,
Cachoeira do Sul,RS,Comentario,2022-08-25 02:32:53,itamarluzof,,ğŸ‘ğŸ‘ğŸ‘ğŸ‘ğŸ‘,
Cachoeira do Sul,RS,Comentario,2022-08-25 02:48:05,arineunhas,,ğŸ‘ğŸ‘ğŸ‘,
Cachoeira do Sul,RS,Comentario,2022-08-26 06:16:51,rochelle.santos.988,,ğŸ˜ğŸ™ŒğŸ‘ğŸ‘ğŸ‘,
Cachoeira do Sul,RS,Post,2022-08-24 13:21:26,prefeituradecachoeiradosul,"Acontece neste momento, no AuditÃ³rio do Sicredi, o SeminÃ¡rio sobre Boas PrÃ¡ticas para Testes RÃ¡pidos, promovido pelo AmbulatÃ³rio Vida e Secretaria Municipal da Saude, em parceria com a 8a Coordenadoria Regional de SaÃºde.",,13
Cachoeira do Sul,RS,Post,2022-08-23 20:17:13,prefeituradecachoeiradosul,"Defesa Civil interdita passeio pÃºblico na rua AntÃ´nio Pereira Fortes

A Coordenadoria Municipal de Defesa Civil interditou um trecho de passeio pÃºblico localizado na Rua AntÃ´nio Pereira Fortes em frente ao nÃºmero 40, no trecho entre as ruas Ivo Becker e Roberto Danzmann.

O local teve um deslizamento de terra causado pela Ãºltima chuva. O terreno foi escavado e parte dele tem muro de contenÃ§Ã£o enquanto em outra parte, nÃ£o. Foi nesta parte ocorreu o deslizamento de terra que levou parte do passeio pÃºblico, sendo necessÃ¡ria a interdiÃ§Ã£o.

A Defesa Civil encaminharÃ¡ o atendimento ao setor de Obras e Posturas para avaliaÃ§Ã£o tÃ©cnica quanto Ã s medidas necessÃ¡rias de recuperaÃ§Ã£o do local.",,30
Cachoeira do Sul,RS,Post,2022-08-23 19:59:11,prefeituradecachoeiradosul,"Prefeito assina termo que garante 45 novas vagas para equoterapia.

O prefeito JosÃ© OtÃ¡vio Germano, ao lado do comandante do 13Âº Grupo de Artilharia de Campanha, tenente-coronel Cristiano Teixeira da Rosa, assinou nesta segunda-feira (22) o termo de cooperaÃ§Ã£o tÃ©cnica entre Prefeitura e ExÃ©rcito para garantir 45 novas vagas para o atendimento junto ao Centro de Equoterapia General Polidoro.

ApÃ³s a assinatura, o prefeito JosÃ© OtÃ¡vio Germano falou ser uma honra poder ajudar o Centro de Equoterapia. â€œEsse Ã© um momento muito importante para todos nÃ³s. Ã‰ uma alegria saber que mais 45 pessoas vÃ£o se beneficiar com este serviÃ§oâ€ completou o prefeito. Hoje sÃ£o prestados 15 atendimentos.

A Prefeitura Municipal, concederÃ¡ atravÃ©s do convÃªnio 3 servidores da Secretaria Municipal da SaÃºde para atender no Centro de Equoterapia. SerÃ£o dois da Ã¡rea da psicologia e um da fisioterapia, cada um deles terÃ¡ uma carga horÃ¡ria de 8h semanais.

O tenente-coronel Cristiano Teixeira, agradeceu ao Executivo pela mÃ£o amiga, e declarou, â€œPercebemos que uma parceria entre o 13Â° GAC e o Executivo Municipal possibilitaria aumentar as vagas para filhos dos militares e para a comunidade, de uma forma sustentÃ¡vel e gratuita. Vejo essa parceria como uma marco no nosso trabalho e para Equoterapia do Brasil, podendo se tornar uma referÃªncia para outras organizaÃ§Ãµes militares e outras Prefeiturasâ€.
Ainda na ocasiÃ£o, o Tenente-coronel entregou o diploma de â€œAmigo do 13Â° GACâ€, ao prefeito JosÃ© OtÃ¡vio Germano, em reconhecimento Ã  colaboraÃ§Ã£o e amizade com que o prefeito tem apoiado as atividades desta OrganizaÃ§Ã£o Militar.

O Centro de Equoterapia General Polidoro foi construÃ­do atravÃ©s de uma emenda parlamentar do entÃ£o Deputado Federal, JosÃ© OtÃ¡vio Germano, no ano de 2005. â€œTenho orgulho de ver que uma emenda que enviei em 2005 teve esse excelente resultado e hoje, como prefeito de Cachoeira do Sul, posso ser novamente parceiro para que mais pessoas recebam atendimentoâ€, festejou JosÃ© OtÃ¡vio.",,139
Cachoeira do Sul,RS,Comentario,2022-08-23 19:59:43,prefeituradecachoeiradosul,,"A equoterapia Ã© um mÃ©todo terapÃªutico fÃ­sico, ocupacional e educacional que utiliza cavalos, que servem para estimular o desenvolvimento da mente e do corpo, melhorando as funÃ§Ãµes neurolÃ³gicas, sendo indicado para pessoas que possuem deficiÃªncias fÃ­sicas ou necessidades especiais, como sÃ­ndrome de Down, paralisia cerebral, esclerose mÃºltipla ou autismo, por exemplo.",
Cachoeira do Sul,RS,Comentario,2022-08-23 20:27:16,lourdeshelenamachado,,@francinerafinha,
Cachoeira do Sul,RS,Comentario,2022-08-24 00:05:11,leocorrea0,,ğŸ‘ğŸ‘,
Cachoeira do Sul,RS,Comentario,2022-08-24 17:34:37,ale_fantinel_fisio,,"ServiÃ§o muito importante a comunidade ğŸ‘ğŸ‘ğŸ‘feliz com a notÃ­cia, participei algumas vezes do projeto, quando estava se estruturando, Ã© gratificante ver a melhora dos pacientes, o sorriso no rosto por estar no cavalo. Vida longa ao espaÃ§o ğŸ‘ğŸ˜",
Cachoeira do Sul,RS,Post,2022-08-23 14:05:04,prefeituradecachoeiradosul,"A exigÃªncia de um valor mÃ­nimo de compra para pagamento no cartÃ£o Ã© proibida!
Caso vocÃª se depare com a imposiÃ§Ã£o, procure o Ã³rgÃ£o de Defesa do Consumidor mais prÃ³ximo e denuncie.",,189
Cachoeira do Sul,RS,Post,2022-08-22 12:22:59,prefeituradecachoeiradosul,"Ã‰ hora de homenagear as mulheres Embaixadoras de Cachoeira
A figura da mulher passou a ser extremamente importante na sociedade atual, onde exerce cada vez mais um papel de protagonista, embora ainda sofra com as heranÃ§as histÃ³ricas do sistema social. Com o tempo, a mulher vem conseguindo aumentar o seu espaÃ§o nas estruturas sociais, abandonando a figura de mera dona de casa e assumindo postos de trabalho e se tornando protagonista de trabalhos sociais que fazem melhor a vida de outras mulheres e de suas comunidades.
Valorizar este protagonismo feminino, as histÃ³rias e o trabalho desenvolvido por 32 mulheres cachoeirenses dentro do meio em que vivem Ã© iniciativa proposta Prefeito JosÃ© OtÃ¡vio Germano com o projeto â€œEmbaixadoras de Cachoeiraâ€. Desta forma, a Prefeitura de Cachoeira do Sul atravÃ©s da Coordenadoria Municipal de PolÃ­ticas PÃºblicas para a Mulheres e a Secretaria de CoordenaÃ§Ã£o e Planejamento, farÃ¡ no prÃ³ximo dia 25, Ã s 19h, na AssociaÃ§Ã£o dos Contabilistas, o reconhecimento a estas mulheres que estÃ£o Ã  frente das associaÃ§Ãµes de moradores, de projetos sociais, sÃ£o lÃ­deres de comunidades ou exercem funÃ§Ãµes que garantem mais qualidade de vida aos cachoeirenses.
Durante o evento, as 32 mulheres receberÃ£o o diploma de Embaixadoras de Cachoeira. Esta Ã© a primeira ediÃ§Ã£o da iniciativa. â€œEstas mulheres sÃ£o o olhar  de suas comunidades Ã s situaÃ§Ãµes que acontecem todos os dias. Elas sÃ£o, de forma indireta, parcerias do Poder Executivo. SÃ£o elas que levantam questÃµes importantes, lutam pelo direito de outras mulheres e buscam qualidade de vida para quem estÃ¡ ao seu redor. SÃ£o lideranÃ§as em suas comunidadesâ€, destacou o prefeito.
Durante a recepÃ§Ã£o Ã s mulheres serÃ¡ servido um coquetel. A jovem  cachoeirense Angel Gomes, publicitÃ¡ria e especialista em marketing, mentora, palestrante, escritora do livro â€œDesperte a mulher protagonista que existe em vocÃªâ€, farÃ¡ uma dinÃ¢mica no evento. A cerimonialista serÃ¡ a SecretÃ¡ria de IndÃºstria e ComÃ©rcio, Vanessa Czaszar. HaverÃ¡ uma mostra do projeto Viva Maria, em alusÃ£o ao Agosto LilÃ¡s contra a violÃªncia feminina, feito pelo grupo Maturidade Ativa do Sesc e alunos da Escola Estadual Rio JacuÃ­ e Escola Municipal Taufik Germano.",,60
Cachoeira do Sul,RS,Comentario,2022-08-22 12:30:18,compartilhando_contigo,,ğŸ‘ğŸ‘ğŸ‘,
Cachoeira do Sul,RS,Comentario,2022-08-22 15:32:55,elisandra.martins.568632,,ğŸ‘ğŸ‘ğŸ‘ğŸ‘,
Cachoeira do Sul,RS,Post,2022-08-21 18:06:05,prefeituradecachoeiradosul,"Dia do Vizinho

O Prefeito JosÃ© OtÃ¡vio Germano visitou neste domingo diversas festas do Dia do Vizinho em Cachoeira do Sul. 

Durante as visitas, o Prefeito conversou com os moradores,  ouviu pedidos e apresentou a eles algumas das aÃ§Ãµes que vem sendo desempenhadas pela Prefeitura. Bairro Quinta da Boa Vista e Enforcados entÃ£o os visitados.",,148
Cachoeira do Sul,RS,Comentario,2022-08-21 19:10:54,katiakondra,,ğŸ‘ğŸ‘ğŸ‘ğŸ‘ğŸ‘ğŸ‘,
Cachoeira do Sul,RS,Comentario,2022-08-21 20:04:17,eduardo_dutty,,ğŸ‘ğŸ‘ğŸ‘ğŸ‘ğŸ‘ğŸ‘,
Cachoeira do Sul,RS,Comentario,2022-08-22 01:25:25,_arcosta_,,ğŸ‘ğŸ‘ğŸ‘ğŸ‘ğŸ‘ğŸ‘,
Cachoeira do Sul,RS,Post,2022-08-20 14:04:34,prefeituradecachoeiradosul,"Hoje, sÃ¡bado, atÃ© as 17h, acontece o Dia D da MultivacinaÃ§Ã£o na rede municipal de saÃºde (zona urbana e interior). Foco na  Campanha Nacional de ImunizaÃ§Ã£o contra a Poliomielite (crianÃ§as menores de 5 anos de idade) e na Campanha Nacional de MultivacinaÃ§Ã£o para AtualizaÃ§Ã£o da Caderneta de VacinaÃ§Ã£o (atÃ© 14 anos, 11 meses e 29 dias). ğŸ’‰ğŸ’‰ğŸ’‰",,31
Cachoeira do Sul,RS,Post,2022-08-19 15:33:52,prefeituradecachoeiradosul,"Acontece neste sÃ¡bado o Dia D da MultivacinaÃ§Ã£o, das 8h Ã s 17h, na rede municipal de saÃºde (zona urbana e interior). Foco na Campanha Nacional de ImunizaÃ§Ã£o contra a Poliomielite (crianÃ§as menores de 5 anos de idade) e na Campanha Nacional de MultivacinaÃ§Ã£o para AtualizaÃ§Ã£o da Caderneta de VacinaÃ§Ã£o (atÃ© 14 anos, 11 meses e 29 dias). ğŸ’‰ğŸ’‰ğŸ’‰",,10
Cachoeira do Sul,RS,Post,2022-08-19 01:21:08,prefeituradecachoeiradosul,"A Coordenadoria Municipal de Defesa Civil foi acionada na noite de quinta-feira (18)  para atendimento de uma situaÃ§Ã£o de risco de queda de um poste de rede de telefonia. O poste tombou e ficou com risco de queda sobre uma entrada de luz e uma residÃªncia na Rua Feliciano Fortes, Bairro Augusta.

Diante da avaliaÃ§Ã£o que constatou o risco iminente de queda do poste, a Defesa Civil acionou a equipe de iluminaÃ§Ã£o da Secretaria de Obras e o apoio de um caminhÃ£o munck da Secretaria de Meio Ambiente. Assim, foi retirado o poste em risco ainda durante a noite, liberando pata que os moradores pudessem retornar para sua residÃªncia.",,76
Cachoeira do Sul,RS,Post,2022-08-18 19:45:03,prefeituradecachoeiradosul,"Defesa Civil isola monumento de acesso a Cachoeira

A Coordenadoria Municipal de Defesa Civil precisou isolar na noite desta terÃ§a-feira (17) o monumento â€œSinta-se Feliz na Capital do Arroz"", instalado na esquina da Rua Andrade Neves da Fontoura com a Rua VirgÃ­lio de Abreu.

O isolamento aconteceu em atendimento a uma denÃºncia de risco de queda da estrutura sobre o passeio pÃºblico.

TÃ©cnicos da Defesa Civil e da Secretaria Municipal de Planejamento realizaram uma vistoria no local e definiram pelo isolamento, pois o monumento apresenta um deslocamento em um dos pilares e inclinaÃ§Ã£o em direÃ§Ã£o ao passeio pÃºblico.

O local jÃ¡ passou por outras vistorias da Prefeitura Municipal e os laudos anteriores serÃ£o utilizados para comparar se houve agravamento da situaÃ§Ã£o. Para isso serÃ¡ feito monitoramento diÃ¡rio por um perÃ­odo de uma semana para definiÃ§Ã£o de novas medidas a serem adotadas para preservaÃ§Ã£o do monumento e seguranÃ§a dos pedestres.",,141
Cachoeira do Sul,RS,Comentario,2022-08-18 19:57:18,renatacarvalhok,,"Antes que caia e fique totalmente destruÃ­do, nÃ£o teria como preservar? Retirar e colocar em outro local, se possÃ­vel, Ã© claro!â˜ºğŸ™",
Cachoeira do Sul,RS,Comentario,2022-08-19 01:12:38,marciobicca,,Poderiam muito bem escorar atÃ© que se conserte o problema. Onde anda o engenheiro da prefeitura??,
Cachoeira do Sul,RS,Comentario,2022-08-19 04:15:02,pinto_joice,,"Como tudo em cachoeira, logo deixarÃ¡ de existir ğŸ˜¢",
Cachoeira do Sul,RS,Post,2022-08-18 15:53:26,prefeituradecachoeiradosul,"A Campanha Nacional de ImunizaÃ§Ã£o contra a Poliomielite (crianÃ§as menores de 5 anos de idade) e a Campanha Nacional de MultivacinaÃ§Ã£o para AtualizaÃ§Ã£o da Caderneta de VacinaÃ§Ã£o (atÃ© 14 anos, 11 meses e 29 dias), seguem atÃ© dia 9 de setembro. Neste sÃ¡bado, 20 de agosto, acontece o Dia D da campanha. Nove postos estarÃ£o abertos das 8h Ã s 17h: EAP Central (INSS), EAP Centro Social Urbano, EAP Marina, ESF Carvalho, ESF NoÃªmia, ESF Barcelos, ESF Promorar, ESF Ponche Verde e ESF Bairro TupinambÃ¡.",,14
Cachoeira do Sul,RS,Post,2022-08-17 19:11:57,prefeituradecachoeiradosul,"Prefeito pagarÃ¡ a folha dos servidores em 26 de agosto

O prefeito JosÃ© OtÃ¡vio Germano acompanhado do secretÃ¡rio da Fazenda, Claudinho Schlottfeldt, determinou nesta quarta-feira (17), que a data do pagamento dos vencimentos dos servidores municipais referentes ao mÃªs de agosto, serÃ¡ no dia 26.

Legalmente a folha deve ser paga atÃ© o Ãºltimo dia Ãºtil do mÃªs. No entanto, com a confirmaÃ§Ã£o de depÃ³sito em 26 de agosto, o prefeito cumpre esta obrigaÃ§Ã£o com 5 dias de antecedÃªncia, mostrando que, ao contrÃ¡rio das mÃ¡s informaÃ§Ãµes que circulam muitas vezes, a saÃºde financeira da Prefeitura, mesmo com queda de 30% de arrecadaÃ§Ã£o, continua sadia.

â€œEssa Ã© uma demonstraÃ§Ã£o inequÃ­voca da organizaÃ§Ã£o da Secretaria da Fazenda. Nossa gestÃ£o acredita que servidor feliz e satisfeito, com salÃ¡rio em dia e sabendo quando receberÃ¡ seu salÃ¡rio, presta serviÃ§o com mais gosto. Por isso, insisto que a folha seja paga sempre antecipadamenteâ€, declarou o prefeito JosÃ© OtÃ¡vio.",,78
Cachoeira do Sul,RS,Post,2022-08-17 13:31:06,prefeituradecachoeiradosul,"A Campanha Nacional de ImunizaÃ§Ã£o contra a Poliomielite (crianÃ§as menores de 5 anos de idade) e a Campanha Nacional de MultivacinaÃ§Ã£o para AtualizaÃ§Ã£o da Caderneta de VacinaÃ§Ã£o (atÃ© 14 anos, 11 meses e 29 dias), seguem atÃ© dia 9 de setembro. Neste sÃ¡bado, 20 de agosto, a Secretaria Municipal da SaÃºde promove o Dia D da campanha junto a rede municipal. Nove postos estarÃ£o abertos neste dia, das 8h Ã s 17h (sem fechar ao meio dia): EAP Central (INSS), EAP Centro Social Urbano, EAP Marina, ESF Carvalho, ESF NoÃªmia e ESF Bairro TupinambÃ¡. ğŸ’‰ğŸ’‰ğŸ’‰",,24
Cachoeira do Sul,RS,Post,2022-08-16 17:18:02,prefeituradecachoeiradosul,"A Campanha Nacional de ImunizaÃ§Ã£o contra a Poliomielite (crianÃ§as menores de 5 anos de idade) e a Campanha Nacional de MultivacinaÃ§Ã£o para AtualizaÃ§Ã£o da Caderneta de VacinaÃ§Ã£o (atÃ© 14 anos, 11 meses e 29 dias), seguem atÃ© dia 9 de setembro. AÃ§Ã£o extra no sÃ¡bado, 20 de agosto, Dia D da campanha. Procure o posto de saÃºde mais prÃ³ximo a sua residÃªncia. ğŸ’‰ğŸ’‰ğŸ’‰",,16
Cachoeira do Sul,RS,Post,2022-08-16 17:16:08,prefeituradecachoeiradosul,"Chegada do Fogo SimbÃ³lico da Semana da PÃ¡tria ğŸ‡§ğŸ‡·

ğŸ“O Fogo foi conduzido pela Liga da Defesa Nacional, com apoio da Defesa Civil de Cachoeira do Sul e alunos da ECIM Dinah Neri Pereira.

 O Fogo ficarÃ¡ na Escola CÃ­vico-Militar atÃ© o dia 1Â° de setembro, quando acontece a Corrida do Fogo SimbÃ³lico e a abertura da Semana da PÃ¡tria.",,794
Cachoeira do Sul,RS,Comentario,2022-08-24 03:56:29,marilynscastro,,ğŸ‘ğŸ‘ğŸ‘ğŸ˜¢,
Cachoeira do Sul,RS,Comentario,2022-08-24 03:56:46,marilynscastro,,Saudades de Cachoeira !,
Cachoeira do Sul,RS,Comentario,2022-08-16 21:35:56,compartilhando_contigo,,ğŸ‡§ğŸ‡·,
Cachoeira do Sul,RS,Comentario,2022-08-16 20:33:24,biancardiregina,,Maravilhoso emocionante ğŸ’šğŸ’›ğŸ’™ğŸ¤ğŸ‡§ğŸ‡·ğŸ‡§ğŸ‡·ğŸ‡§ğŸ‡·ğŸ‡§ğŸ‡·ğŸ‡§ğŸ‡·ğŸ‡§ğŸ‡·ğŸ‡§ğŸ‡·ğŸ‘ğŸ‘ğŸ‘ğŸ‘ğŸ‘,
Cachoeira do Sul,RS,Comentario,2022-08-26 17:41:49,soraia_chebar,,B22,
Cachoeira do Sul,RS,Comentario,2022-08-26 23:08:02,osvalmoveisplanejados,,Muito lindo,
Cachoeira do Sul,RS,Comentario,2022-08-25 21:35:40,nadjafnascimento,,ğŸ‘ğŸ‘ğŸ‘ğŸ‘ğŸ‘ğŸ‘,
Cachoeira do Sul,RS,Comentario,2022-08-27 02:42:08,mariazulmirasespogeiro,,ğŸ‘ğŸ‘ğŸ‘ğŸ‘ğŸ‘ğŸ‘ğŸ‘,
Cachoeira do Sul,RS,Comentario,2022-08-16 23:00:04,lacerdarodri,,Saudades da minha terra Natal,
Cachoeira do Sul,RS,Comentario,2022-08-25 22:01:34,chagas368,,Nossa parabÃ©ns pq a muito tempo nÃ£o via esse respeito e essa homenagem ğŸ‘ğŸ‘ğŸ‘,
Cachoeira do Sul,RS,Comentario,2022-08-16 22:02:22,blandinamenezes,,Coisa mais linda Senhor!!!ğŸ‡§ğŸ‡·ğŸ‡§ğŸ‡·ğŸ‡§ğŸ‡·ğŸ‡§ğŸ‡·ğŸ‡§ğŸ‡·ğŸ‡§ğŸ‡·ğŸ‡§ğŸ‡·ğŸ‡§ğŸ‡·ğŸ‡§ğŸ‡·ğŸ‡§ğŸ‡·ğŸ‡§ğŸ‡·ğŸ‡§ğŸ‡·,
Cachoeira do Sul,RS,Comentario,2022-08-27 00:37:16,luzieneivn,,ğŸ‘ğŸ‘ğŸ‘ğŸ‘ğŸ‡§ğŸ‡·ğŸ‡§ğŸ‡·ğŸ‡§ğŸ‡·ğŸ‡§ğŸ‡·ğŸ‡§ğŸ‡·,
Cachoeira do Sul,RS,Comentario,2022-08-27 00:23:07,juscasouza43,,ğŸ”¥ğŸ”¥ğŸ”¥ğŸ”¥ğŸ”¥ğŸ”¥ğŸ”¥ğŸ”¥ğŸ‘ğŸ‘ğŸ‘ğŸ‘ğŸ‘ğŸ‘,
Cachoeira do Sul,RS,Comentario,2022-09-08 14:04:20,regiaamaral,,Sensacional,
Cachoeira do Sul,RS,Comentario,2022-08-25 14:50:06,kumefatima,,Viva a nossa bandeira,
Cachoeira do Sul,RS,Comentario,2022-08-27 02:35:48,leitura_o_cantinho_da_tia_marg,,ğŸ˜‚ğŸ˜‚ğŸ˜‚ğŸ˜‚ğŸ˜‚ğŸ˜‚ğŸ˜‚ğŸ”¥ğŸ”¥,
Cachoeira do Sul,RS,Comentario,2022-08-27 03:32:10,paulosilvanolopes,,Eita pÃ¡tria bonita 22,
Cachoeira do Sul,RS,Post,2022-08-16 16:45:43,prefeituradecachoeiradosul,Defesa Civil de Cachoeira do Sul estÃ¡ atuando no auxÃ­lio das famÃ­lias atingidas pela chuva de granizo e vendaval nesta segunda-feira em Rio Pardo.,,57
Cachoeira do Sul,RS,Post,2022-08-15 14:19:35,prefeituradecachoeiradosul,"Defesa Civil enviarÃ¡ mensagens de alertas e nÃ­vel do Rio JacuÃ­ pelo WhatsApp

A Prefeitura Municipal de Cachoeira do Sul atravÃ©s da Defesa Civil, lanÃ§a atravÃ©s da rede de comunicaÃ§Ã£o WhatsApp, um canal de comunicaÃ§Ã£o para a populaÃ§Ã£o receber informaÃ§Ãµes sobre alertas de risco para eventos adversos e nÃ­vel do Rio JacuÃ­ no MunicÃ­pio.
A comunicaÃ§Ã£o Ã© uma das principais ferramentas de prevenÃ§Ã£o e preparaÃ§Ã£o de comunidades no enfrentamento a eventos adversos e fundamental para melhorar a eficiÃªncia das equipes de respostas. O Programa Cachoeira do Sul Resiliente, criado pelo Prefeito JosÃ© OtÃ¡vio Germano, tem a comunicaÃ§Ã£o como um de seus pilares na estruturaÃ§Ã£o da seguranÃ§a e proteÃ§Ã£o da comunidade.

Cachoeira do Sul estÃ¡ na lista dos municÃ­pios brasileiros com a maior recorrÃªncia de desastres naturais e entre os municÃ­pios gaÃºchos mais afetados por inundaÃ§Ãµes. Junto com os alertas, a Defesa Civil enviarÃ¡ cuidados e aÃ§Ãµes preventivas que o cidadÃ£o deve adotar, bem como orientaÃ§Ãµes, informaÃ§Ãµes e contatos em casos de emergÃªncias.
Para participar o cidadÃ£o deve enviar uma mensagem para o WhatsApp para (51) 995358310 com a mensagem ALERTA ou RIO JACUÃ, com seu nome completo, bairro ou localidade em que reside e um operador de Defesa Civil farÃ¡ o seu cadastro. Ao enviar a palavra ALERTA o cidadÃ£o receberÃ¡ as informaÃ§Ãµes dos alertas para o MunicÃ­pio, ao enviar a palavra Rio JacuÃ­ receberÃ¡ informaÃ§Ãµes do nÃ­vel do Rio JacuÃ­ tendo como referÃªncia a Ponte do Fandango, a informaÃ§Ã£o serÃ¡ enviada em caso de grave alteraÃ§Ã£o do nÃ­vel que possa ensejar uma situaÃ§Ã£o de risco, cota abaixo de 16m ou acima de 19m.

PASSO A PASSO PARA CADASTRO:
1. Adicione em seus contatos o nÃºmero (51) 995358310 como Defesa Civil Cachoeira do Sul.
2. Envie uma mensagem de WhatsApp com a mensagem ALERTA, seu nome completo, Bairro ou Localidade para se cadastrar para receber os alertas.

3. Envie uma mensagem de WhatsApp com a mensagem RIO JACUÃ, seu nome completo, Bairro ou Localidade para se cadastrar para receber informaÃ§Ãµes do Rio JacuÃ­.

4. VocÃª receberÃ¡ uma mensagem de um operador da Defesa Civil com as orientaÃ§Ãµes, instruÃ§Ãµes e confirmaÃ§Ã£o de seu Cadastro.",,97
Cachoeira do Sul,RS,Post,2022-08-15 13:14:05,prefeituradecachoeiradosul,"Chegada do Fogo SimbÃ³lico da Semana da PÃ¡tria ğŸ‡§ğŸ‡·

ğŸ“Hoje, Ã s 11:50, na Escola CÃ­vico Militar Dinah Neri Pereira.

O Fogo ficarÃ¡ na Escola atÃ© o dia 1Â° de setembro, quando acontece a Corrida do Fogo SimbÃ³lico e abertura da Semana da PÃ¡tria.",,50
Cachoeira do Sul,RS,Post,2022-08-15 12:35:04,prefeituradecachoeiradosul,"A Campanha Nacional de ImunizaÃ§Ã£o contra a Poliomielite (crianÃ§as menores de 5 anos de idade) e a Campanha Nacional de MultivacinaÃ§Ã£o para AtualizaÃ§Ã£o da Caderneta de VacinaÃ§Ã£o (atÃ© 14 anos, 11 meses e 29 dias), seguem atÃ© dia 9 de setembro. AÃ§Ã£o extra no sÃ¡bado, 20 de agosto, Dia D da campanha. Procure o posto de saÃºde mais prÃ³ximo a sua residÃªncia.",,18
Cachoeira do Sul,RS,Post,2022-08-12 20:26:06,prefeituradecachoeiradosul,"Zoo de Cachoeira recebe visita de grupo internacional de proteÃ§Ã£o ao gato do mato grande

O ZoolÃ³gico Municipal de Cachoeira do Sul recebeu a visita de integrantes do GeoffroyÂ´s Cat Working Group (Grupo de Trabalho do Gato do Mato Grande), chamado de GCWG, acompanhado de Jim Sanderson, que atua na Small Wild Cat Conservation (FundaÃ§Ã£o de ConservaÃ§Ã£o de Pequenos Felinos Silvestres) e na Re:wild.
 
O grupo, liderado pela doutora FlÃ¡via Tirelli, visitou o ZoolÃ³gico para conhecer a estrutura do local, o trabalho de preservaÃ§Ã£o do gato do mato grande, gato do mato pequeno, morisco, jaguatirica e puma. O ZoolÃ³gico Municipal tem por princÃ­pio a soltura em seu habitat de todos os animais que tem condiÃ§Ãµes de serem reinseridos e este foi um dos trabalhos que o grupo tambÃ©m conheceu em sua visita.

A GCWG ainda doou placas com informaÃ§Ãµes sobre os felinos do Zoo Municipal e entregues a visita. Eles foram recebidos pelo coordenador do ZoolÃ³gico, Alisson BoÃ¿ink, o mÃ©dico veterinÃ¡rio Diego Ferreira Cardoso e o secretÃ¡rio de Meio Ambiente, Geraldo Fogliarini.
 
FlÃ¡via frisou que o grupo ficou satisfeito e classificou como muito boa a estrutura do zoo. â€œGostamos muito do que vimos. O zoo Ã© muito arrumado, limpo e bem equipado. AlÃ©m disso, podemos ver toda a paixÃ£o e carinho dos tratadores e do veterinÃ¡rio com os animaisâ€, frisou ela.

O grupo de trabalho ainda destacou que pretender ser parceria na cedÃªncia de medicamentos, enriquecimento ambiental e aumento de recinto, de acordo com doaÃ§Ãµes recebidas pela instituiÃ§Ã£o e conquista de financiamento de projetos. â€œO GCWG serÃ¡ nossa aliada para que possamos pensar ainda em novas aÃ§Ãµes de educaÃ§Ã£o ambiental que ajudem o zoo alÃ©m de pesquisas de reintroduÃ§Ã£o de espÃ©cies de pequenos felinos, que Ã© a Ã¡rea de atuaÃ§Ã£o direta deles. SÃ£o ideias excelentes para o meio ambiente, para a conservaÃ§Ã£o e para Cachoeira do Sul e por isso o ZoolÃ³gico Municipal estÃ¡ de portas abertasâ€, enfatiza Alisson.",,157
Cachoeira do Sul,RS,Comentario,2022-08-12 21:53:23,compartilhando_contigo,,"Realmente, o Zoo de Cachoeira do Sul/RS Ã© muito limpo e organizado. 
ğŸ™ŒğŸ»",
Cachoeira do Sul,RS,Comentario,2022-08-12 23:17:20,maritoncarlos,,"Judiaria ver uma Jaguatirica ser atropelada saindo do Morro do Cascalho em frente ao Quartel da PolÃ­cia RodoviÃ¡ria. Sinal que estÃ£o atÃ© mesmo na zona urbana, bem como Graxains e Lebres que sÃ£o comuns nesse local.",
Cachoeira do Sul,RS,Comentario,2022-08-13 12:40:51,lubartmann,,ParabÃ©ns!!!!ğŸ‘ğŸ‘ğŸ‘ğŸ‘,
Cachoeira do Sul,RS,Post,2022-08-12 12:28:51,prefeituradecachoeiradosul,"A Campanha Nacional de ImunizaÃ§Ã£o contra a Poliomielite (crianÃ§as menores de 5 anos de idade) e a Campanha Nacional de MultivacinaÃ§Ã£o para AtualizaÃ§Ã£o da Caderneta de VacinaÃ§Ã£o (atÃ© 14 anos, 11 meses e 29 dias), seguem atÃ© dia 9 de setembro. AÃ§Ã£o extra no sÃ¡bado, 20 de agosto, Dia D da campanha. Procure o posto de saÃºde mais prÃ³ximo a sua residÃªncia.",,6
Cachoeira do Sul,RS,Post,2022-08-11 17:43:33,prefeituradecachoeiradosul,"Encerra 31 de agosto mais uma etapa do Programa de RecuperaÃ§Ã£o de CrÃ©dito

Encerra no dia 31 de agosto a segunda etapa do Programa de RecuperaÃ§Ã£o de CrÃ©dito da Prefeitura de Cachoeira do Sul destinado a promover a regularizaÃ§Ã£o de crÃ©ditos do MunicÃ­pio. O devedor pode ser pessoa fÃ­sica ou jurÃ­dica, com dÃ©bitos de natureza tributÃ¡ria ou nÃ£o, inscritos em dÃ­vida ativa, ajuizados ou a ajuizar, protestados ou nÃ£o, parcelados ou nÃ£o, com exigibilidade suspensa ou nÃ£o.

Com ele, Ã© possÃ­vel negociar dÃ­vida referente a impostos com o MunicÃ­pio fazendo pagamento em quota Ãºnica atÃ© o final deste mÃªs com 70% de desconto no valor de juros de mora e multa. JÃ¡ quem optar pelo pagamento atÃ© 31 de Outubro, haverÃ¡ 50% de desconto do valor de mora e multa.

Ainda existe a possibilidade de pagamento parcelado em atÃ© 6 vezes com 30% de desconto do valor de mora e multa, com valor mÃ­nimo de parcela de R$100,00. Quando houver atraso do pagamento das parcelas, o contribuinte estarÃ¡ sujeito a cobranÃ§a de juros e multas.

Na primeira etapa do Programa de RecuperaÃ§Ã£o de CrÃ©dito, encerrada em 30 de junho, a Prefeitura recebeu R$ 691.651,70. Foram feitos 519 acordos que tinham dÃ­vida original de R$ 1.113.714,99. Eles tiveram 100% de abatimento no juros e mora.

 

InformaÃ§Ãµes

Secretaria Municipal da Fazenda
Rua Moron, 1013 â€“ Esquina com Rua General CÃ¢mara
Telefone: 51.3724 6056.",,2
Cachoeira do Sul,RS,Post,2022-08-11 17:14:45,prefeituradecachoeiradosul,"Ã‰ hora de fazer a DeclaraÃ§Ã£o do Imposto sobre a Propriedade Territorial Rural (DITR)

Inicia na segunda-feira (15) e segue atÃ© 30 de setembro o prazo para a apresentaÃ§Ã£o da DeclaraÃ§Ã£o do Imposto sobre a Propriedade Territorial Rural (DITR) de 2022. A InstruÃ§Ã£o Normativa 2.095/22 da Receita Federal apresenta os procedimentos para a apresentaÃ§Ã£o da declaraÃ§Ã£o.

A DITR deve ser enviada por meio do Programa Gerador da DeclaraÃ§Ã£o do ITR (Programa ITR 2022), que estarÃ¡ disponÃ­vel no site da Receita Federal. AlÃ©m disso, continua sendo possÃ­vel a utilizaÃ§Ã£o do Receitanet para a transmissÃ£o da declaraÃ§Ã£o, ou ainda a entrega da declaraÃ§Ã£o gravada em conector USB em uma unidade de atendimento da Receita Federal.

A Prefeitura de Cachoeira do Sul, atravÃ©s da Secretaria Municipal da Fazenda, alerta sobre a importÃ¢ncia da declaraÃ§Ã£o deste imposto. Hoje, de forma consolidada, Cachoeira do Sul jÃ¡ recebe 50% do valor deste imposto. No entanto, graÃ§as a um convÃªnio com a Receita Federal, o MunicÃ­pio estÃ¡ habilitado a receber os outros 50% graÃ§as a fiscalizaÃ§Ã£o que faz em declaraÃ§Ãµes que caem na malha fina da Receita Federal. Em 2021, do ITR rendeu cerca de R$ 3 milhÃµes aos cofres municipais.

Anualmente, de 150 a 200 declaraÃ§Ãµes sÃ£o enviadas pela Receita Federal para avaliaÃ§Ã£o da fiscalizaÃ§Ã£o fazendÃ¡ria. Via intimaÃ§Ã£o, os contribuintes  sÃ£o chamados para apresentarem documentos que comprovem as informaÃ§Ãµes, assim como precisa fazer quem cai na malha fina do Imposto de Renda. Entre os documentos solicitados estÃ£o comprovantes da produÃ§Ã£o, laudo de terra nua, atestado de declaraÃ§Ã£o ambiental para reservas naturais, entre outros, conforme a necessidade.

O fiscal fazendÃ¡rio, Ismael Menezes, explica que, quando o contribuinte nÃ£o consegue comprovar as informaÃ§Ãµes prestadas, Ã© feito o lanÃ§amento do tributo com correÃ§Ã£o monetÃ¡ria e multa. Neste momento, o setor estÃ¡ fazendo a fiscalizaÃ§Ã£o de declaraÃ§Ãµes de 2018/2019, conforme foi repassado pela Receita Federal.",,17
Cachoeira do Sul,RS,Post,2022-08-11 14:19:09,prefeituradecachoeiradosul,11 de agosto - Dia do Estudante ğŸ“š,,33
Cachoeira do Sul,RS,Post,2022-08-10 15:56:44,prefeituradecachoeiradosul,"A Campanha de MultivacinaÃ§Ã£o, deflagrada pelo MinistÃ©rio da SaÃºde atÃ© 9 de setembro, engloba tambÃ©m a imunizaÃ§Ã£o contra a Covid-19, que prossegue com enfoque nas doses de reforÃ§o aos adultos e adolescentes e na distribuiÃ§Ã£o das primeiras doses pediÃ¡tricas. Lembrando: tem aÃ§Ã£o extra no sÃ¡bado, 20 de agosto, Dia D da campanha. Procure a unidade de saÃºde mais prÃ³ximo a sua residÃªncia.",,9
Cachoeira do Sul,RS,Post,2022-08-09 19:02:05,prefeituradecachoeiradosul,"Campanha Nacional de ImunizaÃ§Ã£o contra a Poliomielite (crianÃ§as menores de 5 anos de idade) e Campanha Nacional de MultivacinaÃ§Ã£o para AtualizaÃ§Ã£o da Caderneta de VacinaÃ§Ã£o (atÃ© 14 anos, 11 meses e 29 dias), de 8 de agosto a 9 de setembro. AÃ§Ã£o extra no sÃ¡bado, 20 de agosto, Dia D da campanha. Procure o posto de saÃºde mais prÃ³ximo a sua residÃªncia.",,20
Cachoeira do Sul,RS,Post,2022-08-08 12:13:28,prefeituradecachoeiradosul,"Campanha Nacional de ImunizaÃ§Ã£o contra a Poliomielite (crianÃ§as menores de 5 anos de idade) e Campanha Nacional de MultivacinaÃ§Ã£o para AtualizaÃ§Ã£o da Caderneta de VacinaÃ§Ã£o (atÃ© 14 anos, 11 meses e 29 dias), de 8 de agosto a 9 de setembro. AÃ§Ã£o extra no sÃ¡bado, 20 de agosto, Dia D da campanha. Procure o posto de saÃºde mais prÃ³ximo a sua residÃªncia.",,23
Cachoeira do Sul,RS,Post,2022-08-06 01:14:18,prefeituradecachoeiradosul,Festa em comemoraÃ§Ã£o aos 202 anos de Cachoeira do Sul,,281
Cachoeira do Sul,RS,Comentario,2022-08-06 03:41:29,mauricio.souza.750546,,ParabÃ©ns Cachoeira do Sul! ğŸ‘ğŸ‘ğŸ‘,
Cachoeira do Sul,RS,Comentario,2022-08-06 02:49:19,leticia_mariaugusta,,Saudades de Cachoeira â¤ï¸,
Cachoeira do Sul,RS,Comentario,2022-08-06 01:38:21,claudiomiro.batista,,ParabÃ©ns a prefeitura pelo evento ğŸ‘,
Cachoeira do Sul,RS,Comentario,2022-08-06 15:48:53,linojoelvargas,,ğŸ˜‚ğŸ˜‚ğŸ˜‚ğŸ˜‚ misericÃ³rdia,
Cachoeira do Sul,RS,Comentario,2022-08-06 14:05:11,thayzinhag,,ParabÃ©ns  estÃ¡  muito bom.ğŸ˜ğŸ‘ğŸ‘,
Cachoeira do Sul,RS,Comentario,2022-08-06 04:00:27,danycsilvagoulart,,ğŸ˜‚ğŸ˜‚ğŸ˜‚ğŸ˜‚ğŸ˜‚,
Cachoeira do Sul,RS,Comentario,2022-08-06 01:43:40,diandra_quevedo,,Pena que chego aÃ­ amanhÃ£ ğŸ˜¢,
Cachoeira do Sul,RS,Comentario,2022-08-06 01:18:59,franciscocarlos11244692,,Agora o pÃºblico se animou,
Cachoeira do Sul,RS,Post,2022-08-05 23:32:55,prefeituradecachoeiradosul,Cachoeira do Sul 202 anos,,263
Cachoeira do Sul,RS,Comentario,2022-08-06 02:27:02,josuepuntel,,ğŸ‘ğŸ‘ğŸ‘ğŸ‘ğŸ‘,
Cachoeira do Sul,RS,Comentario,2022-08-06 00:30:41,silviacolbeich,,ParabÃ©ns Cachoeira do Sul.,
Cachoeira do Sul,RS,Comentario,2022-08-06 01:10:24,franciscocarlos11244692,,O povo bem desanimado kkkkkk,
Cachoeira do Sul,RS,Post,2022-08-05 20:53:29,prefeituradecachoeiradosul,ComemoraÃ§Ã£o aos 202 anos de Cachoeira do Sul,,99
Cachoeira do Sul,RS,Comentario,2022-08-06 13:07:14,josuepuntel,,"ParabÃ©ns pela festa e por terem utilizado nosso cartÃ£o postal central da cidade para o aniversÃ¡rio da cidade... Ficou muito bom... ParabÃ©ns mesmo... PrÃ³ximo ano da pra planejar melhor e implantar vÃ¡rias atividades no entorno da praÃ§a JosÃ© BonifÃ¡cio Gomes, vai ficar lindo utilizar todo esse espaÃ§o em um evento nosso, que lembra a histÃ³ria da cidade... ParabÃ©ns pela organizaÃ§Ã£o mesmo com curto espaÃ§o conseguiu realizar o evento... ğŸ‘ğŸ‘ğŸ‘",
Cachoeira do Sul,RS,Comentario,2022-08-05 22:21:14,guistorias,,Fizemos um vÃ­deo bem legal sobre o Museu Municipal de Cachoeira do Sul em homenagem aos 202 anos da nossa cidade! Acessem nosso canal no YouTube: Guistorias. â¤ï¸,
Cachoeira do Sul,RS,Post,2022-08-05 20:24:20,prefeituradecachoeiradosul,ComemoraÃ§Ã£o aos 202 anos de Cachoeira do Sul,,306
Cachoeira do Sul,RS,Comentario,2022-08-05 21:45:29,jussaranunez,,ParabÃ©ns Cachoeira do Sul â¤ï¸ quanta  saudades ğŸ‘ğŸ‘ğŸ‘ğŸ‘ğŸ‘â¤ï¸â¤ï¸â¤ï¸,
Cachoeira do Sul,RS,Comentario,2022-08-05 23:07:54,andrea_moraes2sty,,Saudades da minha terra querida ğŸ˜¢amu demais.Minha banda preferida â¤ï¸,
Cachoeira do Sul,RS,Comentario,2022-08-05 23:37:52,maricleidebp,,ğŸ‘ğŸ‘ğŸ‘ğŸ‘ğŸ‘ğŸ‘,
Cachoeira do Sul,RS,Comentario,2022-08-05 20:46:20,bethstringuini,,â¤ï¸â¤ï¸â¤ï¸â¤ï¸â¤ï¸â¤ï¸,
Cachoeira do Sul,RS,Comentario,2022-08-05 22:27:00,guistorias,,Fizemos um vÃ­deo bem legal sobre o Museu Municipal de Cachoeira do Sul em homenagem aos 202 anos da nossa cidade! Acessem nosso canal no YouTube: Guistorias. â¤,
Cachoeira do Sul,RS,Comentario,2022-08-05 23:08:52,andrea_moraes2sty,,@_amandafelix15,
Cachoeira do Sul,RS,Comentario,2022-08-05 23:08:35,andrea_moraes2sty,,@luiis_felix21,
Cachoeira do Sul,RS,Comentario,2022-08-05 22:14:26,vivibiittencourt,,@deniseliriocorrea @carolzinha_p05  olha a JÃºlia que lindaaağŸ˜,
Cachoeira do Sul,RS,Comentario,2022-08-05 23:08:18,andrea_moraes2sty,,@psilvafelix33,
Cachoeira do Sul,RS,Post,2022-08-05 17:39:13,prefeituradecachoeiradosul,202 anos de Cachoeira do Sul (celebraÃ§Ã£o na Catedral e apresentaÃ§Ã£o da Banda Baltazar de Bem),,140
Cachoeira do Sul,RS,Comentario,2022-08-05 22:27:32,guistorias,,Fizemos um vÃ­deo bem legal sobre o Museu Municipal de Cachoeira do Sul em homenagem aos 202 anos da nossa cidade! Acessem nosso canal no YouTube: Guistorias. â¤,
Cachoeira do Sul,RS,Post,2022-08-05 12:22:03,prefeituradecachoeiradosul,"Secretaria da Fazenda cria ComissÃ£o de PrescriÃ§Ã£o de DÃ©bitos

O novo serviÃ§o tem a missÃ£o de colocar em dia 16.803 processos que estÃ£o com prazo de prescriÃ§Ã£o dÃ©bitos com o Executivo jÃ¡ vencidos, ou seja, que jÃ¡ tem mais de 5 anos sem pagamento mas ainda nÃ£o tiveram baixa no sistema.

Leia mais em www.cachoeiradosul.rs.gov.br ou acesse o link nos stories.",,26
Cachoeira do Sul,RS,Post,2022-08-04 22:33:02,prefeituradecachoeiradosul,"Cachoeira202anos

Secretaria de Obras 
Secretaria de Interior 
Secretaria de Meio Ambiente

Trabalho em parceira para a grande festa desta sexta-feira em comemoraÃ§Ã£o aos 202 anos de Cachoeira, a partir das 14h, na PraÃ§a JosÃ© BonifÃ¡cio.",,138
Cachoeira do Sul,RS,Post,2022-08-04 12:28:21,prefeituradecachoeiradosul,"Shows, apresentaÃ§Ãµes e diversÃ£o marcarÃ£o o aniversÃ¡rio de Cachoeira nesta sexta-feira

A Prefeitura de Cachoeira do Sul atravÃ©s do Gabinete do Prefeito, oferecerÃ¡ diversas atraÃ§Ãµes na PraÃ§a JosÃ© BonifÃ¡cio neste sexta-feira (05), data em que Cachoeira do Sul completa 202 anos de emancipaÃ§Ã£o polÃ­tica e administrativa. 

As atraÃ§Ãµes comeÃ§am Ã s 14h com a Banda do Baltazar de Bem e grupo de danÃ§a da Escola Municipal Dinah NÃ©ri Pereira. Outras escolas municipais tambÃ©m foram convidadas e devem se apresentar durante a tarde. HaverÃ¡ ainda sorteio de brindes e o DigoÂ´s Lanches farÃ¡ distribuiÃ§Ã£o de batatas fritas durante a tarde do evento. A SecretÃ¡ria de Turismo, Esporte e Lazer estÃ¡ preparado brincadeiras esportivas para a crianÃ§ada. O Sesc colocarÃ¡ brinquedos inflÃ¡veis (gratuito) a Brinquedos Monteiros tambÃ©m estarÃ¡ presente com pula-pula, casa de bolinhas entre outros brinquedos.

Ainda integram as atividades da tarde: Acessuas Trabalho, Cadastro Ãšnico, Edecon, Grupo Tik Tok da Escola David Barcelos, EspaÃ§o SaÃºde DanÃ§a de Ritmos, Mercado de Pulgas (com bancas vendendo artefatos, livros, alimentos, entre outros). A Defesa Civil farÃ¡ exposiÃ§Ã£o do seu material e a equipe do Cempra integrarÃ¡ a atividade levando filhotes para adoÃ§Ã£o. O  castramovel estarÃ¡ no evento para visitaÃ§Ã£o.

Cai Quem Quer e MC Jean Paul encerram a noite de comemoraÃ§Ã£o

A festa em comemoraÃ§Ã£o aos 202 anos de Cachoeira do Sul encerrarÃ¡ com pagode e funk. A partir das 18h acontece a apresentaÃ§Ã£o da banda de pagode cachoeirense Cai Quem Quer, banda reconhecida na noite de Cachoeira pele seu jeito alegre e por apresentar mÃºsicas que agradam a todos.

Na sequÃªncia acontece o show nacional de encerramento com o MC Jean Paul, um dos precursores do ritmo no Rio Grande do Sul. O evento serÃ¡  patrocinado pela PrÃ³ Vida.

Quem Ã© MC Jean Paul

MC Jean Paul tem 42 anos e 20 anos de carreira. Nascido em SÃ£o Paulo, mas morador de Porto Alegre desde a adolescÃªncia, ele se destaca no cenÃ¡rio musical por ter canÃ§Ãµes sem letras apelativas. Tem como marco de sua carreira uma apresentaÃ§Ã£o no Theatro SÃ£o Pedro com um show de funk com orquestra, inÃ©dito na histÃ³ria do local, o que se tornou um marco para o funk brasileiro.",,49
Cachoeira do Sul,RS,Post,2022-08-03 21:41:47,prefeituradecachoeiradosul,,,161
Cachoeira do Sul,RS,Comentario,2022-08-03 21:46:33,andreschererzizu,,MC Jean Paul Ã© tri,
Cachoeira do Sul,RS,Comentario,2022-08-03 21:48:09,magaiverdias45,,ğŸ‘ğŸ‘ğŸ‘ğŸ‘,
Cachoeira do Sul,RS,Comentario,2022-08-03 22:33:57,evani_silveira,,ğŸ‘ğŸ‘ğŸ‘ğŸ‘,
Cachoeira do Sul,RS,Comentario,2022-08-03 22:49:36,alexfkegler,,Deveria ser feriado ğŸ¤¦,
Cachoeira do Sul,RS,Comentario,2022-08-03 23:08:16,josuepuntel,,"Muito bom mas a praÃ§a JosÃ© BonifÃ¡cio tem mais estrutura e espaÃ§o, alÃ©m de arquibancadas um baita estrutura por metro quadrado, que nÃ£o estÃ¡ sendo usada.... Assim ajuda a aliviar o trÃ¢nsito atÃ© mesmo de Ã´nibus na parada da Honorato com um possÃ­vel volume de pessoas naquele local... E sem contar que foi gasto um valor considerÃ¡vel na revitalizaÃ§Ã£o da praÃ§a JosÃ© BonifÃ¡cio e nÃ£o estÃ¡ sendo usada... Apenas por pessoas em citaÃ§Ã£o de rua... Entenda, que nÃ£o Ã© uma crÃ­tica! Ã‰ uma ideia lÃ³gica e administrativa.... Sucesso ao Evento....ğŸ‘ğŸ‘ğŸ‘",
Cachoeira do Sul,RS,Comentario,2022-08-03 23:58:06,suzana_hunter,,"SÃ³ para quem nÃ£o trabalha e nem estuda,deveria ser domingo para todos poderem ir",
Cachoeira do Sul,RS,Comentario,2022-08-04 00:59:38,marciobicca,,Eu preferia a @biasocek,
Cachoeira do Sul,RS,Post,2022-08-03 12:26:11,prefeituradecachoeiradosul,,,9
Cachoeira do Sul,RS,Comentario,2022-08-06 01:59:50,guistorias,,Fizemos um vÃ­deo bem legal sobre o Museu Municipal de Cachoeira do Sul em homenagem aos 202 anos da nossa cidade! Acessem nosso canal no YouTube: Guistorias . â¤,
Cachoeira do Sul,RS,Post,2022-08-02 14:28:18,prefeituradecachoeiradosul,"Secretaria de Obras estevem em trÃªs frentes de trabalho nesta segunda-feira

A Secretaria de Obras atuou em trÃªs frentes de trabalho nesta segunda-feira (1Âº de agosto). No Bairro XangrilÃ¡, foi feito o patrolamento das ruas. Na sequÃªncia o serviÃ§o se estende para os Bairros MauÃ¡ e Augusta. 

TambÃ©m foi feita a troca de canos na Rua Ana Francisca Rodrigues, Bairro NoÃªmia, com a colocaÃ§Ã£o de 24 canos de 60 cm de diÃ¢metro cada.

A equipe ainda trabalhou na Rua do Ouro, na Volta da Charqueada, fazendo a substituiÃ§Ã£o de 12 canos de 30 cm de diÃ¢metro, resolvendo um problema de alagamento de casas em dias de chuva.",,48
Cachoeira do Sul,RS,Comentario,2022-08-02 15:52:11,compartilhando_contigo,,"ğŸ‘ğŸ‘ğŸ‘
Ã“timo ğŸ‘ğŸ», 
Que continuem as obras.",
Cachoeira do Sul,RS,Comentario,2022-08-03 09:17:49,daiane_oliveira83,,"Que bom, estou a espera dos canos na rua JoÃ£o Jorge Krieger, bairro Santo AntÃ´nio.",
Cachoeira do Sul,RS,Comentario,2022-08-03 12:39:18,carmen.coutinho.1,,"Gostaria muito q eles viessem aqui na minha rua,pois estÃ¡ horrÃ­vel,mal da pra passar com o carro.",
Cachoeira do Sul,RS,Comentario,2022-08-03 12:39:58,carmen.coutinho.1,,"Moro no bairro Marina, rua abaixo do super Max",
Cachoeira do Sul,RS,Post,2022-07-23 18:14:11,prefeituradecachoeiradosul,Obra na Rua 7 de Setembro neste sÃ¡bado,,133
Cachoeira do Sul,RS,Post,2022-07-19 13:35:12,prefeituradecachoeiradosul,"Boletim â€“ Defesa Civil (19 de julho)

7h30min: NÃ­vel do Rio JacuÃ­ 21,75m (3,75m acima do nÃ­vel normal) subindo 2,1 cm/h.

Balsa do SÃ£o LourenÃ§o funcionarÃ¡ atÃ© as 18h, informamos que a estrada de acesso tem uma lÃ¢mina de aproximadamente 30 cm de Ã¡gua, nÃ£o sendo indicada para veÃ­culos leves sem traÃ§Ã£o.

Balsa da Rua Moron segue fora de operaÃ§Ã£o.

Uma famÃ­lia de 01 pessoa foi desalojada na tarde de ontem de maneira preventiva, a Defesa Civil manterÃ¡ avaliaÃ§Ã£o e monitoramento diÃ¡rio para definiÃ§Ã£o de novas remoÃ§Ãµes. 

Em caso de retirada de novas famÃ­lias o Abrigo serÃ¡ nas dependÃªncias da FENARROZ e Sindicato Rural.

A Defesa Civil estÃ¡ com equipes monitorando Ã¡reas urbanas e rurais alertando comunidades e moradores.

As equipes da Prefeitura Municipal que atuam na remoÃ§Ã£o e acolhimento de famÃ­lias estÃ£o em alerta para a necessidade de novas remoÃ§Ãµes bem como as equipes do ExÃ©rcito Brasileiro e Bombeiros.

A Defesa Civil Estadual estÃ¡ acompanhando a situaÃ§Ã£o em Cachoeira do Sul trazendo informaÃ§Ãµes sobre o nÃ­vel do Rios e Barragens na RegiÃ£o.

Em caso de emergÃªncia a populaÃ§Ã£o pode entrar em contato pelo Telefone/Whatsapp (51)995358310, a populaÃ§Ã£o pode enviar mensagem de whatsapp com nome, localizaÃ§Ã£o, tipo de ocorrÃªncia e imagens que possam ilustrar a situaÃ§Ã£o. O  telefone 193 do Corpo de Bombeiros tambÃ©m estÃ¡ a disposiÃ§Ã£o e mantendo contato com a Defesa Civil.",,58
Cachoeira do Sul,RS,Post,2022-07-14 17:20:46,prefeituradecachoeiradosul,"Faixa de pedestre ganha patinhas de cachorro como alerta para cuidado com os bichos

Quem passar pela faixa de pedestre da Rua JÃºlio de Castilhos (em frente a Americanas) vai encontrar uma novidade ali. Na manhÃ£ desta quarta-feira, o setor de sinalizaÃ§Ã£o de trÃ¢nsito da Secretaria de Obras pintou dezenas de pegadas de cÃ£es ao longo da faixa de pedestre. 

A iniciativa chamada de Pet Seguro, foi uma ideia da gestora da Causa Animal, Vanessa Simon, com o aval do prefeito JosÃ© OtÃ¡vio Germano e o apoio da Secretaria de Obras, que confeccionou os gabaritos com as patinhas e fez a pintura.

O objetivo Ã© chamar a atenÃ§Ã£o dos motoristas e pedestres, para que tenham cuidado com os animais que estÃ£o em situaÃ§Ã£o de rua, maior conscientizaÃ§Ã£o e a necessidade de respeitÃ¡-los. â€œQueremos com esta iniciativa ressaltar que nossa cidade estÃ¡ mais humanizada e que hÃ¡ respeito com os animaisâ€, explicou Vanessa.

A iniciativa serve para lembrar motoristas e pedestres, de maneira lÃºdica, sobre a presenÃ§a constante de animais nas ruas e que Ã© preciso estar sempre atento a presenÃ§a deles. O Cempra recebe constantemente animais vÃ­timas de atropelamento em Cachoeira do Sul. Em muitos casos, o motorista sequer presta socorro ao animal ferido.

Importante

A primeira faixa foi pintada na Rua JÃºlio. A previsÃ£o e de pintar as patinhas em mais dois pontos da Avenida Brasil.",,202
Cachoeira do Sul,RS,Comentario,2022-07-14 17:33:02,compartilhando_contigo,,"A iniciativa Ã© bem bacana, mas vamos torcer para que os motoristas realmente respeitem as faixas, seja lÃ¡ para quem for: pedestres ou animais.
HÃ¡ algumas semanas atrÃ¡s estive em Cachoeira e quase fui atropelada atravessando uma rua, porque uma motorista nervosa nÃ£o pode parar por se achar no direito do â€œmaior ou mais veloz pode maisâ€.
AliÃ¡s, a educaÃ§Ã£o no trÃ¢nsito deixa a desejar de um modo bem amplo e geral.",
Cachoeira do Sul,RS,Comentario,2022-07-14 17:45:51,flavianicunha,,ParabÃ©ns â¤ï¸,
Cachoeira do Sul,RS,Comentario,2022-07-14 18:25:07,jukirchhof,,"Ficou perfeita essa faixa de ""patadestres"". Ontem passei e passei de novo de tÃ£o lindo. Nossos doguinhos sÃ£o umas figuras que buscam as faixas pra atravessar! ğŸ¥°ğŸ¶ Amei! ğŸ‘",
Cachoeira do Sul,RS,Comentario,2022-07-14 19:28:59,deboracostawagner,,â¤ï¸â¤ï¸â¤ï¸â¤ï¸â¤ï¸â¤ï¸â¤ï¸â¤ï¸â¤ï¸,
Cachoeira do Sul,RS,Comentario,2022-07-14 20:27:25,dessamacedoo,,ğŸ˜ğŸ˜ğŸ˜ğŸ˜,
Cachoeira do Sul,RS,Comentario,2022-07-14 21:26:32,izabelcdmbaptista,,ğŸ‘ğŸ‘ğŸ‘,
Cachoeira do Sul,RS,Comentario,2022-07-14 21:28:12,freitasfaby89,,ğŸ‘ğŸ‘ğŸ‘ğŸ˜ğŸ¶,
Cachoeira do Sul,RS,Comentario,2022-07-14 21:36:18,grazielazinelli,,ParabÃ©ns pela iniciativa ğŸ™ğŸ»ğŸ¶,
Cachoeira do Sul,RS,Comentario,2022-07-14 22:49:01,neila_m_freitas,,ğŸ‘ğŸ‘coisa linda ! ParabÃ©ns! Tomara que tenham aproveitado para desentupir uma boca de lobo bem ali na esquina que transforma a rua num lago graÃ§as a obras na JÃºlio.,
Cachoeira do Sul,RS,Comentario,2022-07-14 23:53:36,fraan_marianna,,Muito legal isso mais os motorista nao respeita nem o pedestre imagina os animais,
Cachoeira do Sul,RS,Comentario,2022-07-15 00:14:42,righisk,,ParabÃ©ns pela brilhante ideia!,
Cachoeira do Sul,RS,Comentario,2022-07-15 02:25:39,fernandavidalpeixoto.adv,,Linda iniciativa!,
Cachoeira do Sul,RS,Comentario,2022-07-15 04:58:52,aninha_brendler,,ParabÃ©ns pela iniciativa!!!!!!! ğŸ™ğŸ‘ğŸ‘ğŸ‘ğŸ‘ğŸ‘ğŸ‘ğŸ‘ğŸ‘ğŸ‘ğŸ‘ğŸ‘ğŸ‘,
Cachoeira do Sul,RS,Comentario,2022-07-16 02:41:57,cidadaniaanimalcampinas,,ğŸ‘ğŸ‘ğŸ‘,
Cachoeira do Sul,RS,Comentario,2022-07-16 15:35:28,bethinazanenga,,ğŸ˜ğŸ˜ğŸ˜ğŸ˜ğŸ˜ğŸ˜ğŸ˜ğŸ˜,
Cachoeira do Sul,RS,Post,2022-07-13 11:58:01,prefeituradecachoeiradosul,"Hoje Ã© nosso aniversÃ¡rio! ğŸŠğŸŠ

ParabÃ©ns a todos que fizeram e fazem parte da SMEd e que construÃ­ram essa histÃ³ria ğŸ’™",,29
Cachoeira do Sul,RS,Comentario,2022-07-13 12:05:06,rozepasqualin,,Feliz aniversÃ¡rio!!!!ğŸ‚ğŸˆğŸ‘©ğŸ»â€ğŸ«ğŸ¥°,
Cachoeira do Sul,RS,Comentario,2022-07-13 12:30:18,patricia_miranda81,,ParabÃ©ns @smedcachoeiradosul. Sou feliz por ter feito parte desta equipe .,
Cachoeira do Sul,RS,Comentario,2022-07-13 14:58:02,ritadecassiadornelessouza,,"ParabÃ©ns Smed, 74 anos fazendo a diferenÃ§a na vida dos nossos estudantes e Ã  todos que construÃ­ram e constroem  parte dessa historia",
Cachoeira do Sul,RS,Post,2022-07-08 19:14:15,prefeituradecachoeiradosul,"PremiaÃ§Ã£o do SalÃ£o da InovaÃ§Ã£o ğŸ‘ğŸ‘
Nesta sexta, a vice-prefeita e secretÃ¡ria municipal de EducaÃ§Ã£o Angela Schuh participou do encerramento do SalÃ£o da InovaÃ§Ã£o, evento integrante do Inova Cachoeira,  promovido pela @cdlcachoeiradosul e parceiros

ğŸ“O SalÃ£o da InovaÃ§Ã£o reuniu 25 projetos nas categorias Universidade, Empresa, Escola TÃ©cnica e Ensino MÃ©dio

â¡ï¸ Em sua manifestaÃ§Ã£o, a vice-prefeita parabenizou os participantes e os premiados e desejou que a semente da inovaÃ§Ã£o frutifique em Cachoeira do Sul pois ""inovaÃ§Ã£o significa desenvolvimento social e econÃ´mico para a nossa cidade"".

@elidaboeck @nelsonazevedojr @vacsaszar ufsmcachoeiradosul @uergs @chaianeagne @prefeituradecachoeiradosul",,36
Cachoeira do Sul,RS,Comentario,2022-07-08 19:45:03,elidaboeck,,ğŸ‘ğŸ‘ğŸ‘,
Cachoeira do Sul,RS,Post,2022-07-08 18:44:54,prefeituradecachoeiradosul,"Programa Facilitadores/IPE SaÃºde inicia atendimentos em Cachoeira do Sul â¤µï¸

ğŸ“ Atendimento serÃ¡ junto Ã  UAB, na JÃºlio de Castilhos, de segunda a sexta, 
das 8h ao meio-dia e das 13:30 Ã s 17:30.

A servidora municipal Maria Simoni Butierres da Rosa serÃ¡ a responsÃ¡vel por atender os usuÃ¡rios do IPE SaÃºde que, em Cachoeira, chegam a quase 15 mil.",,30
Cachoeira do Sul,RS,Comentario,2022-07-09 19:58:21,edilaveloso,,ğŸ‘ğŸ‘ğŸ‘ğŸ‘,
Cachoeira do Sul,RS,Post,2022-07-06 11:41:15,prefeituradecachoeiradosul,"Turistando em Cachoeira

A 18Âª Trilha dos Arrozais Ã© uma aÃ§Ã£o do Jeep Club de Cachoeira do Sul. O evento procura reunir os jipeiros do Rio Grande Sul e de outros Estados para que os arrozais (lavouras de arroz) cachoeirenses sejam desbravados como nunca antes!!
Aventuras e novas amizades garantidas!! A recepÃ§Ã£o dos participantes de fora da cidade serÃ¡ na sexta-feira (08/07), na Ulbra. A trilha, composta por lavouras, paisagens de inverno e pontos histÃ³ricos, iniciarÃ¡ Ã s 9h, com tÃ©rmino previsto para 20h. 
HotÃ©is, restaurantes, bares e toda a comunidade estÃ£o prontos para receber os visitantes. Para mais informaÃ§Ãµes, os interessados podem fazer contato com o Giovane Steindorff pelo fone (51)999971941",,23
Cachoeira do Sul,RS,Post,2022-07-05 14:54:04,prefeituradecachoeiradosul,"O Edecon esclarece aos consumidores que, caso sintam-se lesados em situaÃ§Ã£o igual a esta, devem procurar ajuda jurÃ­dica e, conforme caso concreto, buscar na justiÃ§a a indenizaÃ§Ã£o por tal prÃ¡tica que fere o CÃ³digo de Defesa do Consumidor.",,72
Cachoeira do Sul,RS,Post,2022-07-04 22:37:01,prefeituradecachoeiradosul,Caravana Social da Secretaria de InclusÃ£o Social na Escola Estadual David Barcelos junto com a festa julina e comemoraÃ§Ã£o dos 74 anos da escola.,,104
Cachoeira do Sul,RS,Comentario,2022-07-04 22:39:44,itamarluzof,,ğŸ‘ğŸ‘ğŸ‘ğŸ™Œ,
Cachoeira do Sul,RS,Post,2022-06-29 18:32:25,prefeituradecachoeiradosul,,,17
Cachoeira do Sul,RS,Post,2022-06-28 20:30:50,prefeituradecachoeiradosul,"AmanhÃ£, no DiÃ¡rio Oficial EletrÃ´nico e no site da Fundatec âœ”ï¸",,42
Cachoeira do Sul,RS,Post,2022-06-27 19:20:11,prefeituradecachoeiradosul,"O canal TURISTANDO EM CACHOEIRA alÃ©m de divulgar os pontos turÃ­sticos do municÃ­pio, tambÃ©m apoia os eventos ofertados em Cachoeira do Sul:

O â€œInova Cachoeiraâ€ â€“ Semana de InovaÃ§Ã£o, organizado pela CÃ¢mara dos Dirigentes Lojistas - CDL, serÃ¡ realizado de 4 a 8 de julho,  no salÃ£o do ColÃ©gio Sinodal BarÃ£o do Rio Branco, no Sindicato do ComÃ©rcio Varejista de Cachoeira do Sul - Sindilojas, Parque da FENARROZ e no restaurante Chef Edson. Dentro da programaÃ§Ã£o serÃ¡ promovido tambÃ©m o 4Âº SalÃ£o de InovaÃ§Ã£o, que inclui apresentaÃ§Ã£o de trabalhos do meio acadÃªmico na Ã¡rea.

O evento foca criar uma disseminaÃ§Ã£o sobre inovaÃ§Ã£o nos negÃ³cios, trazendo ideias e informaÃ§Ãµes de trabalhos de inovaÃ§Ã£o para a cidade por intermÃ©dio de palestras nas Ã¡reas da ConstruÃ§Ã£o Civil, IndÃºstria, AgronegÃ³cio, EducaÃ§Ã£o e SaÃºde.",,11
Cachoeira do Sul,RS,Post,2022-06-27 12:24:33,prefeituradecachoeiradosul,"Museu restaura escultura tombada pelo IPHAN

Depois de vÃ¡rias horas de um trabalho minucioso, que exige muita calma e cuidado, o conservador-restaurador AndrÃ© Medeiros, que atua no Museu Municipal Edyr Lima, concluiu o processo de restauraÃ§Ã£o da escultura em madeira, atribuÃ­da aos povos das missÃµes. O artefato faz parte das primeiras doaÃ§Ãµes realizadas pelo advogado Dr. Edyr Lima, na Ã©poca, Patrono do Museu Municipal de Cachoeira do Sul.
 
Naquela ocasiÃ£o, foi elaborada uma lista dos objetos doados com uma breve descriÃ§Ã£o de cada um deles. No levantamento da documentaÃ§Ã£o gerida pelo museu, procedimento necessÃ¡rio ao trabalho de catalogaÃ§Ã£o do acervo, constatou-se algumas informaÃ§Ãµes importantes sobre o objeto. Uma delas Ã© que ela possui catalogaÃ§Ã£o no ServiÃ§o do PatrimÃ´nio HistÃ³rico e ArtÃ­stico Nacional (SPHAN) que hoje leva o nome de Instituto do PatrimÃ´nio HistÃ³rico e ArtÃ­stico Nacional (IPHAN). Na base da escultura, observa-se o registro de catalogaÃ§Ã£o RS/91-0001-355.
 
A peÃ§a Ã© esculpida em madeira (em um bloco), sem policromia. O talhe da peÃ§a Ã© erudito, com panejamento farto no manto, sugerindo movimento. A escultura religiosa jÃ¡ foi doada com os braÃ§os, cabeÃ§a e pernas mutilados e fixa em uma base redonda de madeira, colocada posteriormente. Acredita-se tratar-se da representaÃ§Ã£o de SÃ£o JoÃ£o Batista, mas nÃ£o hÃ¡ registros oficiais sobre isso.

â€œAs intervenÃ§Ãµes realizadas foram norteadas pelo respeito aos valores intrÃ­nsecos dos bens culturais, considerando seus aspectos fÃ­sicos e histÃ³ricosâ€, explica AndrÃ©. 
Devido ao seu valor histÃ³rico, foram preservados todas as caracterÃ­sticas e historicidade da peÃ§a.

Essa e outras peÃ§as do acervo do Museu Municipal Edyr Lima podem ser conferidas de terÃ§a a sexta das 8h30min Ã s 11h30min e das 14h as 17h.",,30
Cachoeira do Sul,RS,Post,2022-06-24 20:25:22,prefeituradecachoeiradosul,"InscriÃ§Ãµes gratuitas no dia do evento, das 7h Ã s 8:30, no ChatodÃ´ ğŸƒâ€â™€ï¸ğŸƒ",,43
Cachoeira do Sul,RS,Post,2022-06-22 20:23:31,prefeituradecachoeiradosul,"Trecho da Rua AparÃ­cio Borges serÃ¡ fechada para corte de Ã¡rvores no CemitÃ©rio Municipal

A Secretaria Municipal de Obras e a Secretaria Municipal de Meio Ambiente farÃ£o nesta quinta-feira o corte de trÃªs Ã¡rvores junto ao CemitÃ©rio Municipal. Para isso, a partir das 7h30min, serÃ¡ interrompido o trÃ¢nsito da Rua AparÃ­cio Borges entre Roberto Danzmann e Gabriel Almeida e serÃ¡ liberado apenas apÃ³s a conclusÃ£o do trabalho.

As trÃªs Ã¡rvores jÃ¡ passaram por avaliaÃ§Ã£o tÃ©cnica e estÃ£o em risco de queda, o que atingiria diretamente vÃ¡rios tÃºmulos. O serviÃ§o sÃ³ nÃ£o acontecerÃ¡ em caso de chuva forte.",,77
Cachoeira do Sul,RS,Comentario,2022-06-22 22:55:15,maraluciaschott,,"Que bom vÃ£o ser cortadas estas Ã¡rvores,porque me preocupo se derrubar os tÃºmulos porque tenho um lÃ¡ neste cemitÃ©rio,deve muitas Ã¡rvores antigas ainda que dia um perigo",
Cachoeira do Sul,RS,Comentario,2022-06-23 01:01:09,luiza_moraes19,,AmÃ©m senhor ğŸ™Œ,
Cachoeira do Sul,RS,Comentario,2022-06-23 01:53:03,leah_de_oliveira,,"Na Ãºltima vez que caiu um galho de uma destas Ã¡rvores, destruiu o tÃºmulo da nossa famÃ­lia.",
Cachoeira do Sul,RS,Post,2022-06-22 19:17:28,prefeituradecachoeiradosul,"Vice-prefeita Angela Schuh participou do 40Â° Congresso de MunicÃ­pios da @famurs 

ğŸ“Evento aconteceu no Recanto Maestro com o tema ""Conectar os municÃ­pios com o amanhÃ£"".

Acompanhou a vice-prefeita no evento a diretora do NÃºcleo da Cultura, Clarisse Torres Almeida.",,31
Cachoeira do Sul,RS,Post,2022-06-14 20:00:47,prefeituradecachoeiradosul,"ğŸ›¶ Formando CampeÃµes - Canoagem

 Em parceria com a AssociaÃ§Ã£o Cachoeirense de Canoagem e Ecologia, a SMEd promove o Projeto Formando CampeÃµes - Canoagem.

ğŸ“Alunos de qualquer escola da rede municipal podem se inscrever diretamente com a direÃ§Ã£o da Escola.

ğŸ›¶ As aulas acontecem de terÃ§a e quinta, das 14h Ã s 17h, junto Ã  sede da AssociaÃ§Ã£o, Ã s margens do JacuÃ­.",,30
Cachoeira do Sul,RS,Post,2022-06-14 15:26:24,prefeituradecachoeiradosul,Visite o estande na Prefeitura de Cachoeira do Sul entre 14 e 19 de junho durante a Fenarroz 2022.,,94
Cachoeira do Sul,RS,Post,2022-06-13 20:18:47,prefeituradecachoeiradosul,"Azeite Puro jÃ¡ tem licenÃ§a para instalaÃ§Ã£o

A Nostra Terra Agroindustrial Ltda, produtora do Azeite Puro, recebeu nesta segunda-feira (13) a sua licenÃ§a de instalaÃ§Ã£o. O documento foi entregue pela vice-prefeita Angela Schuh e secretÃ¡rio de Meio Ambiente, Geraldo Fogliarini ao diretor Fernando Farina.

A agroindÃºstria jÃ¡ possui um pomar de 5 anos com 150 hectares plantados e a expectativa Ã© produzir 100 mil litros de azeite por ano. AtÃ© agora, todas as olivas colhidas em Cachoeira do Sul pela Nostra Terra eram beneficiadas em CaÃ§apava do Sul. A meta Ã© na prÃ³xima safra, em fevereiro de 2023, jÃ¡ fazer o beneficiamento em Cachoeira.

A Nostra Terra tem uma Ã¡rea total de 8 hectares e a indÃºstria terÃ¡ 1.950,66 m2. A planta serÃ¡ no Piquiri, no trevo entre a BR 290 e BR 153. Durante a construÃ§Ã£o, devem ser gerados 50 postos de trabalho. No funcionamento da agroindÃºstria devem ser outros 10 empregos.

â€œA entrega desta licenÃ§a Ã© tambÃ©m muito importante para nÃ³s. Cada empreendimento que gera novos empregos Ã© sempre uma alegria ao Executivo. Isso mostra que estamos trabalhando e atingindo o objetivo de trazer oportunidades de emprego, permitindo o progresso e o desenvolvimento em nossa cidadeâ€, destacou a vice-prefeita.",,51
Cachoeira do Sul,RS,Post,2022-06-13 19:42:38,prefeituradecachoeiradosul,"Projeto MÃ£o na Horta, Alimento na Mesa segue beneficiando famÃ­lias

	O Projeto MÃ£o na Horta, Alimento na Mesa, realizado pela Secretaria Municipal da Agricultura e PecuÃ¡ria, Secretaria Municipal da InclusÃ£o Social e CRAS Frota, segue realizando suas atividades trÃªs vezes por semana e beneficiando as famÃ­lias participantes.
Ele completou um ano de atividades no mÃªs de maio deste ano e tem como parceiros: Prefeitura Municipal, UFSM, Emater, UERGS, alÃ©m de empresas privadas que fornecem mudas e sementes ao longo do ano. 
Atualmente oito famÃ­lias fazem parte do projeto, onde um membro de cada famÃ­lia estÃ¡ escalado para um dia na semana realizar as atividades propostas. A SMAP acompanha estas atividades prestando informaÃ§Ãµes e orientaÃ§Ãµes desde preparo de solo, plantio e semeadura, manejos e colheita. 
As famÃ­lias recebem os alimentos produzidos na horta comunitÃ¡ria conforme Ã©pocas de colheita de cada alimento, consumindo assim mais alimentos de qualidade e aprendendo em cada fase do projeto dinÃ¢micas que podem ser executadas no seu dia, residÃªncia e comunidade como alternativa de geraÃ§Ã£o de renda, alÃ©m dos benefÃ­cios de saÃºde fÃ­sica e mental que as atividades proporcionam.",,85
Cachoeira do Sul,RS,Post,2022-06-13 17:46:39,prefeituradecachoeiradosul,"AtenÃ§Ã£o moradores do Piquiri e regiÃ£o

Feira do Descarte da Secretaria de Meio Ambiente estarÃ¡ no salÃ£o da comunidade nos dias 23 e 24 de junho.",,4
Cachoeira do Sul,RS,Post,2022-06-13 16:44:03,prefeituradecachoeiradosul,"Sindilojas estÃ¡ recebendo lÃ¢mpadas para descarte

Uma das buscas da comunidade durante as Feiras e Semanas do Descarte promovidas pela Secretaria de Meio Ambiente Ã© encontrar um local para o descarte correto de lÃ¢mpadas em Cachoeira do Sul.
Por uma parceria com o Sindilojas atravÃ©s do presidente AntÃ´nio Trevisan, a entidade que jÃ¡ recebia material de seus associados agora receberÃ¡ tambÃ©m as lÃ¢mpadas de descarte da comunidade em geral, dando a destinaÃ§Ã£o correta. A entrega pode ser permanente e nÃ£o hÃ¡ dia especÃ­fico.
De acordo com o secretÃ¡rio de Meio Ambiente, Geraldo Fogliarini, a empresa que farÃ¡ recolhimento e a destinaÃ§Ã£o final terÃ¡ um cronograma de busca mensal do material, nÃ£o deixando lÃ¢mpadas acumuladas por muito tempo.",,23
Cachoeira do Sul,RS,Post,2022-06-10 14:52:16,prefeituradecachoeiradosul,"âš ï¸ Oportunidade para estudar de forma gratuita âš ï¸

Se vocÃª nÃ£o concluiu o ensino fundamental, ou conhece alguÃ©m que nÃ£o concluiu, presta atenÃ§Ã£o nessa dica: a rede municipal oferece vagas de EJA em 5 escolas!

ğŸ“ NÃ£o perca a chance de concluir seus estudos!",,10
Cachoeira do Sul,RS,Post,2022-06-10 14:05:21,prefeituradecachoeiradosul,"Casca da noz pecÃ£ pode ser a matÃ©ria-prima da indÃºstria argentina que virÃ¡ para Cachoeira

O prefeito JosÃ© OtÃ¡vio Germano recebeu nesta quinta-feira (09) a visita do empresÃ¡rio argentino Daniel Heter, proprietÃ¡rio da Maderas de la MesopotÃ¢mia, que deve em breve instalar em Cachoeira do Sul sua primeira indÃºstria brasileira. Atuando na produÃ§Ã£o de bioenergia atravÃ©s da casca de arroz, em Cachoeira o empreendimento deve ganhar uma nova matÃ©ria-prima: a casca da noz pecÃ£, material que atualmente nÃ£o tem utilizaÃ§Ã£o a nÃ£o ser para cobertura de solo.
Hetel, que foi convidado a vir a Cachoeira do Sul pela SecretÃ¡ria de IndÃºstria e ComÃ©rcio, Vanessa Csaszar, deve levar uma mostra do produto para a Argentina para fazer os testes necessÃ¡rios para avaliar a energia gerada pelos briquetes originados da casca da noz prensada. â€œProduzimos uma energia limpa, nÃ£o Ã© necessÃ¡rio o desmatamento. Usamos subprodutos, que prensados se tornam energia que podem ser utilizados principalmente em caldeirasâ€, explica o empresÃ¡rio. Em Cachoeira, a indÃºstria deve receber o nome de â€œBioenergia de la MesopotÃ¢miaâ€.
A procura pela Ã¡rea para implementaÃ§Ã£o do investimento comeÃ§ou na manhÃ£ desta quinta, quando dois pavilhÃµes foram visitados e um deles jÃ¡ agradou o investidor. Segundo ele, na Argentina ele jÃ¡ possui duas mÃ¡quinas disponÃ­veis, prontas para vir para Cachoeira do Sul. Cada uma delas tem capacidade de prensar 1500 quilos de briquetes por hora e a indÃºstria deve trabalhar 24 horas por dia. A meta Ã© gerar inicialmente 15 novos empregos, mas com a expectativa de chegar a 50 a 70 novos postos de trabalho.
JosÃ© OtÃ¡vio jÃ¡ comunicou ao empresÃ¡rio que a Prefeitura de Cachoeira do Sul se coloca Ã  disposiÃ§Ã£o para auxiliar no pagamento do aluguel do prÃ©dio do investimento por um ano. ""A vinda desta indÃºstria abre um pÃ³rtico para Cachoeira. Trabalhando bem esta oportunidade, podemos transformar nossa cidade em um polo vocacionado para a geraÃ§Ã£o de energia limpa, pois jÃ¡ sabemos que matÃ©ria prima temos aqui. AlÃ©m da casca de arroz, sabemos agora que a casca da noz tem tambÃ©m este grande potencial"", comemorou o prefeito.",,27
Cachoeira do Sul,RS,Post,2022-06-09 01:44:18,prefeituradecachoeiradosul,"Cabeceira de ponte no Bosque cai e trÃ¢nsito fica interrompido no local

A Secretaria Municipal de Interior precisou interromper o trÃ¢nsito na ponte sobre o Rio Botucarai, no Bosque, divisa com Candelaria.

De acordo com a secretÃ¡ria Carolina Larrondo, devido Ã s chuvas dos Ãºltimos dias e a cheia do rio, a cabeceira da ponte acabou cedendo, deixando vÃ¡rios buracos no local. 

""Passar por essa ponte Ã© muito perigoso e como ela Ã© usada inclusive para a travessia de veÃ­culos escolares, decidimos por seguranÃ§a interromper totalmente o trÃ¢nsito por ela"", justificou. O local recebeu sinalizaÃ§Ã£o alertando sobre o problema.

 A Secretaria de Interior planeja iniciar a recuperaÃ§Ã£o da cabeceira ainda nesta quinta-feira.

Importante

AtÃ© o trabalho estar concluÃ­do o desvio Ã© pela ERS 287 (passando por Candelaria) ou por Novo Cabrais.",,22
Cachoeira do Sul,RS,Post,2022-06-08 18:45:02,prefeituradecachoeiradosul,"Sicredi doa placas para identificaÃ§Ã£o de localidades do interior

O Sicredi Centro Leste fez a entrega de 35 placas confeccionadas com a identificaÃ§Ã£o e indicaÃ§Ã£o de localidades do interior do municÃ­pio. O pedido foi da Secretaria de Agricultura e da Secretaria do Interior para facilitar que as pessoas que transitam pelo interior de Cachoeira possam se localizar. 

As placas sÃ£o pintadas e foram totalmente custeadas pela Sicredi e a instalaÃ§Ã£o serÃ¡ feita pela equipe da Secretaria do Interior. A iniciativa Ã© uma forma de sinalizar o meio rural e tambÃ©m incentivar o cicloturismo nas estradas do interior, facilitando a localizaÃ§Ã£o dos ciclistas. De acordo com o presidente da Sicredi, Paulo Alex FalcÃ£o, um a nova remessa de placa serÃ¡ confeccionada para a identificaÃ§Ã£o de novas localidades.",,66
Cachoeira do Sul,RS,Comentario,2022-06-08 19:58:16,adroaldo16,,Placas fora das normas do CONTRAN.,
Cachoeira do Sul,RS,Post,2022-06-08 00:44:21,prefeituradecachoeiradosul,"Cachoeira do Sul recebendo do Ministro da EducaÃ§Ã£o, Victor Godoy, a certificaÃ§Ã£o da Escola CÃ­vico-Militar Dinah Neri Pereira e a placa de MenÃ§Ã£o de Reconhecimento para a SecretÃ¡ria Municipal de EducaÃ§Ã£o, Angela Schumacher Schuh, em BrasÃ­lia.",,98
Cachoeira do Sul,RS,Post,2022-06-08 00:36:09,prefeituradecachoeiradosul,"Em evento em BrasÃ­lia, nesta terÃ§a-feira, Cachoeira do Sul recebeu a certificaÃ§Ã£o da Escola CÃ­vico-Militar Dinah Neri Pereira  e a placa de MenÃ§Ã£o de Reconhecimento para a SecretÃ¡ria Municipal de EducaÃ§Ã£o, Angela Schumacher Schuh.",,39
Cachoeira do Sul,RS,Comentario,2022-06-08 00:55:37,andreaporto2016,,ğŸ‘ğŸ‘ğŸ‘ğŸ‘â¤ï¸,
Cachoeira do Sul,RS,Comentario,2022-06-08 01:12:59,ritadecassiadornelessouza,,ğŸ‘ğŸ‘ğŸ‘ğŸ˜,
Cachoeira do Sul,RS,Comentario,2022-06-08 10:59:27,regina.wolff.921,,ğŸ‘ğŸ‘ğŸ‘â¤ï¸â¤ï¸coisa linda! ParabÃ©ns.,
Cachoeira do Sul,RS,Post,2022-06-06 17:30:25,prefeituradecachoeiradosul,"Cicloturismo em Cachoeira do Sul entra em pauta 

A Secretaria Municipal de Turismo, Esporte e Lazer (SMTEL), honrando seu compromisso de fomentar a atividade cicloturÃ­stica no municÃ­pio e regiÃ£o, atravÃ©s de parcerias e cooperaÃ§Ãµes entre os setores pÃºblico, privado e acadÃªmico, participou de um encontro tÃ©cnico ocorrido no LaboratÃ³rio do NÃºcleo de Estudos em GestÃ£o de Riscos e Infraestrutura (GRIN)da UFSM/Cachoeira do Sul. 

A pauta do encontro foi o planejamento da primeira rota de cicloturismo supervisionada do municÃ­pio, com foco na diversidade de atrativos, na priorizaÃ§Ã£o de vias secundÃ¡rias e na seguranÃ§a que deve ser proporcionada ao cicloturista, a partir de uma sinalizaÃ§Ã£o especÃ­fica.

A rota, que estÃ¡ sendo definida, interligarÃ¡ as zonas urbana e rural. AtravÃ©s da anÃ¡lise, que serÃ¡ realizada pelo GRIN, serÃ£o definidos os pontos que deverÃ£o receber a sinalizaÃ§Ã£o, por intermÃ©dio de placas ou totens, bem como, quais informaÃ§Ãµes serÃ£o ofertadas.
Por intermÃ©dio de seu assessor, a Deputada Estadual ZilÃ¡ Breitenbach, comprometeu-se a somar ao processo de execuÃ§Ã£o de tal projeto, atravÃ©s do repasse de emendas, considerando a Lei 34/2021, de sua autoria, que institui incentivos ao desenvolvimento do cicloturismo.",,28
Cachoeira do Sul,RS,Comentario,2022-06-06 20:25:17,ciprianof199,,ğŸ‘,
Cachoeira do Sul,RS,Post,2022-06-02 15:00:57,prefeituradecachoeiradosul,"ğŸ“š SMEd e SENAC disponibilizarÃ£o reforÃ§o escolar no contraturno para alunos da rede municipal

â†ªï¸ Os alunos que participarÃ£o das oficinas, que devem iniciar em agosto, foram selecionados atravÃ©s de avaliaÃ§Ã£o diagnÃ³stica e testes de fluÃªncia em leitura feitos pelos prÃ³prios professores, a pedido da SMEd.

Leia mais sobre a parceria no link que postamos no story â¡ï¸",,31
Cachoeira do Sul,RS,Post,2022-06-02 11:23:46,prefeituradecachoeiradosul,As pessoas que tiverem cobertores para doaÃ§Ã£o podem acionar a Defesa Civil. Eles vÃ£o agendar e ir na sua residÃªncia buscar.,,11
Cachoeira do Sul,RS,Post,2022-05-25 18:24:42,prefeituradecachoeiradosul,"ComeÃ§a nesta quinta-feira o Programa de RecuperaÃ§Ã£o de CrÃ©dito com a Prefeitura

Inicia nesta quinta-feira (26) o Programa de RecuperaÃ§Ã£o de CrÃ©dito da Prefeitura de Cachoeira do Sul. Ele Ã© destinado a promover a regularizaÃ§Ã£o de crÃ©ditos do MunicÃ­pio. O devedor pode ser pessoa fÃ­sica ou jurÃ­dica, com dÃ©bitos de natureza tributÃ¡ria ou nÃ£o, inscritos em dÃ­vida ativa, ajuizados ou a ajuizar, protestados ou nÃ£o, parcelados ou nÃ£o, com exigibilidade suspensa ou nÃ£o.

Com ele, serÃ¡ possÃ­vel negociar dÃ­vida referente a impostos com o MunicÃ­pio fazendo pagamento em quota Ãºnica atÃ© 30 de junho com 100% de desconto no valor de juros de mora e multa. Quem optar pelo pagamento atÃ© 31 de agosto, terÃ¡ 70% de desconto do valor de mora e multa. JÃ¡ para pagamento atÃ© 31 de Outubro, haverÃ¡ 50% de desconto do valor de mora e multa.

Ainda existe a possibilidade de pagamento parcelado em atÃ© 6 vezes com 30% de desconto do valor de mora e multa, com valor mÃ­nimo de parcela de R$100,00. Quando houver atraso do pagamento das parcelas, o contribuinte estarÃ¡ sujeito a cobranÃ§a de juros e multas.

InformaÃ§Ãµes

Secretaria Municipal da Fazenda
Rua Moron, 1013 â€“ Esquina com Rua General CÃ¢mara
Telefone: 51.3724 6056.

Importante

NÃ£o poderÃ£o ser negociados por meio do Programa de RecuperaÃ§Ã£o de CrÃ©ditos, os crÃ©ditos municipais oriundos de tributos que tenham fato gerador ocorrido no mesmo exercÃ­cio da data da adesÃ£o ao programa.

Uma pergunta

O pagamento via PIX jÃ¡ vale para o Programa de RecuperaÃ§Ã£o de CrÃ©dito?

Sim. Todos os contribuintes que gerarem novos boletos para pagamento de taxas ou impostos com a Prefeitura de Cachoeira do Sul jÃ¡ podem utilizar o pagamento via PIX.",,7
Cachoeira do Sul,RS,Comentario,2022-05-28 20:18:30,amayprates,,Como consigo anunciar algumas vagas disponÃ­veis em uma obra aÃ­ na cidade????,
Cachoeira do Sul,RS,Post,2022-05-25 18:23:03,prefeituradecachoeiradosul,"Comitiva de Cachoeira confirma projeto da Ponte do Fandango para 2022

A comitiva de Cachoeira do Sul que esteve em BrasÃ­lia para um encontro no final da tarde desta terÃ§a-feira no MinistÃ©rio de Infraestrutura para tratar da obra da Ponte do Fandango, recebeu a informaÃ§Ã£o do ministro Marcelo Sampaio Cunha Filho de que o projeto estarÃ¡ pronto atÃ© o mÃªs de agosto.
Esse prazo atÃ© agosto se dÃ¡ para garantia de revisÃ£o do anteprojeto com os orÃ§amentos necessÃ¡rios para entÃ£o ir para licitaÃ§Ã£o e depois contrataÃ§Ã£o. ApÃ³s a assinatura do contrato, sÃ£o mais 18 meses de obra, que deve ser contratada na modalidade Regime Diferenciado de ContrataÃ§Ãµes que permite a contrataÃ§Ã£o emergencial de obras de engenharia. Nesta modalidade, o orÃ§amento fica em sigilo atÃ© a realizaÃ§Ã£o da licitaÃ§Ã£o.
Com relaÃ§Ã£o aos recursos, o ministro voltou a afirmar, assim como jÃ¡ havia sido afirmado pelo Presidente Jair Bolsonaro, de que ele estÃ¡ garantido jÃ¡ para 2022 e que trata-se sim de uma obra prioritÃ¡ria ao Governo Federal. O valor da obra ainda nÃ£o estÃ¡ definido.
A comitiva de Cachoeira foi formada pela vice-prefeita Angela Schuh, o secretÃ¡rio de Obras, Marcos Carneiro, o de Agricultura, Fernando Cantarelli, o vereador Marcelo Martins, o Deputado Federal Afonso Hann e a Deputada Estadual, ZilÃ¡ Breitenbach. AlÃ©m do Ministro, participaram do encontro o SecretÃ¡rio-Executivo, Bruno EustÃ¡quio, o diretor-presidente do Dnit, general Santos Filho e o superintendente regional do Dnit no Rio Grande do Sul, Hiratan Pinheiro da Silva 

Passagem de caminhÃµes de 24 toneladas

Como jÃ¡ existe a certeza de que a conclusÃ£o da obra levarÃ¡ vÃ¡rios meses, foi  levantada a questÃ£o sobre a passagem de caminhÃµes de atÃ© 24 toneladas. A opÃ§Ã£o levantada foi a colocaÃ§Ã£o de uma balanÃ§a eletrÃ´nica de fita que mede o peso dos eixos. 
O Dnit ficou encarregado de fazer um estudo para definir a viabilidade e contrataÃ§Ã£o do equipamento. A passagem de veÃ­culos de mais de 24 toneladas foi descartada atÃ© a conclusÃ£o da obra.",,32
Cachoeira do Sul,RS,Post,2022-05-24 19:58:20,prefeituradecachoeiradosul,"Secretaria de Obras informa: conclusÃ£o de obra na Rua Alarico Ribeiro (um poste havia sido colocado em cima da tubulaÃ§Ã£o, rompendo os canos)
- trocados 5 tubos de 30
- 6 servidores
- 1 retroescavadeira.",,27
