Caibi,SC,Post,2022-09-20 10:49:25,prefeituracaibi,"CAMPEONATO MUNICIPAL DE VOLEIBOL INICIAR√Å NESTE DOMINGO

Inicia no pr√≥ximo domingo (25), mais um campeonato municipal, trata-se do municipal de voleibol de quadra, naipes masculino e feminino. Ao todo 12 equipes e mais de 150 atletas participar√£o do evento que promete movimentar as quadras at√© o m√™s de novembro.
Os interessados em participar se inscreveram na CME ou nos treinamentos que s√£o semanalmente efetuados e posteriormente as equipes foram montadas pela CME e uma comiss√£o analisou todos os inscritos, procurando deixar as equipes no mesmo n√≠vel de competi√ß√£o. 
De acordo com o diretor de esportes de Caibi Leonardo Vanzeto o campeonato ser√° muito bom e servir√° para fomentar e estimular ainda mais a pratica do voleibol em nosso munic√≠pio ‚Äúanos atr√°s o voleibol de Caibi sempre foi muito forte, quando retomamos a modalidade ainda antes da pandemia a ideia era promover competi√ß√µes para que mais pessoas viessem a jogar e confraternizar com o v√¥lei, tenho certeza que ser√° uma √≥tima oportunidade para isso‚Äù destaca Leonardo.
Confira as tabelas das primeiras rodadas.",,4
Caibi,SC,Post,2022-09-20 10:05:57,prefeituracaibi,"√â amanh√£! 
V√° at√© a unidade de sa√∫de e participe do movimento ‚Äúum ch√° pela vida‚Äù üíõ",,5
Caibi,SC,Post,2022-09-19 21:16:34,prefeituracaibi,Boletins atualizados,,1
Caibi,SC,Post,2022-09-19 16:38:18,prefeituracaibi,"üî∏ AVISO DE LICITA√á√ÉO üî∏
üî® PREG√ÉO ELETR√îNICO üî®
üëâ OBJETO: CONTRATA√á√ÉO DE EMPRESA ESPECIALIZADA NA PRESTA√á√ÉO DE SERVI√áOS DE SEGUROS PARA FROTA DE VE√çCULOS DO MUNICIPIO DE CAIBI ‚ÄìSC

üëâ Recebimento das propostas das 08h00min horas do dia 20/09/2022 at√© as 08h00min do dia 30/09/2022; 
- Abertura das propostas: 30/09/2022 √†s 08h01min

üíªMais informa√ß√µes em: https://caibi.sc.gov.br/licitacao/licitacao-pregao-eletronico-n-047-2022/",,3
Caibi,SC,Post,2022-09-19 14:30:10,prefeituracaibi,"‚ö†ATEN√á√ÉO‚ö†

A audi√™ncia p√∫blica que estava marcada para esta segunda-feira (19), foi cancelada, outra data ser√° marcada e divulgada.",,6
Caibi,SC,Post,2022-09-19 13:36:14,prefeituracaibi,"COMPETI√á√ïES MOVIMENTAM O ESPORTE NA MICROREGI√ÉO ONDE CAIBI EST√Å INSERIDA

A partir desta semana inicia na microrregi√£o da CRE de Palmitos (antiga ADR), eventos esportivos com a participa√ß√£o dos 8 munic√≠pios que fazem parte da mesma.
As modalidades de Bocha Rafa Vollo masculina e feminina, Voleibol Adulto de quadra masculino e Feminino s√£o as primeiras que j√° se iniciam nesta semana, posteriormente acontecer√° o festival de voleibol infantil, e o regional de futebol sete, categorias m√°ster e veteranos. O munic√≠pio de Caibi estar√° participando em todas as modalidades, e a expectativa √© de grande participa√ß√£o tendo em vista a prepara√ß√£o realizada durante os √∫ltimos meses.
Na bocha rafa Vollo, ambas as equipes jogam em casa diante Cunha-Por√£ nesta ter√ßa dia 20 com o feminino, j√° na quinta, dia 22, √© a vez do masculino e os jogos acontecem na cancha do E. C. Juventude.
No voleibol de quadra, a primeira rodada as equipes Caibienses folgam, a estreia est√° prevista para dia 27 na cidade de Cunha-Por√£ contra as equipes da casa. J√° o festival de voleibol de quadra infantil acontecer√° em Caibi no dia 12 de outubro, ainda com tabela a ser divulgada. 
J√° o regional de futebol sete m√°ster e veteranos o in√≠cio est√° previsto para a segunda quinzena de outubro, tabelas e dias de jogos ainda n√£o foram divulgados, por√©m todos os munic√≠pios da CRE far√£o parte.
Para o diretor de esportes, Leonardo Vanzeto os eventos que est√£o iniciando est√£o dentro da programa√ß√£o e do cronograma ‚Äúsempre que nos reunimos procuramos fazer eventos em todas as modalidades que existem nos munic√≠pios, nossa microrregi√£o √© destaque no estado pela organiza√ß√£o, planejamento e execu√ß√£o dos eventos, sempre fortalecendo e deixando o esporte em evidencia‚Äù destaca Vanzeto.",,18
Caibi,SC,Post,2022-09-17 10:02:04,prefeituracaibi,"No programa de hoje, conversaremos com o Prefeito √âder Picoli e com o engenheiro agr√¥nomo da Epagri √Ålvaro Poleto. 
Acompanhe!",,0
Caibi,SC,Post,2022-09-16 20:33:12,prefeituracaibi,Boletins atualizados,,0
Caibi,SC,Post,2022-09-16 18:14:14,prefeituracaibi,Errata!,,3
Caibi,SC,Post,2022-09-16 14:17:22,prefeituracaibi,"ADMINISTRA√á√ÉO MUNICIPAL DE CAIBI REALIZA A REESTRUTURA√á√ÉO DO PLANO DE CARGOS, CARREIRAS E VENCIMENTOS DOS PROFISISONAIS DO MAGIST√âRIO P√öBLICO MUNICIPAL
A Administra√ß√£o Municipal de Caibi, atrav√©s da Secretaria Municipal de Educa√ß√£o, finalizou nesta segunda-feira (12), as mudan√ßas no Plano de Cargos, Carreiras e Vencimentos dos Profissionais do Magist√©rio P√∫blico Municipal de Caibi. 
Este plano n√£o era revisto desde o ano de 2004, e ap√≥s longos debates com a comiss√£o, formada por integrantes da Administra√ß√£o Municipal, indicados pelo Prefeito e integrantes indicados pelo Sindicato dos Servidores P√∫blicos, chegou-se √† reda√ß√£o final do Projeto de Lei Complementar 41/2022. Este projeto tem como objetivo reestruturar a carreira dos profissionais que atuam na rede municipal de ensino, com a garantia do pagamento do piso nacional aos profissionais do Magist√©rio e modernizar a estrutura da Secretaria Municipal de Educa√ß√£o. 
Conforme destaca a Diretora Pedag√≥gica da Secretaria Municipal de Educa√ß√£o, Beatriz Andreolli, algumas altera√ß√µes foram realizadas, como a gest√£o democr√°tica das escolas com elei√ß√£o da diretora e coordenadora pedag√≥gica e a cria√ß√£o da equipe multidisciplinar (nutricionista e psic√≥loga). Tamb√©m est√° previsto neste plano, a cria√ß√£o de cargos efetivos de Assistente Administrativo Educacional e Agente Administrativo Escolar. Tamb√©m o pagamento de abono de perman√™ncia aos profissionais que se aposentarem, mas que continuarem trabalhando por at√© cinco anos. Para os profissionais que n√£o faltarem ao trabalho, ser√° efetuado o pagamento de uma gratifica√ß√£o por assiduidade. Tamb√©m ser√° criado o cargo de Agente Educativo (extinto o cargo de auxiliar de classe conforme passado o tempo), e Professor de Inform√°tica com conte√∫do dentro da grade curricular do munic√≠pio dentre outras mudan√ßas. 

(Continua nos coment√°rios)",,27
Caibi,SC,Comentario,2022-09-16 14:25:47,prefeituracaibi,,"Para Ducelia Naibo, Secret√°ria Municipal de Educa√ß√£o, Cultura e Esporte, ‚Äúvejo como importante esta reestrutura√ß√£o do plano de carreira, pois era uma das metas de governo de √âder e Leonardo, e poder conclu√≠-la nos deixa feliz. Tamb√©m dentro deste plano, est√£o inseridas outras propostas de governo, que ap√≥s aprovado pelos vereadores, ser√£o colocadas em pr√°tica. √â uma satisfa√ß√£o em poder fazer parte deste momento hist√≥rico, em poder atender as solicita√ß√µes dos profissionais do magist√©rio p√∫blico municipal dentro do que a legisla√ß√£o permite. A comiss√£o foi formada com representantes dos professores, auxiliares, poder p√∫blico, sindicato e vereadores, pois foi de extrema import√¢ncia este di√°logo para a reestrutura√ß√£o do plano‚Äù, destaca. 
O PLC foi encaminhado para a C√¢mara de Vereadores na √∫ltima segunda-feira (12), onde j√° passou para leitura e nas pr√≥ximas sess√µes ser√° discutido e votado pelos mesmos. Ap√≥s, entrar√° em vigor, salvo algumas altera√ß√µes que dever√£o ser analisadas dentro das escolas para o pr√≥ximo ano.",
Caibi,SC,Comentario,2022-09-16 14:26:19,prefeituracaibi,,"Para Beatriz, ‚Äú√© uma satisfa√ß√£o poder fazer parte dessa reestrutura√ß√£o do plano de carreira dos profissionais da educa√ß√£o, pois no ano de 2004, na √©poca exercendo o cargo de Secret√°ria de Educa√ß√£o, foi realizado algumas mudan√ßas at√© ent√£o n√£o tinha mais sido revisto. Sabemos que √© necess√°rio valorizar o profissionais da educa√ß√£o, se o ensino no munic√≠pio vai bem, tem um profissional qualificado e motivado na sala de aula, precisamos valorizara-los, essa atualiza√ß√£o no plano vem ao encontro com o que os profissionais reivindicavam e que as legisla√ß√µes garantem‚Äù.
Para o Prefeito √âder Picoli, o qual esteve presente na maior parte das reuni√µes de discuss√£o deste plano, ‚Äúvaloriza√ß√£o do professor. √â um momento hist√≥rico para a educa√ß√£o Caibiense e em especial aos nossos queridos professores e auxiliares de classe. Desde 2004 que n√£o era realizado a atualiza√ß√£o do Plano de Carreira. Em um grande ato de coragem do Poder Executivo, C√¢mara de Vereadores, Sindicato dos Servidores atrav√©s da Coordena√ß√£o da Sra V√¢nia e de nossos professores, realizamos o estudo e atualiza√ß√£o deste importante documento que garante os direitos e atribui√ß√µes aos Professores e Auxiliares da Rede Municipal de Ensino, obrigado a todos que contribu√≠ram para o bom entendimento e para a realiza√ß√£o deste plano‚Äù, destaca.",
Caibi,SC,Post,2022-09-15 20:34:23,prefeituracaibi,Boletins atualizados,,4
Caibi,SC,Post,2022-09-15 14:00:13,prefeituracaibi,"#Registro 

Nesta quarta-feira (14), foi realizada mais uma detona√ß√£o de rochas para utiliza√ß√£o nas estradas do munic√≠pio. O Prefeito √âder Picoli esteve acompanhando a detona√ß√£o.
O material passar√° ainda pelo britador para depois ser colocado nas estradas, acessos e p√°tios, conforme demanda no DMER. 
Mais uma a√ß√£o da Administra√ß√£o Municipal de Caibi, em prol dos mun√≠cipes caibienses.",,28
Caibi,SC,Post,2022-09-15 13:30:06,prefeituracaibi,"PALESTRA BOVINOCULTURA DE CORTE
üêÆüêÉüêÇ
Participe desta importante palestra com o M√©dico Veterin√°rio Ramiro Bonotto, sobre Bovinocultura de Corte.
No dia 29 de setembro, √†s 19h30min no Centro dos Idosos. 
Palestra gratuita e de extrema import√¢ncia para os criadores e interessados.",,3
Caibi,SC,Post,2022-09-15 13:16:55,prefeituracaibi,"INSCRI√á√ïES ABERTAS 

Est√° interessado em realizar o curso de Apicultura? 
Entre em contato com a Secretaria Municipal de Agricultura e fa√ßa a sua inscri√ß√£o. Curso gratuito.
Aproveite!",,4
Caibi,SC,Post,2022-09-15 12:10:27,prefeituracaibi,"#Registro 

Iniciou nesta semana os trabalhos da primeira fase da cobertura em frente √† Unidade de Sa√∫de de Caibi. 
A estimativa √© de que at√© a pr√≥xima semana os trabalhos sejam conclu√≠dos por parte da empresa contratada. 
Esta √© mais uma a√ß√£o para oferecer qualidade no atendimento dos mun√≠cipes que necessitam a utiliza√ß√£o deste local, oferecendo mais conforto e abrigo em dias chuvosos ou de dias quentes. 
Conforme destaca o Prefeito √âder Picoli, ""a necessidade de cobertura em frente ao posto de sa√∫de n√£o surgiu agora no meu mandato, mas estou muito feliz com essa a√ß√£o, pois estamos tirando grandes projetos da gaveta e executando. Cuidar da sa√∫de √© cuidar da vida das pessoas e essa √© uma de nossas prioridades"", destaca.",,62
Caibi,SC,Comentario,2022-09-15 15:48:16,carmevitsrki,,Vai ficar lindo...e ainda vai proteger o povo que vai no posto do sol e da chuva.  Parab√©ns prefeito üëèüèºüëèüèºüëèüèº,
Caibi,SC,Comentario,2022-09-15 17:13:43,anilvabierende,,üëèüëè,
Caibi,SC,Comentario,2022-09-15 19:57:49,cristina.pinheiro.790256,,‚ù§Ô∏èüôå,
Caibi,SC,Post,2022-09-15 11:29:05,prefeituracaibi,"üî∏ AVISO DE LICITA√á√ÉO üî∏

üëâ OBJETO: AQUISI√á√ÉO DE SERVI√áOS DE PERFURA√á√ÉO E DETONA√á√ÉO DE METROS LINEAR DE ROCHA, INCLUINDO O FORNECIMENTO DE EXPLOSIVOS E OUTROS ACESS√ìRIOS PARA A EXECU√á√ÉO DOS SERVI√áOS.

üëâ Abertura das propostas: 26/09/2022

Mais informa√ß√µes em: https://caibi.sc.gov.br/licitacao/licitacao-pregao-eletronico-n-046-2022/",,0
Caibi,SC,Post,2022-09-15 11:05:00,prefeituracaibi,"üî∏ AVISO DE LICITA√á√ÉO üî∏

üëâ OBJETO: REGISTRO DE PRE√áOS PARA EVENTUAL AQUISI√á√ÉO DE GRAMA, ARBUSTROS, PALMEIRAS E INSUMOS DIVERSOS PARA USO EM √ÅREAS P√öBLICAS DO MUNICIPIO.

üëâ Abertura das propostas:  21/09/2022

Mais informa√ß√µes em: https://caibi.sc.gov.br/licitacao/licitacao-pregao-eletronico-n-045-2022/",,0
Caibi,SC,Post,2022-09-14 20:47:08,prefeituracaibi,"Neste s√°bado tem jogo!

Segunda rodada do municipal de futebol de campo. 
Confira a tabela",,7
Caibi,SC,Post,2022-09-14 20:25:30,prefeituracaibi,Boletins atualizados!,,2
Caibi,SC,Post,2022-09-14 20:12:25,prefeituracaibi,"MUNICIPAL DE BOCHA 48

Nesta sexta-feira (16), tem rodada do campeonato municipal de bocha 48, Ta√ßa Mercado Todescato.
Confira a tabela.",,2
Caibi,SC,Post,2022-09-14 19:59:57,prefeituracaibi,VENHA PRESTIGIAR üéó,,1
Caibi,SC,Post,2022-09-14 18:34:44,prefeituracaibi,"DOCE NATAL DE CAIBI
üéÑüéÖ
Neste ano, o Grande Desfile retornar√° üéÑ
Voc√™, caibiense, quer participar? 
Venha at√© a Prefeitura e fa√ßa a sua inscri√ß√£o, at√© dia 30 de setembro.
Aguardamos voc√™ üéÖ",,9
Caibi,SC,Post,2022-09-14 18:33:37,prefeituracaibi,"CAIBI DE OPORTUNIDADES

Contrata-se:
üëâ 1 operador de caixa 
üëâ 2 vagas (mulher ) servi√ßos gerais ( limpeza /cozinha ) 
üî∏ Hor√°rio da empresa: 06:00 √†s 23:00 (sendo 08h20 cada turno com 1h de intervalo)
Enviar curriculo para: 49 9 98282641 ou 55 999623282",,5
Caibi,SC,Post,2022-09-14 14:15:09,prefeituracaibi,"GRUPO DE CAIBIENSES VISITAM ROTA TUR√çSTICA EM ITAPIRANGA
No dia 01 de setembro, um grupo de caibienses realizaram uma miss√£o t√©cnica ao munic√≠pio de Itapiranga, a fim de conhecer a rota tur√≠stica, trocar experi√™ncias para poder aplicar de alguma forma no munic√≠pio de Caibi.
Conforme destaca a Diretora de Desenvolvimento Econ√¥mico e Turismo de Caibi, Silmara Bratz, ‚Äúo objetivo principal foi conhecer os pontos tur√≠sticos daquele munic√≠pio, onde o grupo p√¥de ter v√°rias experi√™ncias. Foi um momento de ouvirmos como tudo come√ßou por l√°, trocamos informa√ß√µes, modelos de trabalho, o que deu certo e o que podemos melhorar nas propriedades e nos atrativos de Caibi‚Äù, destaca.
O grupo que realizou a visita t√©cnica foi formado por membros do conselho de turismo, grupo de turismo e bem-estar, grupo religioso, de eventos e grupo rural. Estes grupos foram definidos para trabalhar a rota tur√≠stica de Caibi que est√° em desenvolvimento. 
Os locais visitados em Itapiranga foram: Stoffel Turismo Rural, Igreja Popi ‚Äì S√£o Rafael, Arte em Pedras, Sabores da Ro√ßa Agroturismo, Centro Hist√≥rico Germ√¢nico e a Cervejaria Lassberg. Esta √© uma das visitas programadas para o decorrer dos trabalhos com os grupos que integram a rota tur√≠stica de Caibi.",,27
Caibi,SC,Post,2022-09-14 11:46:53,prefeituracaibi,Participe!,,2
Caibi,SC,Post,2022-09-13 20:36:40,prefeituracaibi,Boletins atualizados,,4
Caibi,SC,Post,2022-09-13 19:17:46,prefeituracaibi,"CAIBI DE OPORTUNIDADES

DENTAL HIGIX CONTRATA:
üëâ Para o Setor Administrativo
üî∏ Requisitos:
- Ser comunicativo, organizado, proativo, pontual
- Conhecimento em planilha e que tenha disponibilidade em aprender.
Curr√≠culos podem ser entregues na empresa:
üìçRua Egidio Ferronato, 188, √Årea Industrial, Caibi.
üíª dental@higix.com.br
üì≤ (49) 3648.0872",,16
Caibi,SC,Post,2022-09-12 20:28:06,prefeituracaibi,Boletins atualizados,,6
Caibi,SC,Post,2022-09-12 19:54:42,prefeituracaibi,"UM CH√Å PELA VIDA""

Participe deste momento especial.
Dia 21, na Unidade de Sa√∫de de Caibi.",,4
Caibi,SC,Post,2022-09-12 17:48:54,prefeituracaibi,‚ö† ATEN√á√ÉO ‚ö†,,7
Caibi,SC,Post,2022-09-12 14:25:24,prefeituracaibi,"CORAL PRIMAVERA REALIZA 11¬∫ ENCONTRO DE CORAIS ITALIANOS EM CAIBI
Aconteceu neste domingo (11), o 11¬™ Encontro de Corais Italianos em Caibi, onde contou com a participa√ß√£o de 11 corais da regi√£o e 2 corais de Caibi. Este evento foi organizado pelo anfitri√£o, Coral Primavera.
Logo no in√≠cio da manh√£, foi servido caf√© da manh√£ aos grupos visitantes e √†s 9h45min, na Igreja Matriz S√£o Domingos, iniciou o encontro, onde cada grupo apresentou 2 m√∫sicas italianas ou em portugu√™s. Ao meio dia foi servido almo√ßo t√≠pico italiano no sal√£o paroquial com tarde dan√ßante.
Conforme destaca o Prefeito √âder Picoli, ‚Äúesses encontros nos alegram, ter a presen√ßa de corais de toda a regi√£o nos deixa feliz, pois prevalece o respeito, o amor pela cultura e a amizade entre as pessoas. A nossa Administra√ß√£o incentiva o cultivo √† tradi√ß√£o. Estamos imensamente felizes, esperamos que cada um volte para casa com um pouco de Caibi no cora√ß√£o. Parabenizo tamb√©m ao Coral Primavera pela organiza√ß√£o e a todos que se envolveram para que esse dia fosse um sucesso‚Äù, complementa.
Os corais que participaram vieram das cidades de Riqueza, Ipor√£ do Oeste, Descanso, Maravilha, Palma Sola, Planalto Alegre, Nova Erechim, Caxambu do Sul, Pinhalzinho, Rodeio Bonito e Planalto-RS, al√©m do coral Caibi Canta e coral Primavera, de Caibi. Durante o ano, os corais realizam eventos em suas cidades e os demais participam, trocando visitas.",,19
Caibi,SC,Post,2022-09-12 12:51:15,prefeituracaibi,"PRIMEIRA RODADA DO CAMPEONATO MUNICIPAL DE FUTEBOL DE CAMPO √â REALIZADA EM CAIBI
.
Na tarde deste s√°bado (10), aconteceu a primeira rodada do Campeonato Municipal de Futebol de Campo de Caibi, com jogos no campo do E.C. Uni√£o e no campo da Linha Maracuj√°. 
Os resultados foram os seguintes:
No campo do Uni√£o, enfrentaram-se E.C. Uni√£o e E.C Cultural:
E. C. Uni√£o B 2 x 0 E.C. Cultural B
E. C. Uni√£o A 2 x 2 E.C. Cultural A
No campo da Linha Maracuj√°, enfrentaram-se Ca√ßula e E.C Esportivo:
E C. Ca√ßula B 1 x 3 E.C. Esportivo B
E C. Ca√ßula A 1 x 1 E.C. Esportivo A

A pr√≥xima rodada acontecer√° no pr√≥ximo s√°bado, dia 17, com jogos na Linha F√°tima e na Linha Ros√°rio.",,77
Caibi,SC,Comentario,2022-09-12 13:12:06,mireli_santos369,,‚ù§Ô∏è‚ù§Ô∏è‚ù§Ô∏è‚ù§Ô∏è‚ù§Ô∏èLindo,
Caibi,SC,Post,2022-09-12 12:15:20,prefeituracaibi,"CAIBI RECEBE EQUIPES DE S√ÉO CARLOS PARA RODADA DA 1¬™ TA√áA FRIBOTH
Neste domingo (11), o campo do E.C Uni√£o recebeu mais uma rodada da 1¬™ Ta√ßa Friboth ‚Äì Futebol de Campo Categorias de Base. 
As equipes caibienses CME Caibi/Garotos de Ouro participam em 4 categorias, sub-11, sub-13, sub-15 e sub-17, e neste domingo receberam as equipes da AFA S√£o Carlos. 
Confira os resultados:
Sub 11 - CME Caibi/Garotos de Ouro 2 x 4 Afa S√£o Carlos
Sub 13 - CME Caibi/Garotos de Ouro 1 x 1 Afa S√£o Carlos
Sub 15 - CME Caibi/Garotos de Ouro 1 x 3 Afa S√£o Carlos
Sub 17 - CME Caibi/Garotos de Ouro 1 x 0 Afa S√£o Carlos
A pr√≥xima rodada ser√° em Saudades contra as equipes da casa.",,50
Caibi,SC,Post,2022-09-10 10:00:08,prefeituracaibi,"No programa deste s√°bado, conversaremos com o Prefeito √âder Picoli e a Secret√°ria Municipal de Assist√™ncia Social, Camila Conte Portes.
N√£o perca!",,7
Caibi,SC,Post,2022-09-09 20:19:07,prefeituracaibi,Boletins atualizados.,,1
Caibi,SC,Post,2022-09-09 14:30:26,prefeituracaibi,"ADMINISTRA√á√ÉO MUNICIPAL ENTREGRA APROXIMADAMENTE 1.000 LIVROS PARA A REDE MUNICIPAL DE EDUCA√á√ÉO
.
Os livros apoiam o desenvolvimento da linguagem, a amplia√ß√£o de vocabul√°rio, a criatividade e a descoberta do mundo imagin√°rio. Pensando neste desenvolvimento, a Administra√ß√£o Municipal de Caibi, atrav√©s da Secretaria Municipal de Educa√ß√£o, adquiriu uma biblioteca de aproximadamente 500 exemplares para a Educa√ß√£o Infantil, atendendo alunos desde o ber√ß√°rio. Estes livros possuem formas e texturas diferenciadas, que faz com que as crian√ßas aprendam atrav√©s do l√∫dico, estimulando a imagina√ß√£o, a criatividade e gerando grandes benef√≠cios aos pequenos. 
Tamb√©m foi adquirida uma biblioteca de aproximadamente 500 exemplares para o ensino fundamental, sendo eles, dentro da faixa et√°ria atendida pelas escolas municipais. Estes livros trazem diferentes tipologias textuais, possibilitando um encontro ao descobrimento do amor pela leitura, imagina√ß√£o, aprimoramento ortogr√°fico e textual.
Para o Prefeito √âder Picoli, que participou da entrega, ‚Äúum dos nossos objetivos √© cuidar bem de nossas crian√ßas, para que elas se desenvolvam em todas as suas √°reas, e incentivar a leitura, a imagina√ß√£o, √© nossa miss√£o‚Äù, complementa.",,21
Caibi,SC,Comentario,2022-09-09 22:49:34,mireli_santos369,,Oi,
Caibi,SC,Post,2022-09-09 13:55:00,prefeituracaibi,"Nos dias 13 a 17 de Setembro acontecer√° a Semana Farroupilha.
Ser√° na Pra√ßa Municipal de Caibi, contamos com a presen√ßa de todos.

Durante esses dias teremos diversas atra√ß√µes e ser√° servido jantar do dia 13 a 16 e no S√°bado ser√° o tradicional costel√£o. 

Reserve a sua ficha com a patronagem.",,30
Caibi,SC,Post,2022-09-09 13:41:15,prefeituracaibi,"UNIFORMES S√ÉO ENTREGUES PARA ALUNOS DA EDUCA√á√ÉO INFANTIL DE CAIBI
Nesta segunda-feira (05), a Administra√ß√£o Municipal de Caibi atrav√©s da Secretaria Municipal de Educa√ß√£o, realizou a entrega de uniformes escolares para alunos que ingressaram neste ano de 2022 na Educa√ß√£o Infantil da Rede Municipal de Educa√ß√£o. O kit entregue foi de camiseta, bermuda, cal√ßa e casaco. 
Conforme destaca a Secret√°ria Municipal de Educa√ß√£o, Ducelia Naibo, ‚Äúo uniforme foi licitado e entregues aos alunos que iniciaram nas nossas escolas neste ano ou que foram transferidos de outros educand√°rios, para que possam utilizar ao longo da semana, e o seu uso desenvolve nos alunos, um sentimento de pertencimento ao grupo, fundamental no desenvolvimento psicossocial das crian√ßas. A seguran√ßa proporcionada pelo uso do uniforme tamb√©m √© um fator de grande relev√¢ncia ao facilitar a identifica√ß√£o dos alunos dentro e fora da escola‚Äù destaca.",,54
Caibi,SC,Post,2022-09-09 12:02:06,prefeituracaibi,"CAMPEONATO MUNICIPAL DE FUTEBOL DE CAMPO
üèÜ‚öΩÔ∏è
Amanh√£, s√°bado (10), acontece a 1¬™ Rodada do Municipal de Futebol de Campo 2022.
Visite as pra√ßas esportivas e tor√ßa pela sua equipe favorita ü•áü•àü•â‚öΩÔ∏è",,16
Caibi,SC,Post,2022-09-09 10:51:22,prefeituracaibi,"CAMPEONATO MUNICIPAL DE BOCHA 48

Hoje tem a 3¬™ rodada!
Prestigie.",,0
Caibi,SC,Post,2022-09-09 10:49:49,prefeituracaibi,"CUIDADO COM A MONKEYPOX
Com a confirma√ß√£o de casos da Var√≠ola do Macaco em munic√≠pios pr√≥ximos, a Secretaria Municipal de Sa√∫de de Caibi adverte: 
Tome todos os cuidados necess√°rios para que o v√≠rus n√£o circule em nosso munic√≠pio. 
.
Os sinais e sintomas, em geral, incluem:
Erup√ß√£o cut√¢nea ou les√µes de pele;
Adenomegalia/Linfonodos inchados (√≠nguas);
Febre;
Dores no corpo;
Dor de cabe√ßa;
Calafrio;
Fraqueza.",,14
Caibi,SC,Post,2022-09-08 21:10:29,prefeituracaibi,Boletins atualizados,,2
Caibi,SC,Post,2022-09-08 20:04:13,prefeituracaibi,"#Registro 

Na manh√£ desta quinta-feira (08), mais 08 pacientes foram encaminhados para a realiza√ß√£o de cirurgias gerais no Hospital de S√£o Carlos. 
Lembrando que estes pacientes foram regulados pela fila do SISreg, conforme ordem cronol√≥gica e de risco, sendo assegurado pela Portaria n¬∫ 1.559, de 1¬∫ de agosto de 2008, que institui a Pol√≠tica Nacional de Regula√ß√£o do Sistema √önico de Sa√∫de - SUS.
Desejamos sa√∫de e uma √≥tima recupera√ß√£o.",,39
Caibi,SC,Post,2022-09-08 20:00:09,prefeituracaibi,"ABERTURA DO CAMPEONATO REGIONAL AMERIOS DE FUTSAL ‚Äì TA√áA SICREDI √â REALIZADA

Aconteceu na noite do √∫ltimo s√°bado (03), a abertura do Campeonato Regional da Amerios de Futsal, Ta√ßa Sicredi. A competi√ß√£o ter√° a participa√ß√£o de 15 munic√≠pios e tr√™s categorias: adulto feminino e masculino e veteranos.
Conforme destaca o diretor de esportes da CME de Caibi, Leonardo Vanzeto, tamb√©m presidente do colegiado de esportes da Amerios, ‚Äún√≥s do colegiado de Esportes da Amerios procuramos sempre fomentar e fortalecer o esporte na regi√£o de abrang√™ncia da Associa√ß√£o dos munic√≠pios, desejo sorte a todos os atletas, que o esp√≠rito esportivo prevale√ßa sempre e que possamos fazer desse evento um grande instrumento de uni√£o, integra√ß√£o e lazer entre os povos‚Äù, comenta. 
A competi√ß√£o j√° iniciou no mesmo dia da abertura, com jogos das tr√™s naipes. O munic√≠pio de Caibi participar√° do campeonato com as tr√™s categorias e estreia no dia 21 de setembro, frente √†s equipes de Riqueza no gin√°sio do CINE.",,87
Caibi,SC,Post,2022-09-08 14:07:38,prefeituracaibi,"CONGRESSO T√âCNICO FINAL PARA REALIZA√á√ÉO DO CAMPEONATO MUNICIPAL DE FUTEBOL DE CAMPO √â REALIZADO EM CAIBI
Na noite da √∫ltima segunda-feira (05), aconteceu o congresso t√©cnico final para a realiza√ß√£o do Campeonato Municipal de Futebol de Campo 2022 em Caibi. O evento aconteceu √†s 19h nas depend√™ncias do audit√≥rio da Prefeitura Municipal de Caibi e contou com a participa√ß√£o do diretor de Esportes, Leonardo Vanzeto, Prefeito √âder Picoli e Vice-Prefeito Leonardo Gallon al√©m de lideran√ßas das equipes envolvidas. 
Conforme destaca o Prefeito √âder Picoli, ‚Äúmais um campeonato vai iniciar, e o munic√≠pio √© parceiro, sempre disponibilizando a arbitragem, bolas, enfim, ajudando no que for necess√°rio para o bom andamento do evento. Sabemos que √© muito mais que esporte, √© integra√ß√£o, uni√£o e o momento das pessoas se encontrarem, se divertirem, esperamos que seja mais um campeonato de excelente qualidade, como vem sendo nas √∫ltimas edi√ß√µes‚Äù, destaca. 
Para o diretor de esportes, Leonardo Vanzeto, ‚Äúhoje, juntamente com os dirigentes das equipes, definimos o Campeonato Municipal de Futebol de Campo. Fico feliz quando vejo pessoas que abra√ßam a causa e se dedicam pelo esporte. Este campeonato promete ser um dos mais competitivos j√° realizados, pelo n√≠vel dos atletas que participar√£o e pelo engajamento das comunidades e times que estar√£o disputando‚Äù destaca Vanzeto
Neste ano, o campeonato contar√° com 05 equipes nas s√©ries A e B, sendo elas: E. C. Ca√ßula, E.C. Cultural, E.C. Esportivo, E.C. Uni√£o e E.C. Serrano. No feminino, as quatro equipes que participar√£o s√£o: E. C. Esportivo, Sem No√ß√£o, Bruna Malhas e F√™nix F.C.
A primeira rodada acontecer√° neste s√°bado (10) a partir das 14h, com jogos no campo do Uni√£o entre E. C. Uni√£o e E.C Cultural e jogo no campo do Ca√ßula da Linha Maracuj√° entre E.C Ca√ßula e E.C Esportivo tanto na s√©rie A quanto da s√©rie B.",,27
Caibi,SC,Post,2022-09-07 17:30:06,prefeituracaibi,"A Feira Frutos da Terra Caibi ser√° neste s√°bado! ‚ú®
ü•ñü•ØüßÄü•öüç©üç™ü•Æü•ßüçáüç∑
üìÜDia 10 de setembro 
‚åö A partir das 7h30min da manh√£ na pra√ßa municipal.
ü•ñü•Ø V√°rias del√≠cias produzidas pelos produtores caibienses - Queijos, cucas, p√£es, bolachas, salgados, melado, a√ß√∫car, vinho e muitos outros produtos!
üìåN√£o esque√ßa, s√°bado, dia 10, na pra√ßa municipal.
ü•öüç©üç™ Feira Frutos da Terra Caibi.",,3
Caibi,SC,Post,2022-09-07 15:08:50,prefeituracaibi,"DESFILE C√çVICO DE 7 DE SETEMBRO
Na manh√£ desta quarta-feira (07), aconteceu o Desfile C√≠vico de 7 de setembro em Caibi, o qual teve uma grande participa√ß√£o de pelot√µes das escolas municipais, estaduais e particulares, institui√ß√µes e um grande p√∫blico presente. 
Confira como foi.",,176
Caibi,SC,Comentario,2022-09-07 15:41:32,julietibrancher,,"Lindo, parab√©ns üëè‚ù§Ô∏è",
Caibi,SC,Post,2022-09-07 10:05:17,prefeituracaibi,"7 de setembro!
Viva a Independ√™ncia do Brasil!",,11
Caibi,SC,Post,2022-09-06 20:52:21,prefeituracaibi,Boletins atualizados,,0
Caibi,SC,Post,2022-09-05 20:19:03,prefeituracaibi,Boletins atualizados.,,4
Caibi,SC,Post,2022-09-05 19:38:41,prefeituracaibi,"SECRETARIA DE AGRICULTURA ENTREGA MAIS DE 900L DE NITROG√äNIO PARA PRODUTORES EM CAIBI
A Administra√ß√£o Municipal, atrav√©s da Secretaria de Agricultura, vem realizando mensalmente a entrega de nitrog√™nio atrav√©s do Programa de Insemina√ß√£o Artificial para Bovinos, onde √© realizado a distribui√ß√£o gratuita de nitrog√™nio aos produtores rurais do munic√≠pio, para armazenamento de s√™men e com o objetivo do melhoramento gen√©tico. 
Na √∫ltima quinta-feira (01), foi realizado mais um abastecimento; foram 88 botij√µes abastecidos e a quantidade de 966,4 litros entregue aos produtores cadastrados no programa. Segundo o secret√°rio de agricultura, S√©rgio Werlang, ‚Äúesse √© mais um investimento da Administra√ß√£o Municipal que tem como objetivo melhorar a qualidade do rebanho animal do munic√≠pio, para tanto, todos os meses estamos fazendo a entrega de nitrog√™nio, estamos sempre em busca de cursos para nossos produtores se capacitarem cada vez mais para produzir com mais qualidade e gerando mais renda e qualidade de vida‚Äù.
Ainda segundo S√©rgio, √© oferecido ao produtor cadastrado no programa, por ano at√© 40 doses de S√™men, 40 bainhas e 40 luvas.",,21
Caibi,SC,Post,2022-09-05 13:13:04,prefeituracaibi,"O tradicional desfile de 7 de Setembro acontecer√° nesta quarta-feira (07).
Voc√™ est√° no convite a prestigiar.
In√≠cio √†s 8h30min.",,16
Caibi,SC,Post,2022-09-03 10:00:09,prefeituracaibi,"CONVIDADO DO DIA
Neste s√°bado, vamos conversar com o Prefeito Municipal Sr √âder Picoli e o Diretor de Esportes Leonardo Vanzeto.
N√£o perca!",,15
Caibi,SC,Comentario,2022-09-03 21:13:27,cristina.pinheiro.790256,,üôå,
Caibi,SC,Post,2022-09-02 20:38:06,prefeituracaibi,Boletins atualizados!,,4
Caibi,SC,Post,2022-09-02 20:14:32,prefeituracaibi,"IN√çCIO DA SEMANA DA P√ÅTRIA EM CAIBI

Iniciou nesta quinta-feira (01), o in√≠cio da Semana da P√°tria em Caibi, onde todos os dia at√© o dia 06 de setembro, acontecer√£o atos c√≠vicos com a execu√ß√£o do Hino Nacional Brasileiro e apresenta√ß√µes das escolas e entidades. No dia 07, haver√° o tradicional desfile c√≠vico iniciando as 08h30min.",,48
Caibi,SC,Post,2022-09-02 20:01:02,prefeituracaibi,"PLANEJAMENTO DO DOCE NATAL 2022 J√Å EST√Å SENDO REALIZADO 

A Administra√ß√£o Municipal de Caibi, iniciou o planejamento dos atrativos e da programa√ß√£o para o Doce Natal 2022. Essa √© uma estrat√©gia para transformar a celebra√ß√£o tradicional em um produto tur√≠stico e tem sido aprimorada ao longo dos anos com suporte das solu√ß√µes do Programa Cidade Empreendedora, que √© executado em parceria com o Sebrae/SC. 
Para 2022, a diretora de Desenvolvimento Econ√¥mico e Turismo, Silmara Bratz, antecipa que Caibi est√° se organizando e pensando novos atrativos. ‚ÄúTivemos reuni√£o com as consultoras do Sebrae/SC, que sempre nos auxiliam, e come√ßamos a projetar mais uma edi√ß√£o que surpreender√° os mun√≠cipes e os visitantes. Com certeza teremos mais um grandioso evento para este ano‚Äù, adianta.
Silmara destaca que neste ano retornar√° o Grande Desfile, uma atra√ß√£o importante que encanta o p√∫blico, mas que foi suspensa durante a pandemia de covid-19 por quest√µes sanit√°rias e para evitar aglomera√ß√µes. ‚ÄúTamb√©m teremos a amplia√ß√£o da programa√ß√£o natalina com o acr√©scimo de um fim de semana em compara√ß√£o com a edi√ß√£o anterior‚Äù, comenta.
A Administra√ß√£o Municipal de Caibi prepara uma estrutura maior e com amplia√ß√£o das atra√ß√µes, al√©m de trabalhar aspectos da diversifica√ß√£o gastron√¥mica e da capacita√ß√£o das doceiras e das entidades locais que comercializar√£o produtos. Mais um ano o munic√≠pio estar√° preparado para receber os visitantes da regi√£o com uma decora√ß√£o natalina espetacular, muitas atra√ß√µes voltadas √†s fam√≠lias, gastronomia natalina, muitos produtos artesanais e um povo hospitaleiro.",,14
Caibi,SC,Post,2022-09-01 20:26:01,prefeituracaibi,Boletins Atualizados,,3
Caibi,SC,Post,2022-09-01 20:21:02,prefeituracaibi,"CRAS E SECRETARIA DE ASSIST√äNCIA SOCIAL DE CAIBI PROMOVEM PALESTRA SOBRE A VIOL√äNCIA CONTRA A MULHER
Na noite da √∫ltima quarta-feira (31), foi realizada uma palestra alusiva ao agosto lil√°s, m√™s que trata do combate √† viol√™ncia contra a mulher, e contou com a participa√ß√£o de um grande p√∫blico e de autoridades do munic√≠pio. Quem conduziu a palestra foi o Promotor de Justi√ßa da Comarca de Palmitos, a qual atende tamb√©m o munic√≠pio de Caibi, Dr Jos√© Orlando Lara Dias. O tema foi a viol√™ncia contra a mulher e foi organizada pelo CRAS e Secretaria de assist√™ncia social de Caibi.
Conforme destaca a Secret√°ria Municipal de Assist√™ncia Social de Caibi, Camila Conte Portes, ‚Äúo agosto lil√°s √© um m√™s muito importante, durante o m√™s o CRAS desenvolveu v√°rias atividades com o PAIF e com as crian√ßas e adolescentes do SCFV e finalizamos esta campanha com uma noite maravilhosa que foi essa conversa com o Promotor de Justi√ßa Dr Jos√© Orlando Lara Dias que foi muito proveitosa, onde houveram orienta√ß√µes, v√°rios questionamentos e esclarecimento de d√∫vidas, principal sobre a Lei Maria da Penha que neste m√™s completou 16 anos‚Äù.
Tamb√©m os alunos Lucas e Eleandro, do Departamento de Cultura esteve fazendo apresenta√ß√£o de tr√™s m√∫sicas, abrilhantando a noite.
Agosto Lil√°s √© o nome dado √† campanha do m√™s de conscientiza√ß√£o sobre o combate √† viol√™ncia contra a mulher e busca aumentar a divulga√ß√£o da Lei Maria da Penha. Al√©m disso, tamb√©m est√£o entre os objetivos da campanha informar a sociedade sobre a necessidade de acabar com a viol√™ncia contra a mulher e tornar conhecidos os canais de den√∫ncia existentes e os servi√ßos de atendimento √† mulher que vivencia a viol√™ncia. Em caso de den√∫ncia, pode ser feita atrav√©s dos telefones 180, 190, Secretaria de Assist√™ncia Social ou CRAS.",,50
Caibi,SC,Comentario,2022-09-02 01:07:24,vereadora_edimara,,Parab√©ns a toda equipe por trazer este assunto em debate que √© de grande import√¢ncia para todas n√≥s MULHERES üôå,
Caibi,SC,Post,2022-09-01 17:56:47,prefeituracaibi,"üî∏ EDITAL DE CONVOCA√á√ÉO DE ELEI√á√ÉO PARA
COMPOSI√á√ÉO DO CONSELHO DE ALIMENTA√á√ÉO ESCOLAR - CAE - DO MUNIC√çPIO DE CAIBI üî∏",,6
Caibi,SC,Post,2022-09-01 10:40:56,prefeituracaibi,"SETEMBRO AMARELO

A Secretaria Municipal de Sa√∫de convida toda a popula√ß√£o para participar da campanha ""Um Ch√° pela Vida"", alusivo ao m√™s de preven√ß√£o ao suic√≠dio.
Anote na agenda, 21 de setembro na unidade de sa√∫de. 
Participe!",,18
Caibi,SC,Post,2022-08-31 20:29:38,prefeituracaibi,Boletins atualizados,,0
Caibi,SC,Post,2022-08-31 16:41:56,prefeituracaibi,Participe!,,5
Caibi,SC,Post,2022-08-31 13:59:41,prefeituracaibi,"üíú Agosto Lil√°s üíú
Participe desta importante palestra que acontecer√° hoje!
Todos est√£o no convite.",,4
Caibi,SC,Post,2022-08-30 20:35:16,prefeituracaibi,Boletins atualizados.,,2
Caibi,SC,Post,2022-08-30 20:30:13,prefeituracaibi,"CAIBI √â CAMPE√ÉO DOS CINQUENT√ïES 2022

.
Na tarde do √∫ltimo s√°bado (27), foi realizado os jogos da final do 11¬∫ Campeonato Regional de Cinquent√£o ‚Äì Ta√ßa Caibi de futebol de campo no campo da Linha Ros√°rio, Caibi. Ao todo, participaram do campeonato 9 equipes. Na oportunidade, disputaram 3¬∫ e 4¬∫ lugar as equipes de S√£o Carlos e Palmitos. Na disputa de quem levava o caneco, o espet√°culo foi por conta das equipes de Caibi e Cunha Por√£. 
Na terceira coloca√ß√£o ficou com a equipe de Palmitos. A grande campe√£ √© a equipe de Caibi, que venceu Cunha Por√£ nos p√™naltis, ap√≥s o empate em 0x0 no tempo normal. 
Conforme destaca o diretor de esportes da CME Leonardo Vanzeto, ‚Äúeste evento foi promovido em parceria com a Coordenadoria Regional de Educa√ß√£o e os munic√≠pios participantes, evento tradicional na regi√£o, onde Caibi sagrou-se novamente campe√£. Ver a festa que os atletas fizeram foi gratificante, e isso mostra que o esporte √© uma ferramenta de uni√£o e integra√ß√£o muito forte‚Äù, destaca.",,21
Caibi,SC,Post,2022-08-30 20:00:11,prefeituracaibi,"CAIBI REALIZA OS JOGOS DA TERCEIRA IDADE 

.
Na √∫ltima semana foi realizado o JASTI (Jogos da Terceira Idade), no munic√≠pio de Caibi, com os idosos dos clubes da cidade do interior do munic√≠pio, numa parceria entre Administra√ß√£o Municipal, Secretaria de Assist√™ncia Social e CME. 
Na ter√ßa-feira (23), foi iniciado os jogos no Juventude, com a bocha rafa vollo e o bol√£o, e na sexta-feira (26), o restante das modalidades: dan√ßa de sal√£o 60 anos acima, bocha 48, truco e canastrinha. 
Conforme destaca o diretor de esportes, Leonardo Vanzeto, ‚Äúdepois de um longo per√≠odo de pandemia, podemos voltar com os Jogos da Terceira Idade e √© muito gratificante para n√≥s podermos estar realizando estes jogos de integra√ß√£o da terceira idade, ficamos muito felizes e do que depender de n√≥s, continuar√° estes jogos nos pr√≥ximos anos‚Äù, completa. 
Para o Prefeito √âder Picoli, ‚Äúestamos muito felizes por estarmos novamente voltando a fazer os jogos, voltando com os encontros, e ver os idosos participando dos jogos deixa a gente extremamente feliz. Cuidar dos idosos √© cuidar da nossa hist√≥ria. Eles que s√£o nossos atletas a mais tempo e tem muito ainda a nos ensinar. A Administra√ß√£o Municipal √© parceira quando se trata de sa√∫de, de esporte e de cultura‚Äù, comenta.
Na parte da tarde, foi realizada a entrega de medalhas aos participantes e aos melhores colocados em cada modalidade.",,10
Caibi,SC,Comentario,2022-08-30 22:42:18,cassipicoli,,00,
Caibi,SC,Post,2022-08-30 17:50:30,prefeituracaibi,"CAMPEONATO MUNICIPAL DE BOCHA 48

Teve in√≠cio na √∫ltima sexta-feira (26), o campeonato municipal de bocha 48 ‚Äì esse ano denominado Ta√ßa Mercado Todescato, patrocinador m√°ster do evento. Ao todo 9 equipes divididas em 2 chaves disputam o evento: Bar do Savedra A, Bar do Savedra B, E. C. Juventude, Padilha B  e Grupo de bocha linha Aparecida fazem parte da chave A, Bar do Savedra C, Maracuj√°, Padilha A e Planaltina na chave B.  Os jogos acontecem as sextas-feiras, na primeira fase dentro de suas chaves com jogos de ida e volta, os 3 melhores avan√ßam para a pr√≥xima fase. Confira abaixo o resultado da primeira rodada:
Local ‚Äì Cancha Padilha
Padilha A  1620 X 1416 Bar Savedra C
Local ‚Äì Cancha Aparecida
Grupo Bocha Aparecida 1612 x 1540 E. C. Juventude
Local ‚Äì Cancha Bar Savedra
 Bar Savedra B  1484  x  1276  Padilha B
Local ‚Äì Cancha Linha Maracuj√°
Maracuj√° 1192  x  916 Planaltina
Pr√≥xima rodada est√° marcada para essa sexta feira (02), com os seguintes confrontos:",,4
Caibi,SC,Post,2022-08-30 12:59:35,prefeituracaibi,"O aluno Marlon Passaia, do 5¬∫ ano vespertino da Escola Reunida Municipal Pedro Ivo Campos de Caibi, com sua reda√ß√£o para o PROERD (Programa de Resist√™ncia as Drogas e a Viol√™ncia), alcan√ßou o 1¬∫ lugar das escolas do munic√≠pio. Compartilhamos a reda√ß√£o.

REDA√á√ÉO PROERD

PROERD √© um programa educacional de conviv√™ncia sem as drogas, que nos interessa cada vez mais a ser um bom cidad√£o uma boa pessoa tendo uma vida melhor sem drogas, nos comunicando bem e respeitado os outros.
Antes de participar do PROERD eu pensava que ele s√≥ nos ensinava que n√£o dever√≠amos usar drogas, mas quando comecei a participar eu percebi que aprender√≠amos muito mais. Junto com o PROERD eu descobri e aprendi sobre riscos e consequ√™ncias, pretens√£o, comunica√ß√£o verbal e n√£o verbal, sobre Bullying, sobre o modelo de tomada de decis√£o e tamb√©m que n√£o devemos usar drogas e nem se envolver com quem usa por que fazem mal a sa√∫de.
Na minha vida eu terei que tomar decis√µes importantes e para tomar decis√µes importantes eu vou usar o modelo de tomada de decis√£o que o professor do PROERD ensinou, para pensar antes de tomar as decis√µes que devemos. 
Tamb√©m aprendi a fazer escolhas seguras e respons√°veis, isso n√£o foi em v√£o porque eu vou usar tudo o que aprendi em minha vida. Com a ajuda do modelo de tomada de decis√£o, por exemplo:  se um colega faz Bullying comigo, eu terei que fazer a escolha certa entre fazer com ele ou contar a professora. E a√≠ que eu uso o que aprendi com o PROERD para tomar a decis√£o certa e ter uma consequ√™ncia positiva.
Eu estou muito honrado em ter participado do PROERD por que com ele eu aprendi as melhores formas de viver sem drogas, de comunica√ß√£o, de conviv√™ncia, em fim obrigado policial, vou levar seus ensinamentos para a vida e ser uma pessoa melhor.",,26
Caibi,SC,Post,2022-08-29 21:22:12,prefeituracaibi,Boletins atualizados,,4
Caibi,SC,Post,2022-08-29 21:16:47,prefeituracaibi,Convite especial üíú,,84
Caibi,SC,Comentario,2022-08-30 10:59:50,pauloricardoconte,,üëèüëèüëèüëèüëè,
Caibi,SC,Comentario,2022-08-30 22:07:36,vitoria.slaviero.127,,‚ù§Ô∏è‚ù§Ô∏è,
Caibi,SC,Post,2022-08-29 20:34:15,prefeituracaibi,"EDITAL N¬∫ 028/2022 DE ESCOLHA DE VAGAS
- A escolha da vaga ocorrer√° no dia 30 de agosto de 2022 na sala da Secretaria de Educa√ß√£o junto √† Prefeitura Municipal de Caibi conforme segue: 
- Ter√ßa-feira, 30/08/2022
13:30 - Professor
- Vaga dispon√≠vel: 
01 vaga de professor/Educa√ß√£o Infantil 20h (matutino)",,5
Caibi,SC,Post,2022-08-29 20:30:12,prefeituracaibi,"PREFEITO E VICE ASSINAM ORDEM DE EXECU√á√ÉO DA PRIMEIRA ETAPA DE COBERTURA EM FRENTE A UNIDADE DE SA√öDE DE CAIBI
.
Na √∫ltima sexta-feira (26), o Prefeito Municipal de Caibi √âder Picoli, acompanhado do vice-Prefeito Leonardo Gallon e o Secret√°rio de Administra√ß√£o e Planejamento Miguel Piccoli, assinou a ordem de servi√ßo da primeira etapa de constru√ß√£o da cobertura em frente ao Posto de Sa√∫de, no valor de R$ 32.990,00. 
Conforme destaca √âder, ‚Äúa necessidade de cobertura em frente ao posto de sa√∫de n√£o surgiu agora no meu mandato, mas estou muito feliz com essa a√ß√£o, pois estamos tirando grandes projetos da gaveta e executando, por isso assinamos a ordem de execu√ß√£o da primeira etapa de cobertura em frente do posto de sa√∫de. √â uma etapa simples, mas que vai ser importante tamb√©m, e a segunda etapa ent√£o que √© um projeto maior que √© a cobertura da cal√ßada e da rua em frente ao posto de sa√∫de est√° sendo finalizado o projeto na AMERIOS e assim tivermos um recurso tamb√©m vamos executar‚Äù. 
Ainda conforme Picoli, essas a√ß√µes s√£o importantes pois trar√£o mais conforto para quem utiliza a Unidade de Sa√∫de.",,38
Caibi,SC,Post,2022-08-29 20:15:10,prefeituracaibi,"SECRETARIA DE ASSIST√äNCIA SOCIAL DE CAIBI RECEBE NOVO VE√çCULO 
Na √∫ltima semana, a Administra√ß√£o Municipal de Caibi recebeu mais um ve√≠culo para a frota da Secretaria de Assist√™ncia Social de Caibi, trata-se de um Chevrolet Spin com 7 lugares e adquirido pelo valor de R$ 125 mil reais, onde R$100 mil provenientes de emendas parlamentares que foram obtidos atrav√©s da vereadora Edimara Conte Portes, e R$ 25 mil de recursos pr√≥prios do munic√≠pio.
Conforme destaca o Prefeito √âder Picoli, ‚Äúsabemos da import√¢ncia que o setor social tem no nosso munic√≠pio, e ter um ve√≠culo de qualidade para que os profissionais deste setor possam realizar seus trabalhos √© de fundamental import√¢ncia, principalmente por que esse ve√≠culo ir√° atender o setor dos idosos do nosso munic√≠pio‚Äù comenta.",,19
Caibi,SC,Comentario,2022-08-29 21:28:31,anasangallibiasi,,üëèüëèüëè,
Caibi,SC,Comentario,2022-08-29 21:46:41,camilaportess,,üëèüëèüëè GRATID√ÉO,
Caibi,SC,Post,2022-08-29 13:16:48,prefeituracaibi,"DEPARTAMENTO DE CULTURA E SECRETARIA DE SA√öDE REALIZAM HOMENAGEM AOS PROFISSIONAIS DA SA√öDE DE CAIBI
Na √∫ltima quinta-feira (25), foi realizada uma homenagem aos profissionais da sa√∫de da Secretaria Municipal de Sa√∫de e Hospital de Caibi. Na oportunidade, o departamento de cultura esteve participando com o professor Gilberto Levulis e os alunos Lucas Serafini e Eleandro J√∫nior Soares, interpretando as musicas ""A Paz"" e ""La√ßos"", al√©m de uma mensagem interpretada pelo servidor Iedo Zortea.
Conforme destaca o Prefeito √âder Picoli, que esteve participando deste momento, ‚Äútenho muita gratid√£o, muito carinho por cada profissional da sa√∫de do nosso munic√≠pio, por tudo o que passaram na pandemia do Covid-19 e de pois da epidemia de dengue, todo mundo √© importante dentro de sua fun√ß√£o. Hoje n√≥s chegamos a um momento muito bom na nossa sa√∫de, estamos com 07 m√©dicos atendendo dentro da unidade, equipes da sa√∫de da fam√≠lia completas, e estamos fazendo o poss√≠vel para atender nossos pacientes da melhor forma, de forma humanizada e com muito carinho‚Äù, destaca. 
Conforme destaca a diretora de Cultura, Adriana de Oliveira, ‚Äún√≥s, da Cultura, juntamente com a Secret√°ria de Sa√∫de Ana Cristina Sangalli Biasi, organizamos este momento especial, nossos profissionais da sa√∫de merecem o reconhecimento por tudo o que passaram e por tantas vidas que ajudaram a cuidar, nada mais justo que uma homenagem assim‚Äù, completa. 
Durante a homenagem, foi entregue uma rosa para cada profissional da Unidade de Sa√∫de em forma de agradecimento.",,76
Caibi,SC,Comentario,2022-08-29 13:24:16,vanesraquel,,"Que belo gesto! Parab√©ns √† todos os envolvidos, @anasangallibiasi",
Caibi,SC,Comentario,2022-08-30 01:03:11,sirleigallon,,üëèüëèüëè,
Caibi,SC,Post,2022-08-27 10:00:05,prefeituracaibi,"No programa Convidado do Dia de hoje, receberemos o Prefeito Municipal de Caibi, Sr √âder Picoli e falaremos sobre diversos assuntos relacionados √† Administra√ß√£o Municipal.
Acompanhe!",,4
Caibi,SC,Post,2022-08-26 20:34:08,prefeituracaibi,"NOVO APARELHO DE ULTRASSOM EST√Å EM FUNCIONAMENTO NA UNIDADE DE SA√öDE DE CAIBI

Nesta semana, a Secretaria Municipal de Sa√∫de recebeu o novo aparelho de Ultrassonografia, aparelho este adquirido atrav√©s de uma emenda parlamentar no valor de R$ 100 mil. O aparelho ser√° utilizado na Unidade de Sa√∫de e operado por m√©dico capacitado para realizar exames solicitados pelos m√©dios da ESF. 
Conforme destaca a Secret√°ria Municipal de Sa√∫de, Ana Cristina Sangalli Biasi, ‚Äúeste aparelho vem para auxiliar nos exames que s√£o regulados pela fila do SISREG, e ampliar√° ainda mais o atendimento dos pacientes. Este aparelho de ultrassom √© de √∫ltima gera√ß√£o e atender√° pacientes de todas as idades. Por ser um aparelho novo, muitos exames poder√£o ser realizados com uma qualidade superior, facilitando o diagn√≥stico m√©dico‚Äù, destaca.
Para o Prefeito √âder Picoli, ‚Äúpoder oferecer exames de ultrassonografia de √∫ltima gera√ß√£o e gratuita aos nossos pacientes sem a necessidade de estar se deslocando a outros hospitais ou cl√≠nicas. √â mais uma a√ß√£o do nosso governo que visa o melhor atendimento da sa√∫de das pessoas do nosso munic√≠pio. Cuidar da sa√∫de √© cuidar da vida das pessoas e n√£o existe nada mais importante que cuidar da sa√∫de‚Äù, destaca.",,61
Caibi,SC,Post,2022-08-26 20:28:09,prefeituracaibi,Boletins atualizados!,,4
Caibi,SC,Post,2022-08-26 20:24:50,prefeituracaibi,"Vem a√≠ o Campeonato Municipal de V√¥lei de Quadra!
Participe!",,27
Caibi,SC,Post,2022-08-26 20:24:04,prefeituracaibi,Aten√ß√£o!,,6
Caibi,SC,Post,2022-08-26 14:07:36,prefeituracaibi,"SECRETARIA MUNICIPAL DE SA√öDE DE CAIBI PROSSEGUE COM MUTIR√ïES DE ESPECIALIDADES
A Administra√ß√£o Municipal de Caibi, atrav√©s da Secretaria Municipal de Sa√∫de firmou recentemente importantes parcerias nas diversas especialidades em clinicas e hospitais da regi√£o, que disponibilizam um servi√ßo amplo e de qualidade para melhor atender os pacientes de Caibi. Contam com diversos profissionais atendendo nas especialidades de Cirurgia Geral, Ortopedia, Resson√¢ncia Magn√©tica, Tomografia, entre outras. A realiza√ß√£o destas consultas e exames j√° est√£o programadas para os pr√≥ximos meses. 
Segundo Cristiane Bentz (foto), respons√°vel pelo controle e avalia√ß√£o do sistema do SUS na Unidade de Sa√∫de de Caibi, nos meses de setembro, outubro, novembro e dezembro ser√£o atendidos em m√©dia 120 pacientes para a realiza√ß√£o de Resson√¢ncia Magn√©tica e Tomografia, lembrando que estes exames de imagem ser√£o realizados em cl√≠nicas na cidade de Maravilha, por ser mais perto e assim proporcionar aos pacientes uma viagem menos cansativa.  Quanto as avalia√ß√µes em Ortopedia, a Secretaria de Sa√∫de fechou uma grande parceria com o Hospital Sante de Itapiranga, que conta com excelentes profissionais especializados em membros superiores e inferiores, realiza tamb√©m cirurgias em ortopedia de m√©dia complexidade.
 Referente a especialidade de Cirurgia Geral que compreende h√©rnia, ves√≠cula, hemorroidas entre outros, a maioria dos pacientes passaram por avalia√ß√£o com especialista e j√° possuem data agendada para procedimento cir√∫rgico. 
Todos os pacientes foram regulados pela fila do SISreg, conforme ordem cronol√≥gica e de risco, sendo assegurado pela Portaria n¬∫ 1.559, de 1¬∫ de agosto de 2008, que institui a Pol√≠tica Nacional de Regula√ß√£o do Sistema √önico de Sa√∫de - SUS.
Conforme destaca a Secret√°ria Municipal de Sa√∫de de Caibi, Ana Cristina Sangalli Biasi ‚Äúa alegria √© imensur√°vel em poder firmar estas importantes parcerias com clinicas e hospitais de refer√™ncia, seriedade, com um atendimento humanizado, ofertando aos nossos pacientes um tratamento de qualidade. Continuaremos buscando e inovando para levar o melhor em sa√∫de para nossos mun√≠cipes‚Äù.",,57
Caibi,SC,Comentario,2022-08-26 15:04:42,liandralorenzon,,"Parab√©ns üëèüëè
Orgulho em fazer parte dessa equipe üòò",
Caibi,SC,Comentario,2022-08-26 15:06:31,cleberson.lorenzon,,Parab√©ns pelo excelente trabalho üáßüá∑üëèüèª,
Caibi,SC,Comentario,2022-08-27 14:18:28,manuuferronato,,üëèüëèüëè,
Caibi,SC,Post,2022-08-25 20:30:36,prefeituracaibi,"CAIBI PREPARA DESFILE C√çVICO DE 7 DE SETEMBRO ALUSIVO AOS 200 ANOS DE INDEPEND√äNCIA
A Administra√ß√£o Municipal de Caibi, atrav√©s da Secretaria Municipal de Educa√ß√£o Cultura e Esporte, est√° organizando o Desfile C√≠vico em comemora√ß√£o √† Independ√™ncia do Brasil, que acontecer√° no dia 07 de Setembro, nas ruas da cidade de Caibi. 
Conforme informa√ß√µes da secretaria, a programa√ß√£o j√° inicia no dia 01 de setembro com a hora c√≠vica com a execu√ß√£o do Hino Nacional Brasileiro e o hasteamento das Bandeiras e arreamento no dia 07 de setembro. O Hino Nacional ser√° executado em dois turnos matutino e vespertino em hor√°rios espec√≠ficos, no Palanque Oficial junto a Pra√ßa Pedro Ant√¥nio Bigaton em comemora√ß√£o √† semana da P√°tria.
O desfile no dia 07 de setembro iniciar√° as 08h30min e o trajeto foi definido em reuni√£o parit√°ria com todas as entidades que participar√£o, tendo como concentra√ß√£o dos pelot√µes na rua Independ√™ncia, iniciando o desfile na rua 7 de Setembro, rua do Com√©rcio, entrando no cal√ßad√£o da pra√ßa. 
Neste ano, ao menos 20 pelot√µes far√£o parte do desfile.",,17
Caibi,SC,Post,2022-08-25 20:28:55,prefeituracaibi,Boletins atualizados!,,2
Caibi,SC,Post,2022-08-25 10:39:54,prefeituracaibi,"CAMPEONATO MUNICIPAL DE BOCHA 48 - TA√áA MERCADO TODESCATO

Nesta sexta-feira (26), acontece a primeira rodada do municipal de bocha 48 - Ta√ßa Mercado Todescato.
Confira os locais e jogos:",,8
Caibi,SC,Post,2022-08-24 21:45:16,prefeituracaibi,,,1
Caibi,SC,Post,2022-08-24 12:06:39,prefeituracaibi,"üî∏ AVISO DE LICITA√á√ÉO üî∏

üëâ OBJETO: AQUISI√á√ÉO DE G√äNEROS ALIMENT√çCIOS PARA O ENCONTRO MUNICIPAL DOS IDOSOS A SER REALIZADO NO DIA 24 DE SETEMBRO, EM COMEMORA√á√ÉO AO DIA NACIONAL DO IDOSO

üëâ Recebimento das propostas das 08h00min horas do dia 25/08/2022 at√© as 08h00min do dia 05/09/2022; 

1.4 ‚Äì Abertura das propostas: 05/09/2022 √†s 08h01min;

Mais informa√ß√µes em: https://caibi.sc.gov.br/licitacao/licitacao-pregao-eletronico-n-044-2022/",,3
Caibi,SC,Post,2022-08-24 11:56:36,prefeituracaibi,"Comunicamos aos moradores do interior e as empresas que realizam a extra√ß√£o de lenha no munic√≠pio, que se atentem a deixar a via de tr√°fego em boas condi√ß√µes para o transporte escolar e demais transportes, a fim de evitar maiores transtornos. Pedimos a compreens√£o de todos para que n√£o deixe materiais espalhados na estrada e nas sarjetas. Pedimos tamb√©m que os moradores fa√ßam as ro√ßadas das estradas da sua propriedade, principalmente onde passa o transporte escolar. 
Agradecemos a compreens√£o. 
Secretaria Municipal de Educa√ß√£o.",,13
Caibi,SC,Post,2022-08-24 11:46:30,prefeituracaibi,"CAIBI PARTICIPA DOS JOGOS ABERTOS DE SANTA CATARINA
üèêü§æ‚Äç‚ôÇÔ∏èüéñ
Com in√≠cio na √∫ltima quarta-feira (17) e t√©rmino nesta segunda-feira (22), foi realizado o JASC 2022 (jogos abertos de Santa Catarina), etapa microrregional, a qual, aconteceu no munic√≠pio de Cunha Por√£. Nesta etapa, participara 19 munic√≠pios em 04 modalidades, futsal, v√¥lei, bocha e bol√£o, feminino e masculino. 
Caibi esteve participando com as modalidades de futsal feminino e masculino, v√¥lei feminino, bol√£o feminino e bocha masculino. 
Conforme destaca o diretor de esportes de Caibi, Leonardo Vanzeto, ‚Äúdepois de um longo tempo tivemos de volta ao JASC nos mesmos moldes de antes da pandemia! Agrade√ßo todos, professores, respons√°veis pelas modalidades e os atletas que representaram nosso Caibi com garra, honra e respeito a todos! Sa√≠mos muitos fortalecidos e com a certeza que temos muito a trabalhar e que grandes desafios nos aguardam‚Äù. 
Das modalidades disputadas, apenas a bocha feminina est√° classificada direto para a fase regional, que acontecer√° em Pinhalzinho de 07 a 11 de outubro.",,38
Caibi,SC,Comentario,2022-08-26 22:06:03,janetegilmarcarlesso,,üëèüëè,
Caibi,SC,Post,2022-08-24 10:00:55,prefeituracaibi,"CARRETA CASTRAM√ìVEL ESTAR√Å EM CAIBI NA PR√ìXIMA SEGUNDA-FEIRA

A Administra√ß√£o Municipal de Caibi realizar√° na pr√≥xima segunda-feira (29), mais um mutir√£o de castra√ß√£o de f√™meas (gatas e cadelas), atrav√©s da Carreta Castram√≥vel. 
Ser√£o disponibilizadas vagas para animais de mun√≠cipes caibienses tanto da cidade quanto do interior do munic√≠pio e a castra√ß√£o ser√° sem custo para o tutor. As inscri√ß√µes podem ser feitas diretamente com a M√©dica Veterin√°ria da Secretaria de Agricultura Martina de Bona pelo telefone 49 99818-7518. A castra√ß√£o acontecer√° na pra√ßa municipal a partir das 07h30min 
A castra√ß√£o √© o m√©todo mais eficaz para o controle populacional dos animais.",,7
Caibi,SC,Post,2022-08-23 20:58:31,prefeituracaibi,Boletins COVID e Dengue,,0
Caibi,SC,Post,2022-08-23 20:23:15,prefeituracaibi,"DIA D DA CAMPANHA NACIONAL DE VACINA√á√ÉO CONTRA A POLIOMIELITE E MULTIVACINA√á√ÉO √â REALIZADO EM CAIBI
A Secretaria Municipal de Sa√∫de de Caibi imunizou no √∫ltimo s√°bado (20), no Dia D da Campanha Nacional de Vacina√ß√£o contra Poliomielite e Multivacina√ß√£o, 176 crian√ßas. Neste s√°bado, a unidade de sa√∫de esteve aberta para que os pais pudessem levar os filhos para receber os imunizantes em atraso na carteirinha de vacina e as gotinhas contra a Poliomielite para menores de 5 anos. 
Na multivacina√ß√£o para crian√ßas e adolescentes menores de quinze anos, 40 tinham alguma vacina em atraso. J√° 136 crian√ßas menores de 5 anos foram imunizadas com a gotinha contra a p√≥lio.
Durante o dia, houve a participa√ß√£o de personagens como o Mickey, Minnie e Marshall da patrulha canina, al√©m das crian√ßas receberem algod√£o doce ap√≥s a imuniza√ß√£o.
A Campanha Nacional de Vacina√ß√£o contra Poliomielite e Multivacina√ß√£o segue at√© 9 de setembro na unidade b√°sica de sa√∫de do munic√≠pio, de segunda a sexta-feira, das 7h30 √†s 11h30 e das 13h30 √†s 17h30. √â obrigat√≥rio que os pais ou respons√°veis apresente documento, al√©m da caderneta de vacina da crian√ßa.",,17
Caibi,SC,Post,2022-08-23 14:51:52,prefeituracaibi,"Hoje iniciam os Jogos da Terceira Idade üëµüë¥
Confira a programa√ß√£o",,6
Caibi,SC,Post,2022-08-23 14:29:27,prefeituracaibi,"11¬∫ CAMPEONATO REGIONAL DE CINQUENT√ïES - TA√áA CAIBI

Neste s√°bado, acontece a grande final.
V√° at√© o campo da Linha Ros√°rio e prestigie!
Tor√ßa pela nossa equipe üáßüá¨",,6
Caibi,SC,Post,2022-08-22 20:35:37,prefeituracaibi,Boletim Covid-19 e Dengue atualizados,,5
Caibi,SC,Post,2022-08-22 14:06:54,prefeituracaibi,"‚öΩÔ∏è ATEN√á√ÉO ‚öΩÔ∏è
O Campeonato Municipal de Futebol de Campo vai come√ßar!
As equipes podem estar se organizando e retirando as fichas de inscri√ß√£o e lista de atletas com o diretor de esportes Leonardo Vanzeto na CME. 
Participe!",,5
Caibi,SC,Post,2022-08-22 13:05:32,prefeituracaibi,"üíú Agosto Lil√°s üíú
Participe desta importante palestra!
Todos est√£o no convite.",,9
Caibi,SC,Post,2022-08-20 21:25:34,prefeituracaibi,"#Registro

Na tarde deste s√°bado (20), o Prefeito em exerc√≠cio Leonardo Gallon e a vereadora Edimara Conte Portes estiveram prestigiando os jogos das equipes caibienses no JASC em Cunha Por√£.
Incentivar e valorizar o esporte √© uma de nossas prioridades.",,86
Caibi,SC,Post,2022-08-20 10:00:11,prefeituracaibi,"CONVIDADO DO DIA
No programa de hoje, nossa convidada do dia √© a Secret√°ria de Sa√∫de Ana Biasi, onde falaremos sobre diversos assuntos importantes desta secretaria.",,15
Caibi,SC,Post,2022-08-19 20:42:09,prefeituracaibi,"CAPACITA√á√ÉO SOBRE A ESCUTA ESPECIALIZADA √â REALIZADA EM CAIBI

.
Nos dias 18 e 19 de agosto, no audit√≥rio da Prefeitura Municipal de Caibi, aconteceu a capacita√ß√£o para a rede de atendimento sobre a Lei n¬∫ 13.431/2017 que trata da Lei da Escuta Especializada. Esta lei normatiza e organiza o sistema de garantias de direitos da crian√ßa e do adolescente v√≠tima ou testemunha de viol√™ncia. 
Participaram desta capacita√ß√£o profissionais das escolas municipais e estaduais de Caibi, Secretarias de Educa√ß√£o, Assist√™ncia Social e Sa√∫de, APAE, conselho tutelar, profissionais da NEPRE e Hospital S√£o Jos√©. A capacita√ß√£o foi realizada pela profissional Roselaine Camatti.
Ap√≥s o entendimento do assunto, foi elaborado o protocolo da Escuta Especializada e a defini√ß√£o dos profissionais que realizar√£o esta escuta no munic√≠pio de Caibi.",,13
Caibi,SC,Post,2022-08-19 20:34:40,prefeituracaibi,,,3
Caibi,SC,Post,2022-08-19 20:05:08,prefeituracaibi,"CAIBI RECEBE BALAN√áAS PARA PESAGEM DE GADO

.
Nesta ter√ßa-feira (16), a Administra√ß√£o Municipal de Caibi, atrav√©s da Secretaria Municipal de Agricultura recebeu 04 balan√ßas mec√¢nicas para pesagem de gado. As mesmas foram adquiridas atrav√©s de licita√ß√£o e com recursos obtidos atrav√©s de emenda parlamentar, obtida atrav√©s da vereadora do PP de Caibi Edimara Conte Portes. O investimento total das balan√ßas foi de R$ 54.880,00.
Conforme informa√ß√µes do Secret√°rio de Agricultura de Caibi, S√©rgio Werlang, as balan√ßas ser√£o instaladas nas comunidades em pontos estrat√©gicos, para que beneficie o maior n√∫mero de produtores. A compra das balan√ßas foi pensando na facilidade da pesagem pelos produtores, a fim de n√£o necessitar de deslocamento do gado e uma pesagem mais correta. Nos pr√≥ximos dias, ser√° adquirida mais uma balan√ßa com recursos do Minist√©rio da Agricultura. 

Obs: Imagem da balan√ßa montada para ilustra√ß√£o",,9
