Campina das MissÃµes,RS,Post,2022-09-19 23:37:38,prefeituracampina,"ğŸ’¥ CONVITE! ğŸ’¥

A AdministraÃ§Ã£o Municipal atravÃ©s da Secretaria de EducaÃ§Ã£o, Cultura, Turismo e Desporto, convida para o Desfile CÃ­vico Farroupilha, no dia 20 de setembro Ã s 09 horas, na Avenida Santa Teresa com apresentaÃ§Ã£o em frente Ã  Prefeitura Municipal Campina das MissÃµes.

Fonte Assessoria de Imprensa",,21
Campina das MissÃµes,RS,Post,2022-09-19 23:25:15,prefeituracampina,"âš½ï¸ Liga Fronteira Noroeste de Futebol de Campo 

Aconteceu no domingo, dia 18 de setembro, os jogos vÃ¡lidos pela 4Âª e Ãºltima rodada das seleÃ§Ãµes do municÃ­pio na Liga Fronteira Noroeste de Futebol de Campo. 

Os jogos aconteceram no EstÃ¡dio MiguelÃ£o contra as equipes de Porto Lucena. 

Os confrontos envolveram as categorias Livre e Veterano em busca da classificaÃ§Ã£o para as semifinais da competiÃ§Ã£o 

Confrontos:

â¡ï¸ Campina das MissÃµes 03 X 02 Porto Lucena (VETERANO)
â¡ï¸ Campina das MissÃµes 04 X 01 Porto Lucena (LIVRE)

Todos estÃ£o convidados para prestigiar os jogos das Semifinais no municÃ­pio de Salvador das MissÃµes.

â¡ï¸ Ordem dos jogos da semifinal do dia 25, em Salvador das MissÃµes:
- 9hs: Veterano: Salvador das MissÃµes x Porto Xavier. 
- 10hs30min: Veterano: Campina das MissÃµes x Cerro Largo 
- 12hs30min: Sub-15: Cerro Largo x SÃ£o Pedro do ButiÃ¡. 
- 13hs45min: Sub-15: Porto Xavier x CÃ¢ndido GodÃ³i 
- 15hs: Livre: Campina das MissÃµes x CÃ¢ndido GodÃ³i 
- 16hs30min: Livre: SÃ£o Paulo das MissÃµes x Porto Xavier.

Fonte Assessoria de Imprensa",,61
Campina das MissÃµes,RS,Post,2022-09-19 20:25:48,prefeituracampina,âš ï¸ Aviso Importante âš ï¸,,9
Campina das MissÃµes,RS,Post,2022-09-19 16:58:19,prefeituracampina,"DivulgaÃ§Ã£o da ordem do desfile das  entidades que serÃ¡ realizado dia 20 de setembro Ã s 9 horas na Avenida Santa Teresa, a concentraÃ§Ã£o dos piquetes serÃ¡ do clube Bela Vista atÃ© a Cotrirosa as demais entidades serÃ¡ da AgropecuÃ¡ria Pica Pau atÃ© em frente a Star Modas, o inÃ­cio do desfile serÃ¡ em frente a Lojas Quero-Quero e a caminhada termina em frente a Ã“tica Frantz, posicionando-se no lado oposto da Avenida, para prestigiar o desfile. 

Os piquetes (cavalarianos), seguem atÃ© a Loja Tecnotech, fazem o retorno e se organizam, na Rua SÃ£o Leopoldo, em frente ao Bar do RenÃª Dewes, para execuÃ§Ã£o dos Hinos e pronunciamento do Prefeito Municipal.",,39
Campina das MissÃµes,RS,Post,2022-09-17 11:04:22,prefeituracampina,"ğŸ“ SORTEIO BOLÃƒO DE PRÃŠMIOS 2022 ğŸ“
6Â° Sorteio â€“ DIA DO GAÃšCHO

Foi realizado junto ao CTG FOGO DE CHÃƒO, no dia 16 de setembro de 2022 as 14 horas, o Sorteio do BolÃ£o de PrÃªmios de Dia do GaÃºcho. 

TOTAL DE CARTELAS ENTREGUES: 77.809

Os contemplados foram os seguintes:

1Â° PrÃªmio â€“ R$ 1.000,00 â€“ Cartela sorteada NÂ° 45.201
Contemplada: NEIMAR JOSÃ‰ BACKES
EndereÃ§o: Vila Teresa, Campina das MissÃµes.

2Â° Â° PrÃªmio â€“ R$ 700,00 â€“ Cartela sorteada NÂ° 68.046
Contemplada: BRUNA ELIS ARNOLD
EndereÃ§o: Bairro Floresta, Campina das MissÃµes.

3Â° PrÃªmio â€“ R$ 500,00 â€“ Cartela sorteada NÂ° 53.711
Contemplado: DARCI  ANTONIO SCHNORRENBERGER
EndereÃ§o: Bairro Floresta, Campina das MissÃµes.

4Â° PrÃªmio â€“ R$ 500,00 â€“ Cartela sorteada NÂ° 16.136
Contemplado: ARNO JOÃƒO WEBLER
EndereÃ§o: Rua RosÃ¡rio, Campina das MissÃµes.

5Â° PrÃªmio â€“ R$ 500,00 â€“ Cartela sorteada NÂ° 15.801
Contemplado: LARA GRUN
EndereÃ§o: Rua Cruz Alta Sul, Campina das MissÃµes.

ParabÃ©ns aos contemplados!
Participe! 
EU VIVO AQUI, EU COMPRO AQUI.",,29
Campina das MissÃµes,RS,Post,2022-09-16 22:51:56,prefeituracampina,"ğŸ‰ğŸˆ ParabÃ©ns ğŸˆğŸ‰

A AdministraÃ§Ã£o Municipal Campinense parabeniza a todos os integrantes do quadro funcional que completam ou que irÃ£o completar mais um ano de vida durante essa semana!

VocÃªs todos sÃ£o muito importantes para nÃ³s. Desejos de muitos anos de vida, paz saÃºde e felicidades a todos ğŸ‘ğŸ‘ğŸ‘",,12
Campina das MissÃµes,RS,Post,2022-09-16 21:04:38,prefeituracampina,"âš½ Treinos da Escolinha de Futsal âš½

Nessa semana registramos os treinos da Escolinha de Futebol na quadra poliesportiva ao lado do CTG Fogo de ChÃ£o.

Os treinos estiveram sob coordenaÃ§Ã£o do Darci e do professor Guto.

Fonte: Assessoria de Imprensa.",,47
Campina das MissÃµes,RS,Post,2022-09-15 21:10:03,prefeituracampina,"ğŸ’¥ TaÃ§a Fronteira Noroeste MissÃµes de Futebol de CampoğŸ’¥

PrÃ³ximo domingo  dia 18 de Setembro as seleÃ§Ãµes do municÃ­pio de Campina das MissÃµes, irÃ£o receber as equipes do municÃ­pio de  Porto Lucena no EstÃ¡dio MiguelÃ£o a partir das 14:30 horas.

SerÃ£o 02 jogos pelas categorias Livre e Veterano.

Os jogos sÃ£o vÃ¡lidos pela Ãºltima rodada para as nossas seleÃ§Ãµes do municÃ­pio na competiÃ§Ã£o.

Fonte Assessoria de Imprensa",,10
Campina das MissÃµes,RS,Post,2022-09-15 20:38:56,prefeituracampina,"ğŸ§‰ Semana Farroupilha ğŸ§‰

A AdministraÃ§Ã£o Municipal estÃ¡ em clima de Semana Farroupilha. 

A temÃ¡tica inclusive jÃ¡ foi posta em aÃ§Ã£o. Registros feitos no SaguÃ£o da Prefeitura Municipal, decoraÃ§Ã£o essa que remete a tradiÃ§Ã£o e a cultura gaÃºcha.

Nessa terÃ§a-feira, dia 15 de setembro tivemos a honra de receber os  alunos do Centro Madre Regina, que alÃ©m de estarem pilchados em honra a Semana Farroupilha, realizaram uma bela apresentaÃ§Ã£o com cantos em homenagem a tradiÃ§Ã£o gaÃºcha. 

ParabÃ©ns alunos, pais e professores pelo belo gesto de cultura a nossa tradiÃ§Ã£o.

Fonte Assessoria de Imprensa.",,54
Campina das MissÃµes,RS,Post,2022-09-15 19:44:38,prefeituracampina,â¤ï¸ DoaÃ§Ã£o de Sangue â¤ï¸,,8
Campina das MissÃµes,RS,Post,2022-09-15 19:33:55,prefeituracampina,"O Programa A UniÃ£o Faz A Vida existe desde 1995, e, por meio da educaÃ§Ã£o cooperativa, desenvolve os princÃ­pios de cooperaÃ§Ã£o e cidadania para crianÃ§as e jovens brasileiros, mudando assim a vida deles, de suas famÃ­lias e comunidades. O Programa Ã© a principal iniciativa de Responsabilidade Social do SICREDI, porque acredita na educaÃ§Ã£o como forma de transformar e envolver a comunidade onde estÃ¡ presente.

A iniciativa comeÃ§ou na cidade de Santo Cristo, no Rio Grande do Sul. Desde entÃ£o, novos educadores e instituiÃ§Ãµes entraram para o Programa, permitindo expandir a nossa atuaÃ§Ã£o para novos municÃ­pios e Estados.

O Programa A UniÃ£o Faz a Vida estÃ¡ presente na Ã¡rea de atuaÃ§Ã£o da Sicredi UniÃ£o RS/ES, e no municÃ­pio de Campina das MissÃµes, o programa estÃ¡ presente em 04 escolas municipais, totalizando 450 alunos e 54 professores.

Registramos na manhÃ£ desta quinta-feira, dia 15 de setembro a visita do Gerente do Sicredi de Campina das MissÃµes, Vanderlei Engroff que presenteou o Prefeito Carlos Justen e a SecretÃ¡ria de EducaÃ§Ã£o Cultura Turismo e Desporto Solange Reichert Knebel, com uma camiseta com a logo do programa contendo um encarte ecolÃ³gico do qual possui sementes de Ã¡rvores nativas.

Fonte Assessoria de Imprensa.",,67
Campina das MissÃµes,RS,Post,2022-09-14 20:35:36,prefeituracampina,"Nessa terÃ§a-feira dia 13 de setembro a Vice-Prefeita Janine Martini estve representando a AdministraÃ§Ã£o Municipal na AssemblÃ©ia Geral ExtraordinÃ¡ria da AssociaÃ§Ã£o dos Clubes Organizados da Terceira Idade da Regional 01.

A AdministraÃ§Ã£o Municipal parabeniza e agradece aos grupos organizados de 3Âª Idade, em nome de seu presidente Rodolfo Henz, pelo belo trabalho realizado, que envolve atividades e aÃ§Ãµes voltadas para a valorizaÃ§Ã£o e a inclusÃ£o do cidadÃ£o idoso, atravÃ©s de reuniÃµes, palestras, debates, atividades culturais, dinÃ¢micas de grupo, entre outras atividades.

Fonte Assessoria de Imprensa",,17
Campina das MissÃµes,RS,Post,2022-09-14 20:01:44,prefeituracampina,"âš½ï¸ Equipe Veterana de Futsal obtÃ©m vitÃ³ria na TaÃ§a Terra da Hospitalidade âš½ï¸

A equipe na categoria Veterana obteve sua 1Âª vitÃ³ria na noite dessa terÃ§a-feira, dia 13 de setembro na TaÃ§a Terra da Hospitalidade de Futsal do municÃ­pio de Porto Lucena.

A equipe que havia estreado com derrota para a equipe de Alecrim alguns dias atrÃ¡s, agora irÃ¡ enfrentar a equipe de Salvador das MissÃµes em busca de uma das vagas para continuar na competiÃ§Ã£o.

A AdministraÃ§Ã£o Municipal parabeniza a equipe, jogadores e comissÃ£o tÃ©cnica por tÃ£o bem representar o nosso municÃ­pio nessa importante competiÃ§Ã£o regional.",,37
Campina das MissÃµes,RS,Comentario,2022-09-15 13:57:13,puhlclarice,,ğŸ‘ğŸ™Œ,
Campina das MissÃµes,RS,Post,2022-09-14 19:47:06,prefeituracampina,"A Secretaria da Agricultura e Meio Ambiente, juntamente com o SEBRAE e a Sala do Empreendedor convidam a todos para participar do SeminÃ¡rio: Caminhos para qualidade do leite, e apÃ³s visitaÃ§Ã£o na Feira.

SeminÃ¡rio esse que irÃ¡ acontecer na EXPOTERNEIRA no dia 22 de setembro, em TrÃªs de Maio.

Comunicamos que haverÃ¡ Ã´nibus saindo Ã s 8:00 horas em frente a Prefeitura Municipal, para os interessados em participar.

Fonte Assessoria de Imprensa.",,4
Campina das MissÃµes,RS,Post,2022-09-14 19:34:55,prefeituracampina,"ğŸ“Œ Mural de Recados ğŸ“Œ

 No nosso MURAL DE RECADOS da AdministraÃ§Ã£o Municipal, constarn avisos, convites e Editais, dos quais sÃ£o entregues junto ao Setor de ComunicaÃ§Ã£o da Prefeitura durante a semana. 

Portanto se o seu Clube, associaÃ§Ã£o e demais grupos tiver interesse ou precisar desse serviÃ§o procure o Setor de Imprensa ou junto a RecepÃ§Ã£o na Prefeitura.

Fonte Assessoria de Imprensa.",,5
Campina das MissÃµes,RS,Post,2022-09-13 18:11:28,prefeituracampina,"ğŸ“Œ Processo Seletivo para ContrataÃ§Ã£o de EstagiÃ¡rio ğŸ“Œ

https://campinadasmissoes.rs.gov.br/site/noticias/administracao/74284-processo-seletivo---bolsa-de-estagio",,8
Campina das MissÃµes,RS,Post,2022-09-12 20:09:19,prefeituracampina,"ğŸ“š Feira do Livro ğŸ“š

A EMEF Santa Isabel promove e convida para a Feira do Livro, que serÃ¡ realizada na quarta e quinta-feira, dias 14 e 15 de setembro de 2022.

A Feira do Livro irÃ¡ acontecer no GinÃ¡sio Municipal da Escola Santa Isabel.

Convidamos pais, alunos e a comunidade em geral para prestigiar. 

Lembramos ainda que na quarta-feira, dia 14, o horÃ¡rio serÃ¡ extendido atÃ© as 19 horas para visitaÃ§Ã£o.

Fonte Assessoria de Imprensa.",,13
Campina das MissÃµes,RS,Post,2022-09-12 19:49:06,prefeituracampina,âš ï¸ Aviso Importante âš ï¸,,2
Campina das MissÃµes,RS,Post,2022-09-12 19:15:40,prefeituracampina,"ğŸ’¥ ClassificaÃ§Ã£o da TaÃ§a Fronteira Noroeste MissÃµes de Futebol de CampoğŸ’¥

â¡ï¸ ClassificaÃ§Ã£o Geral das Equipes participantes da CompetiÃ§Ã£o.

PrÃ³ximo domingo dia 11 de setembro, Campina das MissÃµes recebem no EstÃ¡dio MiguelÃ£o, as equipes de Porto Lucena, jogos esses vÃ¡lidos pela quarta e Ãºltima rodada.

Fonte Assessoria de Imprensa",,32
Campina das MissÃµes,RS,Comentario,2022-09-12 22:33:40,tossato.regis,,@emersongenssler1296 Porto lucena bem hein kkk,
Campina das MissÃµes,RS,Post,2022-09-12 18:45:00,prefeituracampina,"âš½ï¸ Liga Fronteira Noroeste de Futebol de Campo 

Aconteceu no domingo, dia 11 de setembro, os jogos vÃ¡lidos pela 3Âª rodada pelas equipes do municÃ­pio na Liga Fronteira Noroeste de Futebol de Campo. 

Os jogos aconteceram no EstÃ¡dio Municipal de Porto Xavier contra as equipes do referido municÃ­pio. Os confrontos envolveu as categorias Sub-15 e Livre e Veterano.

Confrontos:

â¡ï¸ Campina das MissÃµes 00 X 04 Porto Xavier (SUB-15)
â¡ï¸ Campina das MissÃµes 02 X 00 Porto Xavier (VETERANO)
â¡ï¸ Campina das MissÃµes 02 X 00 Porto Xavier (LIVRE)

Todos estÃ£o convidados para prestigiar a prÃ³xima rodada a ser realizada na prÃ³ximo domingo, dia 18 de setembro, no EstÃ¡dio MiguelÃ£o em Campina das MissÃµes contra as equipes  de Porto Lucena.

Fonte Assessoria de Imprensa",,62
Campina das MissÃµes,RS,Comentario,2022-09-14 00:34:13,puhlclarice,,ğŸ™Œ,
Campina das MissÃµes,RS,Post,2022-09-12 18:22:03,prefeituracampina,"As Secretarias de EducaÃ§Ã£o e SaÃºde convidam para palestra sobre os desafios na 1Âª infÃ¢ncia, com a psicopedagoga clÃ­nica, Maria Isabel da Rosa. 

SerÃ¡ nessa segunda-feira, dia 12 de setembro de 2022, no SalÃ£o Paroquial de Campina das MissÃµes, com inicio Ã s 19:00 horas. Participe!

Fonte Assessoria de Imprensa",,9
Campina das MissÃµes,RS,Comentario,2022-09-12 23:54:07,titaprimaz,,De grande importÃ¢ncia este momento! ParabÃ©ns pela iniciativa.,
Campina das MissÃµes,RS,Post,2022-09-12 18:17:58,prefeituracampina,âš ï¸ Aviso Importante âš ï¸,,8
Campina das MissÃµes,RS,Post,2022-09-09 20:44:51,prefeituracampina,"ğŸ’¥ O maior Festival de MÃºsica Popular Brasileira (MPB) do Rio Grande do Sul estÃ¡ de volta! ğŸ’¥

SerÃ¡ no dia 24 de setembro, a partir das 21h30min, reunindo intÃ©rpretes que participaram das ediÃ§Ãµes anteriores, bem como as novas geraÃ§Ãµes da mÃºsica que irÃ£o tornar essa noite inesquecÃ­vel.

SerÃ¡ uma noite mÃ¡gica, de resgate e de retorno aos bons e velhos tempos dos Grandes Festivais.

Logo apÃ³s o Festival, haverÃ¡ um grande show com a Banda Rosa's, que irÃ¡ colocar ainda mais brilho e encanto ao nosso grande evento cultural.

Fonte Assessoria de Imprensa",,30
Campina das MissÃµes,RS,Post,2022-09-09 20:42:30,prefeituracampina,"ğŸ‰ğŸˆ ParabÃ©ns ğŸˆğŸ‰

A AdministraÃ§Ã£o Municipal Campinense parabeniza a todos os integrantes do quadro funcional que completam ou que irÃ£o completar mais um ano de vida durante essa semana!

VocÃªs todos sÃ£o muito importantes para nÃ³s. Desejos de muitos anos de vida, paz saÃºde e felicidades a todos ğŸ‘ğŸ‘ğŸ‘",,9
Campina das MissÃµes,RS,Post,2022-09-09 20:17:15,prefeituracampina,"âš½ Treinos da Escolinha de Futsal âš½

Nessa sexta-feira, dia 09 de setembro, registramos os treinos da Escolinha de Futebol no GinÃ¡sio da Escola Santa Isabel.

Os treinos estiveram sob coordenaÃ§Ã£o do Darci e do professor Guto.

Nos prÃ³ximos dias, iremos divulgar o Cronograma oficial de Treinos da escolinha, tanto de futsal como a de vÃ´lei.

Fonte: Assessoria de Imprensa.",,46
Campina das MissÃµes,RS,Post,2022-09-09 20:12:39,prefeituracampina,"As Secretarias de EducaÃ§Ã£o e SaÃºde convidam para palestra sobre os desafios na 1Âª infÃ¢ncia, com a psicopedagoga clÃ­nica, Maria Isabel da Rosa. 

SerÃ¡ nessa segunda-feira, dia 12 de setembro de 2022, no SalÃ£o Paroquial de Campina das MissÃµes, com inicio Ã s 19:00 horas. Participe!

Fonte Assessoria de Imprensa",,14
Campina das MissÃµes,RS,Post,2022-09-09 19:54:43,prefeituracampina,"âš½ï¸ Liga Fronteira Noroeste de Futebol de Campo âš½ï¸

Aconteceu na quarta-feira, dia 07 de setembro, feriado de IndependÃªncia do Brasil, os jogos vÃ¡lidos pela 2Âª rodada pelas equipes do municÃ­pio na Liga Fronteira Noroeste de Futebol de Campo. 

Os jogos aconteceram no EstÃ¡dio Municipal de SÃ£o Pedro do ButiÃ¡ contra as equipes do referido municÃ­pio. Os confrontos envolveu as categorias Sub-15 e Livre e Veterano.

Confrontos:

â¡ï¸ Campina das MissÃµes 01 X 06 SÃ£o Pedro do ButiÃ¡ (SUB-15)
â¡ï¸ Campina das MissÃµes 00 X 04 SÃ£o Pedro do ButiÃ¡ (VETERANO)
â¡ï¸ Campina das MissÃµes 02 X 01 SÃ£o Pedro do ButiÃ¡ (LIVRE)

Todos estÃ£o convidados para prestigiar a prÃ³xima rodada a ser realizada na prÃ³ximo domingo, dia 11 de setembro, na cidade de Porto Xavier, contra as equipes da casa.

Fonte Assessoria de Imprensa",,81
Campina das MissÃµes,RS,Post,2022-09-09 19:31:30,prefeituracampina,"âœ… Visita a APAE em Santa Rosa âœ…

No dia 08/09 a Vice-prefeita e SecretÃ¡ria Municipal de SaÃºde Janine Adriane Martini, a SecretÃ¡ria Municipal de EducaÃ§Ã£o, Cultura, Turismo e Desporto Solange M. Reichert Knebel e a Coordenadora PedagÃ³gica da SMECTD Jaqueline dos Anjos visitaram a APAE de Santa Rosa. 

O convÃªnio entre municÃ­pio e APAE foi retomado no ano 2021, com a realizaÃ§Ã£o de avaliaÃ§Ãµes para ter um parecer e a intervenÃ§Ã£o precoce necessÃ¡ria para o pleno desenvolvimento dos alunos, atendimentos clÃ­nicos e educacionais para alunos com necessidades especiais. 

A APAE Ã© coordenada pela diretora Marli Rozek, possui uma equipe especializada e um espaÃ§o fÃ­sico adequado e acessÃ­vel para as mais diversas especificidades que a instituiÃ§Ã£o recebe. 

Percebe-se que precisamos entender as limitaÃ§Ãµes do outro, mas alÃ©m de entender Ã© preciso respeitar as diferenÃ§as e ter empatia pelo prÃ³ximo, mais humanidade a todos.

Fonte Assessoria de Imprensa.",,28
Campina das MissÃµes,RS,Post,2022-09-09 18:58:55,prefeituracampina,"â˜ï¸ Novo NÃºmero â˜ï¸

O nosso novo nÃºmero de telefone da FarmÃ¡cia do  Posto de SaÃºde, vem para facilitar a vida dos usuÃ¡rios, para ser mais acessÃ­vel Ã© rÃ¡pido. 

Funcionamento das 07h30 Ã s 11h30 e das 13h00 Ã s 17h00.",,10
Campina das MissÃµes,RS,Post,2022-09-09 18:10:24,prefeituracampina,"ğŸ‡§ğŸ‡· SEMANA DA PÃTRIA 2022 ğŸ‡§ğŸ‡·

O civismo inclui e pede a cada momento e de cada cidadÃ£o, o esforÃ§o em se dedicar ao progresso e engrandecimento da PÃ¡tria.

Comemorar a Semana da PÃ¡tria provoca conversaÃ§Ãµes sobre o sentido de brasilidade, instiga o exercÃ­cio da cidadania responsÃ¡vel e atuante, desenvolve a corresponsabilidade socioambiental e promove o civismo.

Permitindo reflexÃ£o e a oportunidade de amadurecimento sobre o amor Ã  PÃ¡tria brasileira, pois um povo sem memÃ³ria Ã© um povo perdido.

Neste ano, na Semana da PÃ¡tria, comemoramos o BicentenÃ¡rio da IndependÃªncia do Brasil, que por sua relevÃ¢ncia e por OrientaÃ§Ã£o da Liga Nacional, Ã© enfatizado nas esferas Federal, Estadual e Municipal.

Mas, o Brasil conseguiu manter a integridade do seu territÃ³rio e se firmar como naÃ§Ã£o independente por uma notÃ¡vel combinaÃ§Ã£o de sorte, acaso, improvisaÃ§Ã£o, e tambÃ©m de sabedoria de algumas lideranÃ§as incumbidas de conduzir os destinos do paÃ­s naquele momento de grandes sonhos e perigos. 

O Brasil de hoje deve sua existÃªncia a capacidade de vencer obstÃ¡culos que pareciam insuperÃ¡veis em 1822. Mas a IndependÃªncia foi apenas o primeiro passo de um caminho que se revelaria difÃ­cil, longo e turbulento nos dois sÃ©culos seguintes. As dÃºvidas a respeito da viabilidade do Brasil como naÃ§Ã£o coesa e soberana, capaz de somar esforÃ§os e o talento de todos os seus habitantes, aproveitar suas riquezas naturais e pavimentar seu futuro persistem ainda por muito tempo depois da IndependÃªncia.

A semana da PÃ¡tria em Campina das MissÃµes teve um formato diferente dos outros anos, em virtude da reforma da PraÃ§a da Matriz as sessÃµes cÃ­vicas ocorreram nas Escolas da Rede Municipal de Ensino, com belÃ­ssimas apresentaÃ§Ãµes artÃ­sticas dos alunos, da Banda Fanfarra do Centro Madre Regina, participaÃ§Ã£o de autoridades, familiares e comunidades escolares. 

No dia 01/09 a Abertura da Semana da PÃ¡tria foi realizada na EMEF Santa Isabel, no dia 02/09 ato cÃ­vico na EMEF Santa Teresa, no dia 05/09 ato cÃ­vico na EMEF SÃ£o Luiz e 06/09 ato cÃ­vico na EMEF Imigrantes.

Fonte Assessoria de Imprensa.",,64
Campina das MissÃµes,RS,Post,2022-09-08 19:29:37,prefeituracampina,"Na segunda-feira foi realizada uma palestrinha sobre SaÃºde Bucal - Cuidados e PrevenÃ§Ãµes para as crianÃ§as da EMEI Brizola.

A prevenÃ§Ã£o de doenÃ§as bucais tem se apresentado como forma mais eficaz de promover a saÃºde bucal. 

Muitos trabalhos educativos e preventivos vÃªm sendo realizados dentro das escolas, transmitindo informaÃ§Ãµes sobre o cuidado com a higiene bucal. A OdontÃ³loga DrÂª Maiara Kaufmann acompanhada da AcadÃªmica de Enfermagem Camila Gruniztki, esteve visitando os alunos e explicando sobre a importÃ¢ncia da introduÃ§Ã£o sobre os cuidados com a higiene bucal e a prevenÃ§Ã£o com essa prÃ¡tica.

O programa tambÃ©m consiste em orientaÃ§Ãµes importantes para a prevenÃ§Ã£o e cuidados com a nossa saÃºde. Na palestra foi tratado sobre a escovaÃ§Ã£o com eles, demonstrado a maneira correta e em seguida todos alunos foram avaliados e quem precisar vir ao posto sendo destinado no final, um bilhetinho a todos os pais.

Na oportunidade foi entregue um kit de saÃºde bucal para cada crianÃ§a que participou das atividades.

Fonte Assessoria de Imprensa.",,51
Campina das MissÃµes,RS,Post,2022-09-08 18:36:39,prefeituracampina,âš ï¸ Aviso Importante âš ï¸,,12
Campina das MissÃµes,RS,Post,2022-09-08 17:55:15,prefeituracampina,"Nesta quarta-feira (7/9), celebrou-se o bicentenÃ¡rio da IndependÃªncia do Brasil, ocasiÃ£o em que houve o Grito do Ipiranga, em 1822. Dom Pedro foi aclamado imperador em 12 de outubro do mesmo ano e, em 1Âº de dezembro, ele foi coroado D. Pedro I.

Como forma de homenagear a data marcante para o paÃ­s, visto que o Brasil deixou de ser uma colÃ´nia portuguesa e passou a ser uma naÃ§Ã£o independente. 

Os alunos dos Anos Finais da Escola Imigrantes foram desafiados pela professora DÃ©bora Kreuzberg  a produzir um poema acerca do bicentenÃ¡rio da IndependÃªncia brasileira, pontuando as belezas e orgulhos do nosso paÃ­s.

Dentre os textos produzidos destacou- se a obra da aluna Marquieli Suzana Herrmann, do 8Â° ano.

Fonte Assessoria de Imprensa.",,10
Campina das MissÃµes,RS,Post,2022-09-08 17:09:44,prefeituracampina,"Alerta para a chegada do perÃ­odo sazonal de dengue.

O aumento expressivo dos casos de dengue em todo o Brasil durante o verÃ£o passado, inclusive com vÃ¡rios Ã³bitos em algumas regiÃµes, nos traz um alerta para um novo perÃ­odo epidÃªmico de dengue  que se aproxima.

O municÃ­pio de Campina das MissÃµes registrou no verÃ£o passado 14 casos confirmados de dengue, sendo 04 casos autÃ³ctones, ou seja, adquiridos no municÃ­pio. 

SÃ£o dados preocupantes, tendo em vista que, nos Ãºltimos anos se registravam apenas 3 a 4 casos e nenhum deles autÃ³ctone.

O Ã­ndice de infestaÃ§Ã£o para o Aedes Aegypti sempre estÃ¡ entre mÃ©dio a alto risco, sendo os principais criadouros as caixas de Ã¡gua e pequenos depÃ³sitos.

Precisamos da colaboraÃ§Ã£o de todos para que evitem qualquer recipiente com Ã¡gua parada, como baldes, pratinhos de flor, pneus e lixos em geral. 

Todo material deve ser descartado em lixeiras com tampa. NÃ£o jogar lixo no chÃ£o. Toda e qualquer embalagem pode virar criadouro de mosquitos, atÃ© um papel de bala, se ficar com Ã¡gua empoÃ§ada servirÃ¡ para o mosquito se procriar.

TambÃ©m Ã© necessÃ¡rio ter muita atenÃ§Ã£o quando for instalar uma caixa de Ã¡gua, para que a mesma seja bem vedada com tampa e tela de proteÃ§Ã£o nos canos de entrada e saÃ­da de Ã¡gua. 

Os agentes endÃªmicos estÃ£o Ã  disposiÃ§Ã£o para orientar sobre a correta instalaÃ§Ã£o.

Os munÃ­cipes que se recusarem a adotar as medidas necessÃ¡rias para evitar a proliferaÃ§Ã£o do aedes aegypti estarÃ£o sujeitos a notificaÃ§Ã£o prÃ©via para regularizaÃ§Ã£o. Caso nÃ£o regularizada a situaÃ§Ã£o dentro do prazo estarÃ¡ sujeito a multa conforme a lei municipal nÂº 3.280 de 12/04/2022.

O mosquito que mata nÃ£o pode nascer!Colabore no combate ao aedes aegypti!

Fonte Assessoria de Imprensa",,10
Campina das MissÃµes,RS,Post,2022-09-08 14:43:13,prefeituracampina,"âœ… HomologaÃ§Ã£o Resultado Final do Processo Seletivo para ContrataÃ§Ã£o de Operador de MÃ¡quina Pesada âœ…

https://campinadasmissoes.rs.gov.br/site/noticias/obras/74118-homologa-resultado-final---operador-de-maquina-pesada#fotos[0]/0/",,14
Campina das MissÃµes,RS,Post,2022-09-06 20:15:09,prefeituracampina,"âš½ Treinos da Escolinha âš½

Nessa terÃ§a-feira, dia 06, registramos os treinos da Escolinha de Futebol no GinÃ¡sio da Escola Santa Isabel.

Os treinos estiveram sob coordenaÃ§Ã£o do Darci e do professor Guto.

Na prÃ³xima  semana iremos divulgar o Cronograma oficial de Treinos da escolinha, tanto da de futsal como a de vÃ´lei.

Fonte: Assessoria de Imprensa.",,41
Campina das MissÃµes,RS,Post,2022-09-06 19:14:18,prefeituracampina,"ğŸ’¥ TaÃ§a Fronteira Noroeste MissÃµes de Futebol de CampoğŸ’¥

Nessa quarta-feira, feriado de IndependÃªncia, dia 07 de Setembro as seleÃ§Ãµes do municÃ­pio de Campina das MissÃµes, irÃ£o ao municÃ­pio de SÃ£o Pedro do ButiÃ¡ enfrentar as seleÃ§Ãµes do municÃ­pio a partir das 13:30 horas.

SerÃ£o 03 jogos pelas categorias Sub-15, Livre e Veterano.

Os jogos sÃ£o vÃ¡lidos pela segunda rodada para as nossas seleÃ§Ãµes do municÃ­pio na competiÃ§Ã£o.

Fonte Assessoria de Imprensa",,17
Campina das MissÃµes,RS,Post,2022-09-06 14:37:44,prefeituracampina,âœ… Mamografias âœ…,,4
Campina das MissÃµes,RS,Post,2022-09-05 20:18:41,prefeituracampina,"âš½ï¸ Liga Fronteira Noroeste de Futebol de Campo âš½ï¸

Aconteceu no Ãºltimo domingo, dia 04 de setembro, os jogos de estrÃ©ia das equipes do municÃ­pio na Liga Fronteira Noroeste de Futebol de Campo. Os jogos ocorreram no EstÃ¡dio MiguelÃ£o, com inÃ­cio Ã s 14:30 horas, contra as equipes de Senador Salgado Filho. Os confrontos envolveram as categorias Sub-15 e Livre, visto que a equipe visitante nÃ£o possui equipe na Categoria Veterano.

  Confrontos:

  Campina das MissÃµes 02 X 02 Senador Salgado Filho (SUB-15)

  Campina das MissÃµes 08 X 01 Senador Salgado Filho (LIVRE)

Um dia antes, no sÃ¡bado, a equipe feminina venceu o seu confronto na competiÃ§Ã£o TaÃ§a Terra da Hospitalidade de Futsal em Porto Lucena e obteve o 2Âº lugar na Final do Campeonato Municipal de Futsal de SÃ£o Paulo das MissÃµes.

Todos estÃ£o convidados para prestigiar a prÃ³xima rodada a ser realizada na prÃ³xima quarta-feira, feriado de 7 de setembro, na cidade de SÃ£o Pedro do ButiÃ¡

Fonte Assessoria de Imprensa 

Fonte Assessoria de Imprensa.",,50
Campina das MissÃµes,RS,Post,2022-09-05 19:43:39,prefeituracampina,"ğŸ“£ATENÃ‡ÃƒO  CAMPANHA VACINAÃ‡ÃƒO POLIOMIELITE ğŸ“£

O Setor de Vacinas da Secretaria Municipal de SaÃºde comunica que entramos na Ãºltima semana da Campanha de VacinaÃ§Ã£o contra a Poliomielite. 

Portanto os pais com filhos de 1, 2, 3 ou 4 anos que ainda nÃ£o receberam as gotinhas contra a polio na campanha deste ano, que se iniciou no dia 08 de agosto, tem atÃ© sexta feira dia 09 de setembro para traze-los e serem vacinados.

HorÃ¡rio de atendimento:

MANHÃƒ: 07:30 as 11:30
TARDE: 13:00 as 17:00 horas.

VACINAR Ã‰ UM ATO DE AMOR! PROTEJA QUEM VOCÃŠ AMA!!!

Fonte Assessoria de Imprensa.",,3
Campina das MissÃµes,RS,Post,2022-09-05 19:03:33,prefeituracampina,â™»ï¸ Recolhimento de Lixo â™»ï¸,,8
Campina das MissÃµes,RS,Post,2022-09-05 18:50:04,prefeituracampina,"ğŸš§ Obras no Interior ğŸš§

A Secretaria de Obras continua com os esforÃ§os voltados para o melhoramento da qualidade das estradas no interior do nosso municÃ­pio.

Tanto que segue efetuando trabalhos de patrolamento e melhoramento das estradas.

As mÃ¡quinas seguiram com os trabalhos na Comunidade da Linha ButiÃ¡ Norte, seguindo o cronograma de trabalhos definido pela Secretaria de Obras. 

Fonte: Assessoria de Imprensa.",,15
Campina das MissÃµes,RS,Post,2022-09-05 18:45:10,prefeituracampina,"ğŸš§ Obras no Interior ğŸš§

A Secretaria de Obras comandada pelo SecretÃ¡rio Valdir Henz, continua com a execuÃ§Ã£o de trabalhos para o melhoramento da qualidade das estradas no interior do nosso municÃ­pio. 

Tanto que segue efetuando o patrolamento, colocaÃ§Ã£o de cascalho e a compactaÃ§Ã£o, visando melhorar a qualidade das estradas, que devido as Ãºltimas chuvas foram bastante prejudicas para o trÃ¡fego de carros e principalmente caminhÃµes.

As mÃ¡quinas estiveram na Ãºltima semana executando trabalhos de melhorias na estrada da Ressaca e fundos da Ressaca, seguindo o cronograma de trabalhos definidos pela Secretaria de Obras.

Fonte Assessoria de Imprensa",,20
Campina das MissÃµes,RS,Post,2022-09-05 17:29:18,prefeituracampina,âœ… Nota Fiscal GaÃºcha âœ…,,20
Campina das MissÃµes,RS,Post,2022-09-02 20:29:28,prefeituracampina,ğŸ’¥ Convite Especial ğŸ’¥,,69
Campina das MissÃµes,RS,Comentario,2022-09-02 22:03:06,festival_do_folclore_cdm,,â¤ï¸â¤ï¸,
Campina das MissÃµes,RS,Post,2022-09-02 20:26:54,prefeituracampina,"ğŸ‰ğŸˆ ParabÃ©ns ğŸˆğŸ‰

A AdministraÃ§Ã£o Municipal Campinense parabeniza a todos os integrantes do quadro funcional que completam ou que irÃ£o completar mais um ano de vida durante essa semana!

VocÃªs todos sÃ£o muito importantes para nÃ³s. Desejos de muitos anos de vida, paz saÃºde e felicidades a todos ğŸ‘ğŸ‘ğŸ‘",,7
Campina das MissÃµes,RS,Post,2022-09-02 19:07:46,prefeituracampina,"Ontem quinta-feira dia 1Âº de setembro, aconteceu o encontro com o Grupo da 3Âª Idade da Linha ComandaÃ­, que contou com as aÃ§Ãµes das profissionais da Secretaria Municipal de SaÃºde.

A tÃ©cnica de Enfermagem Aline Dresch, juntamente com as Agentes ComunitÃ¡rias de SaÃºde, Augusta e Delvair e a acadÃªmica de Enfermagem Juliana Traczinski, promoveram uma roda de conversa sobre o uso de plantas medicinais, assim como tambÃ©m foi aferida a PressÃ£o Arterial dos participantes.

No encontro, os idosos trouxeram os chÃ¡s que conhecem e costumam usar proporcionando uma troca de conhecimento e experiÃªncia entre a equipe da saÃºde e os idosos!",,38
Campina das MissÃµes,RS,Comentario,2022-09-05 09:19:27,ideneneismunchen,,ğŸ‘ğŸ‘,
Campina das MissÃµes,RS,Post,2022-09-02 18:24:42,prefeituracampina,"ğŸ’¥ TaÃ§a Fronteira Noroeste MissÃµes de Futebol de CampoğŸ’¥

Domingo, dia 04 de Setembro as seleÃ§Ãµes do municÃ­pio de Campina das MissÃµes, irÃ£o receber as equipes de Senador de Salgado Filho em casa, no EstÃ¡dio MiguelÃ£o, a partir  das 14:30 horas.

SerÃ£o 02 jogos pelas categorias Sub-15 e Livre.

Os jogos marcam a estrÃ©ia do municÃ­pio na competiÃ§Ã£o.

Fonte Assessoria de Imprensa",,26
Campina das MissÃµes,RS,Post,2022-09-01 20:55:16,prefeituracampina,"ğŸ“Œ Resgate HistÃ³rico Cultural de Campina das MissÃµes. ğŸ“Œ

Dando continuidade ao Projeto de Resgate HistÃ³rico Cultural Municipal, visitamos no dia 15-03-2022 a residÃªncia do Sr. Irineo Pies e Sr. MÃ¡rio Pies na Linha Buriti.

A casa foi construÃ­da pelo Sr. Arno Lang no ano de 1961, tio do Sr. Irineu e do Sr. MÃ¡rio. Irineu nos acompanhou durante a visita e nos contou que a casa foi construÃ­da em duas etapas, sendo primeiro construÃ­do a parte da cozinha com sÃ³tÃ£o e uns 20 anos depois foi a sala e os quartos, durante esse intervalo, a famÃ­lia ainda utilizava a casa antiga que tinha prÃ³xima a nova construÃ§Ã£o.

O Sr. Ã‚ntonio Pies e SrÂª. Irena Persch Pies tiveram 11 filhos, VerÃ´nica, JosÃ©, Franscisca, Erna, Roque, Vicente, ProtÃ¡sio, ApolÃ´nia, GervÃ¡sio, MÃ¡rio e Irineo. O Sr. Ã‚ntonio nasceu em SÃ£o SebastiÃ£o do CaÃ­ (ColÃ´nia Velha) Alte Kolonie, segundo Ireneo, as histÃ³rias que ouviam eram de que em troca das terras prestavam serviÃ§os como abertura de estradas, derrubada de matas, a terra onde construÃ­ram a residÃªncia pertencia a russos e foi adquirida por alemÃ£es.

A casa ainda possui muitos mÃ³veis antigos preservados, entre eles um baÃº de lata para guardar documentos e/ou dinheiro, o baÃº era utilizado para proteger o que estava guardado caso uma casa pegasse fogo ou um temporal, tambÃ©m encontra-se na residÃªncia prateleiras, balcÃ£o, camas, mesa e ainda estÃ¡ lÃ¡ o altar que dona Irena fazia suas oraÃ§Ãµes.

 A residÃªncia contÃ©m uma arquitetura em estilo enxaimel, possui em suas paredes a histÃ³ria cravejada e as lembranÃ§as vividas ali pela famÃ­lia. 

Em 2019 Irineu e MÃ¡rio vieram morar na cidade, os irmÃ£os mantÃ©m a propriedade conservada e atualmente Ã© utilizada para criaÃ§Ã£o de gado e a plantaÃ§Ã£o de mandioca, milho, entre outras. Em anexo na casa se encontra uma cisterna, que armazena atÃ© hoje a Ã¡gua da chuva.

O Sr. Irineo nos contou das festas, dos casamentos e dos muitos encontros que reuniam familiares e amigos para festejar as alegrias, essas comemoraÃ§Ãµes eram celebrados na cozinha da casa, deixando ali um espaÃ§o marcado com a felicidade, amor, celebraÃ§Ã£o, uniÃ£o, amizade, enfim, muitas recordaÃ§Ãµes.

Fonte Assessoria de Imprensa.",,104
Campina das MissÃµes,RS,Comentario,2022-09-01 21:46:45,dalva.m.schmidt,,Nâ¤ï¸â¤ï¸,
Campina das MissÃµes,RS,Comentario,2022-09-01 22:24:30,jocar_centro_automotivo,,â¤ï¸â¤ï¸,
Campina das MissÃµes,RS,Post,2022-09-01 20:42:20,prefeituracampina,"ğŸ– Suinocultura ğŸ–

Uma das metas da nossa gestÃ£o sempre foi incentivar os empreendimentos no municÃ­pio, sejam eles no interior ou na cidade.

Nesse sentido, a Secretaria de Obras segue empenhada nos trabalhos de instalaÃ§Ã£o de uma nova pocilga de suÃ­nos no interior, investimento realizado pelo proprietÃ¡rio, Sr. SalÃ©sio Perius, na Linha Primeiro de MarÃ§o Sul.

A AdministraÃ§Ã£o deseja sucesso nesse novo investimento que irÃ¡ proporcionar mais um empreendimento em nosso municÃ­pio.

Fonte: Assessoria de Imprensa.",,24
Campina das MissÃµes,RS,Post,2022-09-01 19:25:37,prefeituracampina,"ğŸ“Œ HomologaÃ§Ã£o do Resultado Final do Processo Seletivo para ContrataÃ§Ã£o de Monitor de EducaÃ§Ã£o Infantil ğŸ“Œ

https://campinadasmissoes.rs.gov.br/site/noticias/educacao/73991-homologacao-do-resultado-final",,11
Campina das MissÃµes,RS,Post,2022-09-01 19:08:23,prefeituracampina,"Na sexta-feira, dia 26 de agosto, a E.M.E.I. Governador Leonel de Moura Brizola recebeu a visita da Soldado Marli Schmidt Hoffmann, Policial Militar da Brigada Militar. 

Durante toda a semana as professoras da escola realizaram atividades sobre o Dia do Soldado, comemorado no dia 25 de Agosto.

Nesta manhÃ£, juntamente com a Soldado os alunos inicialmente realizaram um ato de civismo, onde foi ocorreu a execuÃ§Ã£o do Hino Nacional. 

ApÃ³s apresentaram a mÃºsica: â€œMarcha-soldadoâ€, com a utilizaÃ§Ã£o do acessÃ³rio do soldado, o chapÃ©u, confeccionado com as professoras e monitoras durante a semana. 

Neste dia, alguns dos alunos tiveram a oportunidade em colocar a boina e o bonÃ© utilizado pelos policiais militares, onde demonstraram-se muito empolgados. 

Em seguida, a Soldado Marli fez uma breve conversa com as crianÃ§as sobre os cuidados que devem ter com pessoas estranham na rua e tambÃ©m sobre emoÃ§Ãµes.

A E.M.E.I. Brizola agradece a visita e a disposiÃ§Ã£o da Brigada Militar do nosso municÃ­pio por desenvolverem importantes trabalhos junto Ã s escolas.

Fonte Assessoria de Imprensa",,22
Campina das MissÃµes,RS,Post,2022-08-31 20:49:59,prefeituracampina,ğŸŒ¾ Sementes Forrageiras ğŸŒ¾,,5
Campina das MissÃµes,RS,Post,2022-08-31 20:31:46,prefeituracampina,"Visando melhorar a vida do contribuinte, a Prefeitura de Campina das MissÃµes esta  implantando o sistema de Nota Fiscal de ServiÃ§o EletrÃ´nica (NFE-e) e ISS EletrÃ´nico que serÃ¡ um sistema unificado de emissÃ£o de Nota Fiscal EletrÃ´nica e entrega da declaraÃ§Ã£o de ISS. 

Um recurso gratuito, que ficarÃ¡ disponÃ­vel no site da Prefeitura nos prÃ³ximos dias, que conta com Ã¡reas para credenciamento, autenticaÃ§Ã£o de documentos fiscais, recibo de retenÃ§Ã£o, consulta de RPS (Recibo ProvisÃ³rio de ServiÃ§os) entre outros.

Na data do dia 12 de Setembro, as 09:00h no AuditÃ³rio do Anexo Administrativo, a prefeitura juntamente com a empresa responsÃ¡vel pela concessÃ£o de licenÃ§a de uso do sistema, realizarÃ¡ um treinamento com os escritÃ³rios de contabilidade, contribuintes obrigados e os facultados que optarem por aderir a NFS-e e ao ISS EletrÃ´nico, com intuito de fornecer orientaÃ§Ãµes sobre o funcionamento do sistema para a emissÃ£o, a substituiÃ§Ã£o e o cancelamento de notas eletrÃ´nicas.

Para mais informaÃ§Ãµes Ã© necessÃ¡rio se dirigir atÃ© o setor de tributos na Prefeitura ou entrar em contato atravÃ©s do e-mail tesouraria@campinadasmissoes.rs.gov.br ou pelo fone (55) 3567 1150.

Fonte: Assessoria de Imprensa",,3
Campina das MissÃµes,RS,Post,2022-08-31 19:46:47,prefeituracampina,"O Grupo Inova Tecnologia, empresa responsÃ¡vel pela contrataÃ§Ã£o de Profissionais Auxiliares de Apoio as EleiÃ§Ãµes do estado do Rio Grande do Sul, comunica que tem disponÃ­vel, 02 (duas) vagas em aberto na cidade de Campinas das MissÃµes, para contrataÃ§Ã£o de Profissional para Apoio as EleiÃ§Ãµes no Rio Grande do Sul.",,27
Campina das MissÃµes,RS,Post,2022-08-31 17:09:39,prefeituracampina,"ğŸ“Œ APOSENTADORIA POR TEMPO DE CONTRIBUIÃ‡ÃƒO ğŸ“Œ

No dia 30 de agosto de 2022, o Prefeito Municipal no uso de suas atribuiÃ§Ãµes legais, concedeu a APOSENTADORIA POR TEMPO DE CONTRIBUIÃ‡ÃƒO, a servidora FRANCISCA CARVALHO, a contar do dia 01 de Setembro de 2022, no cargo de Encarregada de Copa e Cozinha, PadrÃ£o 2, Classe D, regime jurÃ­dico estatuÃ¡rio, 40 horas semanais.

A AdministraÃ§Ã£o Municipal agradece aos bons serviÃ§os prestados ao municÃ­pio campinense e pelo empenho e dedicaÃ§Ã£o nesses anos de trabalho.

Fonte Assessoria de Imprensa",,45
Campina das MissÃµes,RS,Post,2022-08-30 20:32:45,prefeituracampina,"ğŸ¥‡ğŸ† PremiaÃ§Ãµes das OlimpÃ­adas Escolares 2022 ğŸ¥‡ğŸ†

Acompanhe as premiaÃ§Ãµes dos atletas no link:

https://m.facebook.com/story.php?story_fbid=pfbid0fCzJhaf1UEMN81XjBpUa92bpT2jDhGn7e1zZbMWY4tim7VEEergfVKdDpmk1xrP1l&id=100064864593673",,74
Campina das MissÃµes,RS,Post,2022-08-30 19:52:46,prefeituracampina,â¤ï¸ DoaÃ§Ã£o de Sangue â¤ï¸,,2
Campina das MissÃµes,RS,Post,2022-08-30 18:59:39,prefeituracampina,"ğŸ“Œ HomologaÃ§Ã£o das InscriÃ§Ãµes do Processo Seletivo para ContrataÃ§Ã£o de Operador de MÃ¡quinas Pesadas ğŸ“Œ

https://www.campinadasmissoes.rs.gov.br/site/noticias/obras/73958-homologacao-das-inscricoes---operador-de-maquina-pesada",,11
Campina das MissÃµes,RS,Post,2022-08-29 21:09:17,prefeituracampina,"ğŸ† ğŸ¥‡OlimpÃ­adas Escolares - EdiÃ§Ã£o 2022 ğŸ¥‡ğŸ†

A primeira ediÃ§Ã£o das OlimpÃ­adas Escolares campinense foi um sucesso e deixou um gostinho de quero mais para o prÃ³ximo ano. 

Os jogos tiveram por objetivo incentivar o esporte educacional, o esporte comunitÃ¡rio, o lazer e a competiÃ§Ã£o de toda a populaÃ§Ã£o escolar, envolvendo as escolas do municÃ­pio em todos os seus nÃ­veis de ensino: 
EducaÃ§Ã£o Infantil com piquenique e torcida para os atletas, Ensino fundamental e Ensino MÃ©dio. 

Foram realizados jogos de classificaÃ§Ã£o nas escolas entre os meses de marÃ§o a agosto, conforme as organizaÃ§Ãµes internas. 

A EMEF Imigrantes localizada na linha Paca Norte, interior - Campina das MissÃµes, sediou o primeiro dia dos jogos (25/08), com a participaÃ§Ã£o das Escolas EMEF Santa Isabel, EMEF SÃ£o Luiz e EMEF Santa Teresa, tivemos a caminhada dos alunos, abertura oficial, uma belÃ­ssima apresentaÃ§Ã£o artÃ­stica organizada pela Escola Imigrantes e os juramentos dos atletas e Ã¡rbitros, neste dia competiram as categorias I (1Âº e 2Âº Anos) e II (3Âº, 4Âº e 5Âº anos) nas seguintes modalidades: chute no pneu, corrida no saco, corrida 50m, pula corda, arremesso ao cesto, caÃ§ador, futsal, revezamento 4x50m e xadrez. 

A EMEF Santa Isabel localizada na Rua JosÃ© ArcÃ¡dio Nedel nÂº 107 centro - Campina das MissÃµes, sediou o segundo dia dos jogos (26/08) com abertura oficial e apresentaÃ§Ã£o artÃ­stica a cargo da EMEF Santa Teresa, neste dia tivemos a participaÃ§Ã£o das Escolas EMEF Imigrantes, EMEF Santa Teresa  e Casa Familiar Rural Filhos da Terra nas categorias III (6Âº, 7Âº, 8Âº e 9Âº Anos) e IV (Ensino MÃ©dio/TÃ©cnico), nas seguintes modalidades para Categoria III: corridas 50m e 100m, xadrez, salto em altura, salto em distÃ¢ncia, revezamento 4x100m, futsal e voleibol. Categoria IV: corrida 100m, salto em altura, revezamento 4x100m, futsal e voleibol. 

O Executivo Municipal parabeniza a todos envolvidos com o projeto que colaboraram para realizaÃ§Ã£o dos Jogos, enfim, a todos que colaboraram, torceram ou participaram desse grandioso evento desportivo.

Fonte Assessoria de Imprensa",,84
Campina das MissÃµes,RS,Post,2022-08-29 19:31:36,prefeituracampina,"âœ… Encontro do Grupo de DiabÃ©ticos âœ…

Na manhÃ£ dessa segunda-feira, dia 29 de agosto, aconteceu o 3Âº encontro do Grupo de DiabÃ©ticos de Campina das MissÃµes no AuditÃ³rio do CRAS. 

A Nutricionista Gabriela dos Passos realizou orientaÃ§Ãµes a certa dos Cuidados na AlimentaÃ§Ã£o do DiabÃ©tico como parte do tratamento da doenÃ§a e distribuiu um folder de orientaÃ§Ãµes.

Na oportunidade tambÃ©m foi verificado a pressÃ£o arterial, realizado teste de glicemia e aferiÃ§Ã£o do peso e altura. TambÃ©m participaram da atividade a Enfermeira Janice Webler, AcadÃªmicas de Enfermagem Camila Grunitzky e Juliana Traczinski e ACS Augusta Dapper.

Fonte Assessoria de Imprensa.",,30
Campina das MissÃµes,RS,Post,2022-08-29 19:25:32,prefeituracampina,â™»ï¸ Recolhimento de Lixo no Interior â™»ï¸,,5
Campina das MissÃµes,RS,Post,2022-08-29 19:23:23,prefeituracampina,"ğŸ“Œ INFORMAÃ‡ÃƒO PROGRAMA PASSE LIVRE ESTUDANTIL 2022
INSTRUÃ‡Ã•ES PARA REALIZAÃ‡ÃƒO DE CADASTRO PARA O SEGUNDO SEMESTRE DE 2022: ğŸ“Œ
 
â€¢	Prazo para cadastro: AtÃ© 15 de setembro de 2022
â€¢	Requisitos:
â€¢	Residir em Campina das MissÃµes;
â€¢	Estudar em outro MunicÃ­pio;
â€¢	Ter renda per capitafamiliar de atÃ© 1,5 (um salÃ¡rio mÃ­nimo e meio â€“ R$ 1958,34);
â€¢	Entregar toda a documentaÃ§Ã£o necessÃ¡ria nos prazos estipulados;
â€¢	Os documentos sÃ³ serÃ£o aceitos, e, o cadastro sÃ³ serÃ¡ realizado se a documentaÃ§Ã£o estiver completa.
 
DOCUMENTOS OBRIGATÃ“RIOS:
â€¢	Uma foto 3Ã—4;
â€¢	FormulÃ¡rio Cadastral e DeclaraÃ§Ã£o de grupo Familiar preenchido e assinado pelo estudante, ou responsÃ¡vel legal (Anexo I)
â€¢	CÃ³pia legÃ­vel do documento de identificaÃ§Ã£o oficial do estudante frente e verso com foto (ex: RG, CTPS);
â€¢	CÃ³pia legÃ­vel do CPF;
â€¢	Comprovante de matrÃ­cula em InstituiÃ§Ã£o de Ensino do perÃ­odo letivo 2022/2 em municÃ­pio diverso do municÃ­pio de residÃªncia do beneficiÃ¡rio;
â€¢	Comprovante dos dias de aulas presenciais (ex.: segunda a sexta-feira), bem como previsÃ£o do recesso letivo (inÃ­cio e tÃ©rmino das aulas) do perÃ­odo letivo 2022/2, expedido pela instituiÃ§Ã£o de ensino;
â€¢	Comprovante de frequÃªncia do perÃ­odo letivo anterior 2022/1, informando frequÃªncia mÃ­nima de 75%, dispensado em caso de estudantes matriculados no primeiro semestre ou primeiro ano letivo;
â€¢	CÃ³pia do documento de identidade de todo o grupo familiar declarado ou CertidÃ£o de Nascimento (para menores de 18 anos).
â€¢	CÃ³pia da carteira de identificaÃ§Ã£o estudantil 2022:
 
PARA SOLICITAR A CARTEIRA ESTUDANTIL
â€“ Para mais informaÃ§Ãµes acesse:

https://campinadasmissoes.rs.gov.br/site/noticias/educacao/73902-informacao-programa-passe-livre-estudantil-2022",,10
Campina das MissÃµes,RS,Post,2022-08-29 17:18:32,prefeituracampina,âœ… ProgramaÃ§Ã£o Oficial da Semana da PÃ¡tria 2022 âœ…,,15
Campina das MissÃµes,RS,Post,2022-08-29 17:15:03,prefeituracampina,"A Secretaria Municipal de EducaÃ§Ã£o, Cultura, Turismo e Desporto â€“ SMECTD de Campina das MissÃµes comunica que estÃ£o abertas as inscriÃ§Ãµes para o AuxÃ­lio Transporte para os estudantes universitÃ¡rios e de nÃ­vel tÃ©cnico que se deslocam a outros municÃ­pios para fins de estudo. 

Ã‰ importante lembrar que as inscriÃ§Ãµes dos estudantes filiados a alguma associaÃ§Ã£o devem ser realizadas diretamente junto a diretoria da associaÃ§Ã£o. JÃ¡ os demais estudantes devem realizar a inscriÃ§Ã£o junto a SMECTD, de segunda a sexta - feira, das 07h30 min Ã s 11h30 min e da 13h30min Ã s 17h30min, atÃ© dia 23 de setembro de 2022. Os critÃ©rios para inscriÃ§Ã£o sÃ£o os seguintes e estÃ£o previstos nos artigos 3Âº e 4Âº da Lei Municipal NÂº 3290 de 24 de maio de 2022:Â 

Art. 3Âº O benefÃ­cio previsto nesta Lei serÃ¡ concedido apenas aos estudantes que atenderem cumulativamente aos seguintes requisitos:

I - Residam e tenham domicÃ­lio no MunicÃ­pio de Campina das MissÃµes - RS;

II â€“ Frequentem, regularmente, Curso de nÃ­vel Superior (de graduaÃ§Ã£o: tecnÃ³logos, licenciaturas e bacharelados), Curso Normal/MagistÃ©rio ou Cursos TÃ©cnicos, desde que nÃ£o sejam ofertados no MunicÃ­pio.

Â§ 1ÂºÂ O vale transporte instituÃ­do por esta Lei Ã© estendido aos estudantes que se deslocam a partir do MunicÃ­pio de Campina das MissÃµes/RS, atÃ© a sua instituiÃ§Ã£o de ensino com veÃ­culo prÃ³prio. Â  Â  Â  
Â  Â  Â  Â  Â  Â§ 2Âº A autorizaÃ§Ã£o contida no parÃ¡grafo anterior somente serÃ¡ concedida quando o deslocamento tiver como destino MunicÃ­pios para onde nÃ£o seja oferecido transporte escolar regular, diÃ¡rio e que permita ao estudante chegar ao inÃ­cio de sua aula.

Art. 4Âº Os estudantes beneficiÃ¡rios deverÃ£o cadastrar-se previamente perante o Poder PÃºblico Municipal, portando CPF, RG, nÂº de conta bancÃ¡ria/agÃªncia, em nome do beneficiÃ¡rio, e, apresentando cÃ³pia dos seguintes documentos:

I - Comprovante de residÃªncia;

II - Comprovante de matrÃ­cula atualizado;

III â€“ Atestado de freqÃ¼Ãªncia, com participaÃ§Ã£o mÃ­nima de 75% nas aulas;

ParÃ¡grafo Ãºnico: O cadastro previsto neste artigo deverÃ¡ ser renovado semestralmente.

Fonte Assessoria de Imprensa.",,14
Campina das MissÃµes,RS,Post,2022-08-29 16:55:08,prefeituracampina,"ğŸ“Œ DivulgaÃ§Ã£o do Resultado Preliminar do Processo Seletivo para ContrataÃ§Ã£o de Monitor de EducaÃ§Ã£o Infantil ğŸ“Œ

https://campinadasmissoes.rs.gov.br/site/noticias/educacao/73552-edital-n472022---monitor-de-educacao-infantil",,13
Campina das MissÃµes,RS,Post,2022-08-28 00:33:04,prefeituracampina,ğŸ“ Dia do PsicÃ³logo ğŸ“,,13
Campina das MissÃµes,RS,Post,2022-08-26 21:14:36,prefeituracampina,"âœ… PROJETO â€œ REFORMA E REVITALIZAÃ‡ÃƒO DA PRAÃ‡A DA MATRIZâ€. âœ…

Um projeto esperado por todos e para todos...
UM PROJETO OUSADO, OBEDECENDO AO PRINCÃPIO DE QUE O MUNICÃPIO DEVE AVANÃ‡AR EM TODOS OS ASPECTOS!

Projeto â€œPraÃ§a da Matrizâ€, concebido e planejado com muito amor pela AdministraÃ§Ã£o Municipal.

As obras desse grande projeto comeÃ§aram a ser executadas no inicio dessa semana pela empresa vencedora do certame licitatÃ³rio, a qual confirmou a entrega no prazo estipulado pelo mesmo.

Mais um sonho que comeÃ§ar a tomar forma, que em poucos dias se tornarÃ¡ realidade!

Fonte Assessoria de Imprensa.",,71
Campina das MissÃµes,RS,Post,2022-08-26 21:10:00,prefeituracampina,"ğŸ‰ğŸˆ ParabÃ©ns ğŸˆğŸ‰

A AdministraÃ§Ã£o Municipal Campinense parabeniza a todos os integrantes do quadro funcional que completam ou que irÃ£o completar mais um ano de vida durante essa semana!

VocÃªs todos sÃ£o muito importantes para nÃ³s. Desejos de muitos anos de vida, paz saÃºde e felicidades a todos ğŸ‘ğŸ‘ğŸ‘",,12
Campina das MissÃµes,RS,Post,2022-08-26 20:35:12,prefeituracampina,"Aconteceu na tarde desta quarta-feira (24), o 3Âº Festival da Melhor Idade, no Clube Progresso de Salvador das MissÃµes. 

Um Grande pÃºblico se fez presente para apreciar as apresentaÃ§Ãµes deste festival que visa valorizar o talento das pessoas da terceira idade. Na ocasiÃ£o, a prefeita em exercÃ­cio Janine Martini, acompanhando esse grande evento cultural e aproveitou para acompanhar a apresentaÃ§Ã£o dos intÃ©rpretes que estiveram representando o nosso municÃ­pio no festival sendo eles: Loiva MÃ¼nchen e Maria Lubenow.

Fonte Assessoria de Imprensa",,33
Campina das MissÃµes,RS,Post,2022-08-26 20:03:39,prefeituracampina,"ğŸ“Œ Atividade com Grupos da 3Âª Idade ğŸ“Œ

Na quarta-feira, dia 24 de agosto, foi realizado o encontro do Grupo da Terceira Idade da Linha Amadeu Norte, sendo essa uma atividade especial de promoÃ§Ã£o de aÃ§Ãµes de saÃºde e bem-estar do municÃ­pio. 

A programaÃ§Ã£o desenvolvida pela Secretaria Municipal de SaÃºde, tem o objetivo de fortalecer a participaÃ§Ã£o social do idoso e levar informaÃ§Ãµes importantes de prevenÃ§Ã£o e qualidade de vida a populaÃ§Ã£o idosa.

Estiveram presentes no encontro, a enfermeira Fernanda, a acadÃªmica Camila, a estagiÃ¡ria em Enfermagem Juliana Traczinski e a agente de saÃºde Fabiane Kauffmann, onde foram realizados orientaÃ§Ãµes sobre a utilizaÃ§Ã£o correta de medicamentos.

Na ocasiÃ£o foi realizada a demonstraÃ§Ã£o tambÃ©m, de como montar uma caixa de organizaÃ§Ã£o de medicamentos com material reciclÃ¡vel.

Fonte Assessoria de Imprensa.",,38
Campina das MissÃµes,RS,Post,2022-08-26 19:45:51,prefeituracampina,"ğŸ“Œ HomologaÃ§Ã£o das InscriÃ§Ãµes do Processo Seletivo para ContrataÃ§Ã£o de Monitor de EducaÃ§Ã£o Infantil ğŸ“Œ

https://campinadasmissoes.rs.gov.br/site/noticias/educacao/73833-homologacao-das-inscricoes----monitor-educacao-infantil",,13
Campina das MissÃµes,RS,Post,2022-08-24 20:27:47,prefeituracampina,"ğŸ’¥ QualificaÃ§Ã£o das MÃ¡quinasğŸ’¥

E o avanÃ§o continua com vigor.

ApÃ³s conquistar em 2021 uma Motoniveladora e Retroescavadeira novas, em 2022 iniciar com um novo carregador - todos do governo federal, no dia de hoje a comunidade campinense recebe mais uma retroescavadeira JCB nova 4x4, turbo, com ar condicionado - adquirida com recursos prÃ³prios pelo valor de R$ 445 mil reais.

Mas, os avanÃ§os nÃ£o param por aÃ­.

SÃ£o aguardados ainda a MÃ¡quina Pavimentadora - jÃ¡ adquirida e com previsÃ£o de entrega para setembro, o caminhÃ£o truck de 15m3, o rolo Autopropelido (estes dois em licitaÃ§Ã£o) e a aquisiÃ§Ã£o da Usina de Intertravado.

24 Anos em 4, iremos atingir a Meta!

Um projeto de vida, um projeto de amor, onde a grande beneficiada Ã© a sociedade campinense.

Fonte Assessoria de Imprensa",,117
Campina das MissÃµes,RS,Comentario,2022-08-25 10:44:59,marlirotert,,ParabÃ©ns aos que se dedicam e se esforÃ§am pra Campina melhor. Sucesso,
Campina das MissÃµes,RS,Comentario,2022-08-25 17:02:22,bernardiwerle,,Que bom ğŸ‘ ParabÃ©ns ğŸ‘,
Campina das MissÃµes,RS,Post,2022-08-24 20:23:38,prefeituracampina,"ğŸ“Œ Mural de Recados ğŸ“Œ

 No nosso MURAL DE RECADOS da AdministraÃ§Ã£o Municipal, constarn avisos, convites e Editais, dos quais sÃ£o entregues junto ao Setor de ComunicaÃ§Ã£o da Prefeitura durante a semana. 

Portanto se o seu Clube, associaÃ§Ã£o e demais grupos tiver interesse ou precisar desse serviÃ§o procure o Setor de Imprensa ou junto a RecepÃ§Ã£o na Prefeitura.

Fonte Assessoria de Imprensa.",,8
Campina das MissÃµes,RS,Post,2022-08-24 20:19:41,prefeituracampina,"ğŸ†ğŸ…OlimpÃ­adas Escolares - Ed. 2022  EstÃ¡ chegando a hora!! ğŸ…ğŸ†

A partir dessa quinta-feira, tem inÃ­cio as OlimpÃ­adas Escolares. 

Nesse dia 25/08 das 8h Ã s 17h na EMEF Imigrantes localizada na Linha Paca Norte Interior - Campina das MissÃµes, com a participaÃ§Ã£o das Escolas EMEF Santa Isabel, EMEF SÃ£o Luiz e EMEF Santa Teresa nas categorias I (1Âº e 2Âº Anos) e II (3Âº, 4Âº e 5Âº anos) nas modalidades: chute no pneu, corrida no saco, corrida 50m, pula corda, arremesso ao cesto, caÃ§ador, futsal, revezamento 4x50m e xadrez. 

No dia 26/08 das 8h Ã s 17h na EMEF Santa Isabel localizada na Rua JosÃ© ArcÃ¡dio Nedel nÂº 107 centro - Campina das MissÃµes, com a participaÃ§Ã£o das Escolas EMEF Imigrantes, EMEF Santa Teresa  e Casa Familiar Rural Filhos da Terra nas categorias III (6Âº, 7Âº, 8Âº e 9Âº Anos) e IV (Ensino MÃ©dio/TÃ©cnico). 

Modalidades para Categoria III: corridas 50m e 100m, xadrez, salto em altura, salto em distÃ¢ncia, arremesso de peso 3kg, revezamento 4x100m, futsal e voleibol. 

Modalidades para Categoria IV: corridas 50m e 100m, salto em altura, revezamento 4x100m, futsal e voleibol, nos dois dias das OlimpÃ­adas serÃ£o realizadas as aberturas oficiais as 8h com recepÃ§Ã£o das escolas, desfile dos atletas, apresentaÃ§Ãµes artÃ­sticas dos alunos da EMEF Imigrantes e EMEF Santa Teresa, protocolo e juramento dos atletas, ao final de cada tarde serÃ¡ feita a premiaÃ§Ã£o das equipes e encerramento.

Fonte Assessoria de Eventos",,35
Campina das MissÃµes,RS,Post,2022-08-24 20:12:40,prefeituracampina,"ğŸ“Œ PregÃ£o EletrÃ´nico 061/2022 ğŸ“Œ

https://www.campinadasmissoes.rs.gov.br/site/licitacoes/30627-pregao-eletronico-0612022-aquisicao-de-blocos-intertravados-unistein-8cm",,4
Campina das MissÃµes,RS,Post,2022-08-24 20:09:47,prefeituracampina,"ğŸ“Œ PregÃ£o EletrÃ´nico 060/2022 ğŸ“Œ

https://www.campinadasmissoes.rs.gov.br/site/licitacoes/30649-pregao-eletronico-srp-0602022--registro-de-preco-para-aquisicao-de-cbuq",,3
Campina das MissÃµes,RS,Post,2022-08-24 20:08:07,prefeituracampina,"ğŸ“Œ PregÃ£o EletrÃ´nico 57/2022 ğŸ“Œ

https://www.campinadasmissoes.rs.gov.br/site/licitacoes/30628-pregao-eletronico-0572022-aquisicao-de-um-caminhao-cacamba-truck-basculante-convenio-91411421-mapa",,1
Campina das MissÃµes,RS,Post,2022-08-24 20:06:18,prefeituracampina,"ğŸ“Œ PregÃ£o EletrÃ´nico 056/2022 ğŸ“Œ

https://www.campinadasmissoes.rs.gov.br/site/licitacoes/30648-pregao-eletronico-0562022-aquisicao-de-um-rolo-compactador-autopropelido",,2
Campina das MissÃµes,RS,Post,2022-08-24 19:05:18,prefeituracampina,"ğŸ“Œ Atividade com Grupos da 3Âª Idade ğŸ“Œ

Nessa terÃ§a-feira, dia 23 de agosto, foi realizado o encontro do Grupo da Terceira Idade SÃƒO FRANCISCO DE ASSIS da SecÃ§Ã£o F, sendo essa uma atividade especial de promoÃ§Ã£o de aÃ§Ãµes de saÃºde e bem-estar do municÃ­pio. 

A programaÃ§Ã£o desenvolvida pela Secretaria Municipal de SaÃºde, teve o objetivo de fortalecer a participaÃ§Ã£o social do idoso e levar informaÃ§Ãµes importantes de prevenÃ§Ã£o e qualidade de vida a populaÃ§Ã£o idosa.

Estiveram presentes nessa programaÃ§Ã£o a enfermeira Fernanda, a acadÃªmica Camila, a TÃ©cnica em Enfermagem Aline e a agente de saÃºde Palmira, onde foram realizadas orientaÃ§Ãµes sobre a utilizaÃ§Ã£o correta de medicamentos. 

TambÃ©m na oportunidade os participantes trouxeram plantas medicinais e compartilharam seus conhecimentos na utilizaÃ§Ã£o delas. 

Na ocasiÃ£o foi realizada a demonstraÃ§Ã£o tambÃ©m, de como montar uma caixa de organizaÃ§Ã£o de medicamentos com material reciclÃ¡vel.

Fonte Assessoria de Imprensa.",,22
Campina das MissÃµes,RS,Post,2022-08-24 17:33:31,prefeituracampina,"âœ… Posse de Servidora âœ…
Tomou posse na manhÃ£ dessa terÃ§a-feira (23), a servidora Keli LetÃ­cia Leichtweis, no cargo de Professora de SÃ©ries Iniciais, logrando aprovaÃ§Ã£o no Concurso PÃºblico Municipal, realizado no dia 25 de outubro de 2020, nomeada pela portaria 364/2022 de 28 de julho de 2022, com lotaÃ§Ã£o na Secretaria Municipal de EducaÃ§Ã£o, Cultura, Turismo e Desporto da Prefeitura Municipal de Campina das MissÃµes. 

A AdministraÃ§Ã£o Municipal deseja a professora Keli, as boas vindas e muito sucesso junto ao nosso municÃ­pio.

Fonte: Assessoria de Imprensa.",,46
Campina das MissÃµes,RS,Post,2022-08-24 12:15:05,prefeituracampina,"ğŸ“Œ Processo Seletivo para ContrataÃ§Ã£o de Monitor de EducaÃ§Ã£o Infantil ğŸ“Œ

https://campinadasmissoes.rs.gov.br/site/noticias/educacao/73552-edital-n472022---monitor-de-educacao-infantil",,4
Campina das MissÃµes,RS,Post,2022-08-23 20:56:34,prefeituracampina,"ğŸš§ Obras no Interior ğŸš§

A Secretaria de Obras coordenada pelo SecretÃ¡rio Valdir Henz, continua com os esforÃ§os voltados para o melhoramento da qualidade das estradas no interior do nosso municÃ­pio. 

Tanto que segue efetuando o patrolamento e a compactaÃ§Ã£o com o rolo autopropelido, visando melhorar a qualidade das mesmas.

Nessa terÃ§a-feira, dia 23 de agosto, as mÃ¡quinas estÃ£o executando trabalhos de patrolamento, compactaÃ§Ã£o e melhorias no estradÃ£o que liga o municÃ­pio a Vila Teresa, seguindo o cronograma de trabalhos definido pela Secretaria de Obras durante a semana, e tendo invista o grande fluxo de veÃ­culos no local, melhorando assim a trafegabilidade e possibilitando uma estrada melhor para os moradores.

Fonte Assessoria de Imprensa",,43
Campina das MissÃµes,RS,Comentario,2022-08-23 20:58:26,marlirotert,,Linha butia sul. Escola,
Campina das MissÃµes,RS,Post,2022-08-23 19:19:46,prefeituracampina,"ğŸ“Œ Programa SaÃºde na Escola ğŸ“Œ

No dia 22/08, foram realizadas algumas atividades do Programa SaÃºde na Escola na Escola Santa Teresa. 

A prevenÃ§Ã£o de doenÃ§as bucais tem se apresentado como forma mais eficaz de promover a saÃºde bucal. 

Muitos trabalhos educativos e preventivos vÃªm sendo realizados dentro das escolas, transmitindo informaÃ§Ãµes sobre o cuidado com a higiene bucal. A OdontÃ³loga, Dra Maiara Kaufmann e a auxiliar de SaÃºde Bucal Keli Bastian, estiveram visitando os alunos e explicando sobre a importÃ¢ncia da introduÃ§Ã£o sobre os cuidados com a higiene bucal e a prevenÃ§Ã£o com essa prÃ¡tica.

O programa tambÃ©m consiste em orientaÃ§Ãµes importante para a prevenÃ§Ã£o e cuidados com a nossa saÃºde. Sendo assim, a Enfermeira Janice Webler,  a AcadÃªmica de Enfermagem Camila Gruniztki e ACS Leonardo Spohr, estiveram realizando vÃ¡rias atividades entre elas:

âœ… VerificaÃ§Ã£o da Caderneta de Vacinas;

âœ… Antropometria ( AvaliaÃ§Ã£o de peso e altura);

âœ… Testes de VisÃ£o;

Agradecemos tambÃ©m a direÃ§Ã£o, funcionÃ¡rios e professores pelo acompanhamento e recepÃ§Ã£o a nossa equipe responsÃ¡vel pelo trabalho.

Fonte Assessoria de Imprensa.",,46
Campina das MissÃµes,RS,Comentario,2022-08-24 01:08:59,rozanesiveris,,Lindas queridas â¤ï¸ğŸ¥°,
Campina das MissÃµes,RS,Post,2022-08-23 17:34:30,prefeituracampina,"ğŸ“Œ Atividades de Grupo ğŸ“Œ

Na tarde do dia 18.08 a Enfermeira Janice Webler e a AcadÃªmica de Enfermagem da Fema Camila Gruniztki realizaram uma roda de conversa sobre o uso de medicamentos com o Grupo da Terceira Idade na Linha Amadeu Sul.

Na oportunidade foi aferida a PressÃ£o Arterial dos participantes e orientado como confeccionar uma caixa para organizar os medicamentos.",,30
Campina das MissÃµes,RS,Post,2022-08-22 21:17:46,prefeituracampina,"ğŸš§ RecuperaÃ§Ã£o de Estradas ğŸš§

O bom estado de conservaÃ§Ã£o das estradas vicinais Ã© uma das prioridades da nossa gestÃ£o.

O compromisso com a populaÃ§Ã£o Ã© de recuperar todas as estradas, garantindo a maior comodidade, trafegabilidade e mobilidade com seguranÃ§a, evitando problemas no deslocamento. 

O grande volume de chuvas registrado nos Ãºltimos dias, ocasionou vÃ¡rios problemas e a degradaÃ§Ã£o das estradas e a Prefeitura atravÃ©s da Secretaria de Obras, segue trabalhando com forÃ§a total na manutenÃ§Ã£o e recuperaÃ§Ã£o dos pontos crÃ­ticos.

Os trabalhos de melhorias estÃ£o concentrados na estrada que dÃ¡ acesso ao municÃ­pio de Salvador das MissÃµes, via Linha ComandaÃ­. Registros dos trabalhos realizados no local, como patrolamento  e compactaÃ§Ã£o do trecho com o rolo autopropelido.

Outras estradas que ligam a cidade a outros municÃ­pios e comunidades, tambÃ©m passarÃ£o por manutenÃ§Ã£o e recuperaÃ§Ã£o.

De acordo o SecretÃ¡rio Valdir Henz, o trabalho de melhorias das estradas vicinais nÃ£o para, serÃ¡ contÃ­nuo e seguirÃ¡ o cronograma definido pela Secretaria de Obras, com o objetivo de facilitar o acesso aos moradores, garantir o escoamento da produÃ§Ã£o agrÃ­cola e propiciar muito mais qualidade de vida aos moradores.

Fonte Assessoria de Imprensa.",,54
Campina das MissÃµes,RS,Post,2022-08-22 21:06:56,prefeituracampina,"ğŸ“Œ DoaÃ§Ãµes aos Fundos Municipais registram nÃºmeros expressivos ğŸ“Œ

A AdministraÃ§Ã£o Municipal registrou doaÃ§Ãµes aos fundos municipais da CrianÃ§a e do Adolescente (FMDCA) e do Idoso (FMDI). O FMDCA recebeu R$ 11.975,65, e o Fundo do Idoso, R$ 29.731.72, totalizando R$ 41.707,37. Os recursos serÃ£o usados em projetos voltados a crianÃ§a e adolescente e para a populaÃ§Ã£o idosa, das quais sua contribuiÃ§Ã£o serÃ¡ muito importante para desenvolver esses projetos que irÃ£o trazer mais qualidade de vida a nossa populaÃ§Ã£o.

Dados mostram que mais de 75% dos municÃ­pios brasileiros nÃ£o captam doaÃ§Ãµes para os fundos dos diretos da CrianÃ§a e do Adolescente. Ainda em 2021, a atual gestÃ£o criou contas bancÃ¡rias exclusivas para uso dos fundos, para que os valores ali depositados fossem de utilizados para o desenvolvimento de projetos voltados para crianÃ§as, adolescentes e pessoas idosas.

As doaÃ§Ãµes podem ser feitas durante todo o ano. Para os que desejarem efetuar a aÃ§Ã£o com renÃºncia fiscal (deduÃ§Ã£o no Imposto de Renda), as doaÃ§Ãµes devem ser feitas nos meses de marÃ§o, abril conforme a DeclaraÃ§Ã£o do Imposto de Renda.

A AdministraÃ§Ã£o Municipal agradece a todos que contribuÃ­ram doando e indicando sua contribuiÃ§Ã£o aos nossos Fundos Municipais, pois muitos projetos voltados a crianÃ§a e adolescente e para a populaÃ§Ã£o idosa irÃ£o acontecer durante esse ano, e a sua contribuiÃ§Ã£o serÃ¡ muito importante para desenvolver esses projetos que irÃ£o trazer mais qualidade de vida a nossa populaÃ§Ã£o.

Fonte Assessoria de Imprensa.",,6
Campina das MissÃµes,RS,Post,2022-08-20 15:31:56,prefeituracampina,"ğŸ’¥ Dia D de MultivacinaÃ§Ã£o ğŸ’¥

SÃ¡bado.. 20 de agosto, dia D, dia de mobilizaÃ§Ã£o nacional da CAMPANHA DE MULTIVACINAÃ‡ÃƒO. 

Atendimento junto ao Posto de SaÃºde atÃ© as 16 horas, para atualizaÃ§Ã£o das carteiras de vacinaÃ§Ã£o de crianÃ§as e adolescentes menores de 15 anos.

â¡ï¸ VacinaÃ§Ã£o contra a poliomielite para crianÃ§as de 1, 2, 3 e 4 anos;

â¡ï¸ AdministraÃ§Ã£o de vacinas para adultos com alguma vacina em atraso;

â¡ï¸Atividades lÃºdicas para as crianÃ§as com entrega de brindes, pula pula e pintura de rosto;

â¡ï¸ Coleta de Preventivos e realizaÃ§Ã£o de teste rapido para HIV, SÃFILIS E HEPATITES B E C.

Portanto pais, tragam seus filhos menores de 5 anos para tomar a vacina contra a Poliomielite, as gotinhas e tambÃ©m crianÃ§as menores de 15 anos, para avaliaÃ§Ã£o da carteira de vacinaÃ§Ã£o.

A AdministraÃ§Ã£o Municipal agradece a todos envolvidos nessa Campanha, assim como queremos agradecer ao Interact Club, um grupo de jovens e adolescentes que sob a supervisÃ£o do Rotary Club do municÃ­pio, estiveram auxiliando nos trabalhos da Secretaria de SaÃºde, a eles nosso agradecimento especial.

Fonte Assessoria de Imprensa.",,109
Campina das MissÃµes,RS,Comentario,2022-08-20 19:40:03,dgp.advogado,,ğŸ‘ğŸ‘ğŸ‘ğŸ‘,
Campina das MissÃµes,RS,Post,2022-08-19 21:09:06,prefeituracampina,"ğŸ“Œ CAMPANHA DE VACINAÃ‡ÃƒO DIA ""Dâ€ ğŸ“Œ

â¡ï¸SerÃ¡ nesse sÃ¡bado dia 20 de agosto das 08 as 16 horas;

â¡ï¸VacinaÃ§Ã£o contra a poliomielite para crianÃ§as de 1, 2, 3 e 4 anos;

â¡ï¸AvaliaÃ§Ã£o das carteiras de vacinas de crianÃ§as e adolescentes atÃ© 15 anos de idade;

â¡ï¸AdministraÃ§Ã£o de vacinas para adultos com alguma vacina em atraso;

â¡ï¸Atividades lÃºdicas para as crianÃ§as com entrega de brindes, pula pula e pintura de rosto;
â¡ï¸HaverÃ¡ tambÃ©m Coleta de Preventivos e realizaÃ§Ã£o de teste rapido para HIV, SÃFILIS E HEPATITES B E C.

Fonte Assessoria de Imprensa",,7
Campina das MissÃµes,RS,Post,2022-08-19 21:08:01,prefeituracampina,"ğŸ‰ğŸˆ ParabÃ©ns ğŸˆğŸ‰

A AdministraÃ§Ã£o Municipal Campinense parabeniza a todos os integrantes do quadro funcional que completam ou que irÃ£o completar mais um ano de vida durante essa semana!

VocÃªs todos sÃ£o muito importantes para nÃ³s. Desejos de muitos anos de vida, paz saÃºde e felicidades a todos ğŸ‘ğŸ‘ğŸ‘",,4
Campina das MissÃµes,RS,Post,2022-08-19 21:06:56,prefeituracampina,"ğŸ“Œ Mural de Recados ğŸ“Œ

 No nosso MURAL DE RECADOS da AdministraÃ§Ã£o Municipal, constarn avisos, convites e Editais, dos quais sÃ£o entregues junto ao Setor de ComunicaÃ§Ã£o da Prefeitura durante a semana. 

Portanto se o seu Clube, associaÃ§Ã£o e demais grupos tiver interesse ou precisar desse serviÃ§o procure o Setor de Imprensa ou junto a RecepÃ§Ã£o na Prefeitura.

Fonte Assessoria de Imprensa.",,10
Campina das MissÃµes,RS,Post,2022-08-19 21:05:31,prefeituracampina,ğŸ“Œ PregÃ£o Presencial ğŸ“Œ,,4
Campina das MissÃµes,RS,Post,2022-08-19 21:04:53,prefeituracampina,ğŸ“Œ PregÃ£o Presencial ğŸ“Œ,,3
Campina das MissÃµes,RS,Post,2022-08-19 21:04:24,prefeituracampina,ğŸ“Œ PregÃ£o Presencial ğŸ“Œ,,7
Campina das MissÃµes,RS,Post,2022-08-18 20:31:57,prefeituracampina,"Cada vez mais as pessoas tÃªm buscado se conectar com prazeres simples. Entre as prÃ¡ticas mais procuradas nesse contexto, os trabalhos manuais vÃªm ganhando destaque. 

Assim, fazer um curso de artesanato gratuito Ã© um jeito certeiro de aprender tÃ©cnicas e aprimorar seus talentos. 

Interessados podem entrar em contato no 3567-1120",,5
Campina das MissÃµes,RS,Post,2022-08-18 20:21:21,prefeituracampina,â¤ï¸ DoaÃ§Ã£o de Sangue â¤ï¸,,6
Campina das MissÃµes,RS,Post,2022-08-18 17:44:16,prefeituracampina,ğŸ“Œ PregÃ£o EletrÃ´nico para ContrataÃ§Ã£o de Empresa para o Fornecimento de Equipamentos AgrÃ­colas ğŸ“Œ,,4
Campina das MissÃµes,RS,Post,2022-08-18 17:42:21,prefeituracampina,"ğŸ“Œ PregÃ£o EletrÃ´nico - ContrataÃ§Ã£o de Empresa para Fornecimento de um VeÃ­culo de Transporte SanitÃ¡rio com Acessibilidade, tipo Van ğŸ“Œ",,9
Campina das MissÃµes,RS,Post,2022-08-17 20:34:51,prefeituracampina,"ğŸ“Œ Processo Seletivo para ContrataÃ§Ã£o de Operador de MÃ¡quina Pesada ğŸ“Œ

https://campinadasmissoes.rs.gov.br/site/noticias/obras/73599-edital-n48-2022----operador-de-maquina-pesada",,27
Campina das MissÃµes,RS,Post,2022-08-17 20:31:57,prefeituracampina,"ğŸ“Œ CAMPANHA DE VACINAÃ‡ÃƒO DIA ""Dâ€ ğŸ“Œ

â¡ï¸SerÃ¡ nesse sÃ¡bado dia 20 de agosto das 08 as 16 horas;

â¡ï¸VacinaÃ§Ã£o contra a poliomielite para crianÃ§as de 1, 2, 3 e 4 anos;

â¡ï¸AvaliaÃ§Ã£o das carteiras de vacinas de crianÃ§as e adolescentes atÃ© 15 anos de idade;

â¡ï¸AdministraÃ§Ã£o de vacinas para adultos com alguma vacina em atraso;

â¡ï¸Atividades lÃºdicas para as crianÃ§as com entrega de brindes, pula pula e pintura de rosto;
â¡ï¸HaverÃ¡ tambÃ©m Coleta de Preventivos e realizaÃ§Ã£o de teste rapido para HIV, SÃFILIS E HEPATITES B E C.

Fonte Assessoria de Imprensa",,14
