Catanduvas,PR,Post,2022-09-14 18:17:38,municipiodecatanduvas,"Aten√ß√£o para o in√≠cio da Coleta de Documentos!
""Essa Terra √© Nossa"".",,1
Catanduvas,PR,Post,2022-09-08 17:38:40,municipiodecatanduvas,"Aten√ß√£o Catanduvas! 

Vem a√≠...

 O Desfile C√≠vico em Comemora√ß√£o aos 200 anos de Independ√™ncia Brasil!!!",,7
Catanduvas,PR,Post,2022-09-08 14:17:51,municipiodecatanduvas,Comunicado!,,8
Catanduvas,PR,Post,2022-09-07 21:45:17,municipiodecatanduvas,"7 de Setembro, 200 anos de Independ√™ncia do Brasil!",,5
Catanduvas,PR,Post,2022-09-07 08:25:35,municipiodecatanduvas,"COMUNICADO!

A Administra√ß√£o Municipal de Catanduvas, Comunica que o Desfile C√≠vico de 7 de setembro, que aconteceria hoje, foi CANCELANDO em decorr√™ncia da chuva, em breve anunciaremos uma nova data.

Agradecemos a compreens√£o.",,25
Catanduvas,PR,Post,2022-09-02 15:42:45,municipiodecatanduvas,"Essa Terra √© Nossa!

O Governo de Catanduvas, convida os moradores dos Bairros Alto Alegre, Jardim Catanduvas e Pinga Fogo, para participarem da reuni√£o referente √† regulariza√ß√£o de lotes e emiss√£o de matr√≠culas.",,1
Catanduvas,PR,Post,2022-09-01 16:10:47,municipiodecatanduvas,"Desfile C√≠vico,  7 de Setembro.
Brasil 200 anos de Independ√™ncia.",,4
Catanduvas,PR,Comentario,2022-09-04 15:33:28,rivaldocarlos.p,,Muito bem parab√©ns prefeitura por est√° Ed√©ia maravilhosa de chamar povo pra comemora√ß√£o do sete se setembro pq este e o dia do povo parab√©ns prefeito.üëèüèº,
Catanduvas,PR,Post,2022-08-31 14:22:20,municipiodecatanduvas,Comunicado Importante!,,8
Catanduvas,PR,Post,2022-08-29 16:15:17,municipiodecatanduvas,Aviso Importante!,,4
Catanduvas,PR,Comentario,2022-08-31 22:52:51,rivaldocarlos.p,,Muito bem senhor prefeito est√° sendo bem empregado o dinheiro do munic√≠pio parab√©ns üëèüëèüëèüëèüëèüëèüëè,
Catanduvas,PR,Post,2022-08-19 22:22:02,municipiodecatanduvas,"NOTA INFORMATIVA
COVID-19

A Secretaria Municipal de Sa√∫de de Catanduvas comunica mais 18 casos positivos de COVID-19 durante a semana de 13 a 19 de agosto.

Pacientes do sexo feminino 34, 36, 42, 43, 44, 49, 72 e 78 anos e pacientes do sexo masculino 26, 31, 33, 35, 37, 37, 40, 41, 49 e 85 anos. Est√£o sendo monitorados pelo setor epidemiol√≥gico conforme prev√™ a legisla√ß√£o e protocolos. Conforme Lei 13.853/2019, √© vedado a divulga√ß√£o de dados pessoais dos pacientes suspeitos ou confirmados, sendo a viola√ß√£o destes direitos sujeitos a responsabiliza√ß√£o administrativa, civil e criminal.

O descumprimento das orienta√ß√µes da equipe de sa√∫de, poder√£o acarretar san√ß√µes prevista do C√≥digo Penal Brasileiro em seu Art. 267 e 268.
Informamos que √© obrigat√≥rio o uso de m√°scara conforme RESOLU√á√ÉO SESA N¬∫ 243/2022. Art. 6¬∫ Fica obrigat√≥rio o uso de m√°scaras de prote√ß√£o facial com total cobertura do nariz, boca e queixo:
I ‚Äì Por indiv√≠duos com sintomas de s√≠ndrome gripal, teste positivo, ou exposi√ß√£o a algu√©m com COVID-19 em ambientes abertos e fechados;
II ‚Äì No controle de surtos;
III ‚Äì Para acesso aos espa√ßos p√∫blicos ou privados de presta√ß√£o de servi√ßos de sa√∫de, que atendam pacientes com suspeita ou confirma√ß√£o de casos de s√≠ndrome respirat√≥rias e COVID-19, por funcion√°rios, pacientes e visitantes.
 
Catanduvas/PR 19 de agosto de 2022.
 
Ademar Luiz Burckhardt
Secret√°rio Municipal de Sa√∫de",,3
Catanduvas,PR,Post,2022-08-16 21:13:11,municipiodecatanduvas,"PREFEITURA DE CATANDUVAS ABRE PROCESSO SELETIVO SIMPLIFICADO (PSS) PARA OS CARGOS DE DENTISTA E ENFERMEIRO.

Est√° aberto o Edital do Processo Seletivo Simplificado para os cargos de Dentista (1) e Enfermeiro (1), conforme Decreto n¬∫ 174/2022.

Para participar, os interessados devem efetuar as inscri√ß√µes no per√≠odo de 17 a 23 de agosto de 2022, na Secretaria Municipal de Sa√∫de, situada na Avenida dos Pioneiros, n¬∫ 623, no hor√°rio das 13h √†s 17h. 

Acesse o Edital: http://www.controlemunicipal.com.br/inga/sistema/arquivos/11924/110822093123_20220811092531998_pdf.pdf

Para mais informa√ß√µes, entrar em contato no telefone 3234-8580.",,9
Catanduvas,PR,Post,2022-08-15 11:19:54,municipiodecatanduvas,"O CRAS de Catanduvas, comunica que no dia 17 de agosto (quarta-feira), haver√° entrevistas de emprego. 

LAR - Cooperativa Agroindustrial: 
Hor√°rio: 09h30.
Local: CRAS DE CATANDUVAS

Para mais informa√ß√µes, entrar em contato atrav√©s do telefone/whatsApp (45) 9 8407-0424 ou procurar o CRAS, que fica localizado na Rua Dom Pedro II, 512 - Centro (em frente ao Lago Municipal).",,2
Catanduvas,PR,Post,2022-08-09 16:10:56,municipiodecatanduvas,"PREFEITO PROFESSOR MOIS√âS PRESTA HOMENAGEM AOS ATLETAS CATANDUVENSES QUE FORAM DESTAQUES NO CEN√ÅRIO ESPORTIVO REGIONAL.

Na manh√£ desta segunda-feira (08), o Prefeito Professor Mois√©s, recebeu em seu gabinete os atletas, Edilson Malavski, Guilherme Salles, Matheus Vinicius, Vilso Cavagnoli (Biro) e D√©cio Luiz Poletto, para uma singela homenagem em reconhecimento ao brilhante desempenho e conquistas em diversas modalidades esportivas da regi√£o.

Edilson Malavski, levantou mais um t√≠tulo, desta vez, integrando a equipe cascavelense de bol√£o, Edilson foi campe√£o da Fase Regional dos Jogos Abertos do Paran√° que foi realizada na cidade de Planalto.

Ap√≥s conquistarem a 38¬™ Copa Brasil de Karat√™ na cidade de Osasco ‚Äì SP, representando a cidade de Cascavel, os atletas Diony Boava, Guilherme Salles e Matheus Vinicius, estar√£o representando o Brasil no Sulamericano de Karat√™, em Mendoza na Argentina.

Fazendo parte da equipe dos donos da casa, Vilso Cavagnoli (Biro), foi campe√£o por equipes na modalidade Bocha nos Jogos Abertos do Paran√° ‚Äì Fase Regional, que foi realizado na cidade de Palmas. Biro, tamb√©m foi destaque no Campeonato Paranaense de Bocha, na cidade de Marechal C√¢ndido Rondon, onde se sagrou vice-campe√£o estadual na categoria de duplas.

D√©cio Luiz Poletto, foi campe√£o do Campeonato de Bol√£o Costa Oeste e do Torneio Interestadual em Pinh√£o. D√©cio foi destaque nos Jogos Abertos do Paran√° ‚Äì Fase Regional, conquistando o terceiro lugar, ele tamb√©m foi vice-campe√£o do Torneio de Bituruna e do Campeonato Paranaense de Bol√£o Master, realizado na cidade de Astorga.
Ainda em 2022, Poletto estar√° disputando as fases finais dos Jogos Abertos do Paran√° e do Campeonato Paranaense de Bol√£o Master.
Nos Jogos Abertos do Paran√°, Poletto est√° defendendo a cidade de Palotina, j√° no Campeonato Paranaense de Bol√£o Master, ele representa a cidade de Cascavel e nos demais torneios disputados ele atua pela equipe de Toledo.",,25
Catanduvas,PR,Post,2022-08-05 13:37:44,municipiodecatanduvas,"NOTA INFORMATIVA 
COVID-19 

A Secretaria Municipal de Sa√∫de de Catanduvas comunica mais 11 casos positivos de COVID-19 durante a semana de 30 de julho at√© 05 de agosto. 

Pacientes do sexo feminino 22, 27, 29, 34, 54 e 55 anos e pacientes do sexo masculino 32, 33, 54, 57 e 67 anos. Est√£o sendo monitorados pelo setor epidemiol√≥gico conforme prev√™ a legisla√ß√£o e protocolos.

 Conforme Lei 13.853/2019, √© vedado a divulga√ß√£o de dados pessoais dos pacientes suspeitos ou confirmados, sendo a viola√ß√£o destes direitos sujeitos a responsabiliza√ß√£o administrativa, civil e criminal. 
O descumprimento das orienta√ß√µes da equipe de sa√∫de, poder√£o acarretar san√ß√µes prevista do C√≥digo Penal Brasileiro em seu Art. 267 e 268.
Informamos que √© obrigat√≥rio o uso de m√°scara conforme RESOLU√á√ÉO SESA N¬∫ 243/2022. Art. 6¬∫ Fica obrigat√≥rio o uso de m√°scaras de prote√ß√£o facial com total cobertura do nariz, boca e queixo:
I ‚Äì Por indiv√≠duos com sintomas de s√≠ndrome gripal, teste positivo, ou exposi√ß√£o a algu√©m com COVID-19 em ambientes abertos e fechados; 
II ‚Äì No controle de surtos; 
III ‚Äì Para acesso aos espa√ßos p√∫blicos ou privados de presta√ß√£o de servi√ßos de sa√∫de, que atendam pacientes com suspeita ou confirma√ß√£o de casos de s√≠ndrome respirat√≥rias e COVID-19, por funcion√°rios, pacientes e visitantes.",,1
Catanduvas,PR,Post,2022-08-04 22:25:19,municipiodecatanduvas,"Nos dias 02, 03 e 04 de agosto a Secretaria Municipal de Sa√∫de em parceria com o CINDACTA II, realizaram a√ß√£o educativa de preven√ß√£o e controle da dengue em Catanduvas. 

Esta a√ß√£o realizada pelos agentes de endemias, agentes comunit√°rios de sa√∫de e soldados do CINDACTA, teve por objetivo visitar as resid√™ncias fazendo orienta√ß√µes a popula√ß√£o da import√¢ncia de manterem suas propriedades limpas e organizadas, bem como explanar sobre a import√¢ncia do destino adequado do lixo que cada um produz. 

 A Coordenadora da Dengue Lilian Bernart, destaca que, se cada morador fizer a sua parte n√£o deixando lixo acumulado e nem qualquer objeto ou recipiente que possa acumular √°gua e vir a se tornar um criadouro do mosquito da dengue, cada vez teremos menos casos da doen√ßa em nossa cidade.
 Ainda, agradece o empenho e dedica√ß√£o da equipe dos ACE e ACS e da equipe do Tenente Leandro nesta primeira fase da a√ß√£o, e agradece ainda a popula√ß√£o que nos recebeu em sua casa, ouvindo atentamente as orienta√ß√µes. 
Para finalizar o Secret√°rio de Sa√∫de, Ademar Luiz Burckhardt, pede apoio a popula√ß√£o, pois, estes trabalhos que a Secretaria vem desenvolvendo s√£o trabalhos de preven√ß√£o que √© o melhor e mais eficiente no combate √† Dengue, mas todos devem fazer sua parte, ajudando e colaborando para mantermos nossa cidade limpa e livre dos criadouros da dengue, pois tivemos um per√≠odo dif√≠cil onde muitas pessoas tiveram dengue e ficaram bastante debilitas e nossa preocupa√ß√£o com a sa√∫de dos catanduvenses sempre √© prioridade.",,11
Catanduvas,PR,Post,2022-08-03 19:14:33,municipiodecatanduvas,"CATANDUVENSE DECIO L. POLETTO SE CLASSIFICA PARA AS FASES FINAIS DOS JAP‚ÄôS E DO CAMPEONATO PARANAENSE DE BOL√ÉO MASTER.

O ano de 2022 continua sendo de destaque para Catanduvas no cen√°rio esportivo estadual. Nos √∫ltimos meses o Catanduvense Decio Luiz Poletto, vem empilhando trof√©us em diversas regi√µes do nosso estado. Ele foi campe√£o do Campeonato de Bol√£o Costa Oeste e do Torneio Interestadual em Pinh√£o. Decio foi destaque nos Jogos Abertos do Paran√° ‚Äì Fase Regional, conquistando o terceiro lugar, ele tamb√©m foi vice-campe√£o do Torneio de Bituruna e do Campeonato Paranaense de Bol√£o Master, realizado na cidade de Astorga.

Ainda em 2022, Poletto estar√° disputando as fases finais dos Jogos Abertos do Paran√° e do Campeonato Paranaense de Bol√£o Master.

Nos Jogos Abertos do Paran√°, Poletto est√° defendendo a cidade de Palotina, j√° no Campeonato Paranaense de Bol√£o Master, ele representa a cidade de Cascavel e nos demais torneios disputados ele atua pela equipe de Toledo.

Recentemente Decio Luiz Poletto, tamb√©m fez parte da equipe da AABB de Curitiba, onde participou do Torneio da Praia Guaratuba.",,8
Catanduvas,PR,Post,2022-08-02 16:11:28,municipiodecatanduvas,Aten√ß√£o Catanduvas!,,0
Catanduvas,PR,Post,2022-08-02 14:27:43,municipiodecatanduvas,"Vem a√≠!!!

#redeculturaoeste #conveniolinhaecologica #lindeiros #cultura #arteeduca√ß√£o #linhaecologica",,3
Catanduvas,PR,Post,2022-08-02 13:25:54,municipiodecatanduvas,"CATANDUVENSE VILSO CAVAGNOLI (BIRO), √â CAMPE√ÉO DOS JOGOS ABERTOS DO PARAN√Å E VICE-CAMPE√ÉO PARANAENSE DE BOCHA.

Catanduvas √© mais uma vez destaque no meio esportivo, desta vez com o Catanduvense Vilso Cavagnoli, o Biro.

Biro foi campe√£o por equipes na modalidade Bocha nos Jogos Abertos do Paran√° ‚Äì Fase Regional, que foi realizado na cidade de Palmas entre os dias 8 e 10 de julho. Na oportunidade Vilso Cavagnoli fez parte da equipe dos donos da casa.

Mais recentemente, entre os dias 30 e 31 de julho, Biro participou do Campeonato Paranaense de Bocha, na cidade de Marechal C√¢ndido Rondon, onde se sagrou vice-campe√£o estadual na categoria de duplas. O evento contou com a participa√ß√£o de 87 duplas de diversas regi√µes do estado.",,2
Catanduvas,PR,Post,2022-08-02 11:59:34,municipiodecatanduvas,"CATANDUVENSES DIONY, GUILHERME E MATHEUS, V√ÉO REPRESENTAR O BRASIL NO SULAMERICANO DE KARAT√ä, QUE SER√Å REALIZADO NA ARGENTINA.

No dia 30 de julho, os Catanduvenses Diony Boava, Guilherme Salles, Matheus Vinicius Coelho e o Professor de Karat√™ do CRAS de Catanduvas, Paulo Castegnaro, sob orienta√ß√£o do Sensei, Valmir de Souza Penteado, participaram da 38¬™ Copa Brasil de Karat√™ na cidade de Osasco ‚Äì SP, representando a cidade de Cascavel. Todos conquistaram p√≥dios.

Agora seguir√£o representando o Brasil no Sulamericano em Mendoza na Argentina.

Diony ‚Äì Campe√£o Kumit√™ S√™nior ( -75 kg)
Guilherme ‚Äì Vice campe√£o Kumit√™ J√∫nior (-68 kg)
Matheus ‚Äì Campe√£o Kumit√™ J√∫nior (-68 kg)
Paulo Castegnaro‚Äì Campe√£o Kata",,16
Catanduvas,PR,Comentario,2022-08-07 21:03:40,frazaokarate,,Oss,
Catanduvas,PR,Post,2022-07-29 20:25:52,municipiodecatanduvas,"NOTA INFORMATIVA
COVID-19.

A Secretaria Municipal de Sa√∫de de Catanduvas comunica mais 11 casos positivos de COVID-19 durante a semana de 23 a 29 de julho.

Pacientes do sexo feminino 27, 30, 46, 48, 48, 53, 60 e 62 anos e pacientes do sexo masculino 18, 54 e 56 anos. Est√£o sendo monitorados pelo setor epidemiol√≥gico conforme prev√™ a legisla√ß√£o e protocolos. Conforme Lei 13.853/2019, √© vedado a divulga√ß√£o de dados pessoais dos pacientes suspeitos ou confirmados, sendo a viola√ß√£o destes direitos sujeitos a responsabiliza√ß√£o administrativa, civil e criminal.

O descumprimento das orienta√ß√µes da equipe de sa√∫de, poder√£o acarretar san√ß√µes prevista do C√≥digo Penal Brasileiro em seu Art. 267 e 268.

Informamos que √© obrigat√≥rio o uso de m√°scara conforme RESOLU√á√ÉO SESA N¬∫ 243/2022. Art. 6¬∫ Fica obrigat√≥rio o uso de m√°scaras de prote√ß√£o facial com total cobertura do nariz, boca e queixo:
I ‚Äì Por indiv√≠duos com sintomas de s√≠ndrome gripal, teste positivo, ou exposi√ß√£o a algu√©m com COVID-19 em ambientes abertos e fechados;
II ‚Äì No controle de surtos;
III ‚Äì Para acesso aos espa√ßos p√∫blicos ou privados de presta√ß√£o de servi√ßos de sa√∫de, que atendam pacientes com suspeita ou confirma√ß√£o de casos de s√≠ndrome respirat√≥rias e COVID-19, por funcion√°rios, pacientes e visitantes.
 
Catanduvas/PR 29 de julho de 2022.
 
Ademar Luiz Burckhardt
Secret√°rio Municipal de Sa√∫de",,3
Catanduvas,PR,Post,2022-07-28 02:49:13,municipiodecatanduvas,Campanha Multivacina√ß√£o!,,1
Catanduvas,PR,Post,2022-07-27 12:26:40,municipiodecatanduvas,"CATANDUVENSE EDILSON MALAVSKI √â CAMPE√ÉO NOS JOGOS ABERTOS DO PARAN√Å ‚Äì FASE REGIONAL, DISPUTADA EM PLANALTO.

O Catanduvense Edilson Malavski, levantou mais um t√≠tulo no √∫ltimo final de semana, desta vez, integrando a equipe cascavelense de bol√£o, Edilson foi campe√£o da Fase Regional dos Jogos Abertos do Paran√° que foi realizada na cidade de Planalto.

Agora Edilson aguarda o m√™s de outubro para em Toledo, disputar a fase final dos jogos.",,8
Catanduvas,PR,Post,2022-07-25 22:51:08,municipiodecatanduvas,"PREFEITURA DE CATANDUVAS PROMOVE PALESTRA PARA SERVIDORES MUNICIPAIS.

No dia 20 de julho, aconteceu no Centro cultural uma Palestra para os servidores municipais, com o tema: Fam√≠lia, import√¢ncia e Essencialidades; Autovaloriza√ß√£o, Empatia, Coopera√ß√£o e Trabalho em Equipe, proferida pelo Palestrante Ant√¥nio Carlos Pereira.

O Prefeito Professor Moises e o Vice-Prefeito Tio Carlos, proporcionaram este momento aos servidores, com o intuito de desenvolver as compet√™ncias individuais para melhor atuar na busca pelo equil√≠brio, entre as rela√ß√µes familiares, profissionais e sociais, proporcionando melhoria no ambiente de trabalho e consequentemente o atendimento aos mun√≠cipes.

Parab√©ns ao palestrante Ant√¥nio Carlos Pereira, que desenvolveu com sucesso o objetivo proposto.

Nossa Fam√≠lia Desenvolvimento Humano",,10
Catanduvas,PR,Post,2022-07-25 10:51:36,municipiodecatanduvas,"Quem conhece nossa querida Catanduvas, sabe qu√£o bela ela fica a cada ano que passa. Hoje, celebramos mais um anivers√°rio.

 Parab√©ns Catanduvas, pelos seus 62 anos de emancipa√ß√£o politico-administrativa!",,24
Catanduvas,PR,Comentario,2022-07-27 09:43:02,elenicesilva2030,,üëèüëèüëè,
Catanduvas,PR,Post,2022-07-22 17:36:25,municipiodecatanduvas,Festividades em Comemora√ß√£o aos 62 anos de emancipa√ß√£o Politico-Administrativa do Munic√≠pio de Catanduvas.,,8
Catanduvas,PR,Post,2022-07-22 12:07:48,municipiodecatanduvas,"O Munic√≠pio de Catanduvas estar√° participando da Primeira Etapa do XVII Fermop.

Hoje (sexta-feira), 22 de julho, no Munic√≠pio de Boa Avista da Aparecida.

O festival ser√° transmitido ao vivo a partir d√†s 19h30, pelo facebook da AMOP.

 https://www.facebook.com/associacaoAmop",,14
Catanduvas,PR,Post,2022-07-21 17:44:22,municipiodecatanduvas,Vacina√ß√£o contra COVID-19!,,1
Catanduvas,PR,Post,2022-07-21 12:15:44,municipiodecatanduvas,"O CRAS de Catanduvas, comunica que amanh√£, dia 22 de julho, haver√° entrevistas de emprego.",,1
Catanduvas,PR,Post,2022-07-20 19:59:59,municipiodecatanduvas,Festa em comemora√ß√£o aos 62 Anos de Emancipa√ß√£o Pol√≠tico-Administrativa do MUNIC√çPIO DE CATANDUVAS!,,10
Catanduvas,PR,Post,2022-07-18 11:06:22,municipiodecatanduvas,"Aten√ß√£o Catanduvas! 

Vem a√≠...

2¬∞ Rolim√£ Fest.

 3¬™ Etapa do Campeonato Paranaense de Rolim√£.

Dia 24 de julho (domingo).
Hor√°rio: A partir d√†s 08h00.
Local: Avenida Paran√°, centro de Catanduvas.

O evento contar√° com a participa√ß√£o de equipes e pilotos de v√°rias regi√µes do estado do Paran√°.",,11
Catanduvas,PR,Post,2022-07-15 16:12:47,municipiodecatanduvas,"NOTA INFORMATIVA 
COVID-19 
A Secretaria Municipal de Sa√∫de de Catanduvas comunica mais 06 casos positivos de COVID-19 durante a semana de 09 a 15 de julho.

Pacientes do sexo feminino 33, 59 e 64 anos e pacientes do sexo masculino 34. 45 e 76 anos. Est√£o sendo monitorados pelo setor epidemiol√≥gico conforme prev√™ a legisla√ß√£o e protocolos. Conforme Lei 13.853/2019, √© vedado a divulga√ß√£o de dados pessoais dos pacientes suspeitos ou confirmados, sendo a viola√ß√£o destes direitos sujeitos a responsabiliza√ß√£o administrativa, civil e criminal. 

O descumprimento das orienta√ß√µes da equipe de sa√∫de, poder√£o acarretar san√ß√µes prevista do C√≥digo Penal Brasileiro em seu Art. 267 e 268.

Informamos que √© obrigat√≥rio o uso de m√°scara conforme RESOLU√á√ÉO SESA N¬∫ 243/2022. Art. 6¬∫ Fica obrigat√≥rio o uso de m√°scaras de prote√ß√£o facial com total cobertura do nariz, boca e queixo:
I ‚Äì Por indiv√≠duos com sintomas de s√≠ndrome gripal, teste positivo, ou exposi√ß√£o a algu√©m com COVID-19 em ambientes abertos e fechados; 
II ‚Äì No controle de surtos; 
III ‚Äì Para acesso aos espa√ßos p√∫blicos ou privados de presta√ß√£o de servi√ßos de sa√∫de, que atendam pacientes com suspeita ou confirma√ß√£o de casos de s√≠ndrome respirat√≥rias e COVID-19, por funcion√°rios, pacientes e visitantes.",,1
Catanduvas,PR,Post,2022-07-07 21:06:15,municipiodecatanduvas,"NOTA INFORMATIVA 
COVID-19 

A Secretaria Municipal de Sa√∫de de Catanduvas comunica mais 09 casos positivos de COVID-19, pacientes do sexo feminino 23, 29, 32 e 43 anos e pacientes do sexo masculino 14, 16, 43, 47 e 77.

 Comunicamos o 24¬∫ √≥bito por consequ√™ncia da COVID-19, paciente do sexo masculino 86 anos com comorbidades e encontrava-se em internamento hospitalar. A Secretaria de Sa√∫de lamenta profundamente a perda. 

Conforme Lei 13.853/2019, √© vedado a divulga√ß√£o de dados pessoais dos pacientes suspeitos ou confirmados, sendo a viola√ß√£o destes direitos sujeitos a responsabiliza√ß√£o administrativa, civil e criminal. O descumprimento das orienta√ß√µes da equipe de sa√∫de, poder√£o acarretar san√ß√µes prevista do C√≥digo Penal Brasileiro em seu Art. 267 e 268
Informamos que √© obrigat√≥rio o uso de m√°scara conforme RESOLU√á√ÉO SESA N¬∫ 243/2022. Art. 6¬∫ Fica obrigat√≥rio o uso de m√°scaras de prote√ß√£o facial com total cobertura do nariz, boca e queixo:
I ‚Äì Por indiv√≠duos com sintomas de s√≠ndrome gripal, teste positivo, ou exposi√ß√£o a algu√©m com COVID-19 em ambientes abertos e fechados; 
II ‚Äì No controle de surtos; 
III ‚Äì Para acesso aos espa√ßos p√∫blicos ou privados de presta√ß√£o de servi√ßos de sa√∫de, que atendam pacientes com suspeita ou confirma√ß√£o de casos de s√≠ndrome respirat√≥rias e COVID-19, por funcion√°rios, pacientes e visitantes.",,3
Catanduvas,PR,Post,2022-07-06 17:30:59,municipiodecatanduvas,"ATEN√á√ÉO ‚Äì ENCONTRADO ESCORPI√ÉO AMARELO EM CATANDUVAS!

A Secretaria de Sa√∫de de Catanduvas alerta a toda popula√ß√£o que foi encontrado um escorpi√£o amarelo em uma resid√™ncia no bairro Alto Alegre. 

Os escorpi√µes vivem em lugares √∫midos e escuros como: debaixo de pedras, tijolos, telhas e nas fendas das √°rvores tamb√©m em entulhos de obras e lixo em quintais e terrenos baldios onde se propagam insetos que constituem um √≥timo ambiente para se alimentarem (baratas, aranhas, moscas e outros insetos). 

O veneno dos escorpi√µes atinge o sistema nervoso, sua a√ß√£o √© muito r√°pida e forte. A dor √© intensa se irradiando por todo o corpo da v√≠tima. Agindo especialmente sobre o sistema nervoso, pode causar a morte por asfixia, pois os comandos que controlam a respira√ß√£o ficam bloqueados.

A esp√©cie Tityus serrulatus (escorpi√£o amarelo) possui uma caracter√≠stica peculiar entre os escorpi√µes que √© a partenog√™nese, ou seja, a capacidade de se reproduzir sem que haja fecunda√ß√£o, n√£o havendo necessidade de um casal.

O veneno pode ser letal principalmente para crian√ßas. Se encontrar um em sua resid√™ncia, ligue imediatamente para Vigil√¢ncia Sanit√°ria no telefone (45) 3234-8580. Em caso de acidente procure Pronto Atendimento Municipal ou ligue para o SAMU 192.",,17
Catanduvas,PR,Comentario,2022-07-07 01:29:20,rivaldocarlos.p,,Falta de limpeza de quintal em Catanduva existe muitas casas fechada pra alugar em imobili√°ria que nem ta√≠ pra fazer a limpeza das mesmas,
Catanduvas,PR,Post,2022-07-06 16:47:01,municipiodecatanduvas,O Governo de Catanduvas realiza a entrega de novos equipamentos agr√≠colas para as Associa√ß√µes de Produtores Rurais do Munic√≠pio.,,8
Catanduvas,PR,Comentario,2022-07-06 21:27:34,ojoaresvieira,,Este prefeito est√° de mais kkkküòÇ,
Catanduvas,PR,Post,2022-07-05 01:29:57,municipiodecatanduvas,"NOTA INFORMATIVA 
COVID-19 

A Secretaria Municipal de Sa√∫de de Catanduvas comunica mais 11 casos positivos de COVID-19.

Pacientes do sexo feminino 20, 20 28, 34 e 48 anos e pacientes do sexo masculino 23, 24, 43, 44, 74 e 77 anos encontra-se em isolamento domiciliar sem sinais de complica√ß√£o at√© o momento e est√£o sendo monitorados pelo setor epidemiol√≥gico conforme prev√™ a legisla√ß√£o e protocolos.
 Conforme Lei 13.853/2019, √© vedado a divulga√ß√£o de dados pessoais dos pacientes suspeitos ou confirmados, sendo a viola√ß√£o destes direitos sujeitos a responsabiliza√ß√£o administrativa, civil e criminal. O descumprimento das orienta√ß√µes da equipe de sa√∫de, poder√£o acarretar san√ß√µes prevista do C√≥digo Penal Brasileiro em seu Art. 267 e 268
Informamos que √© obrigat√≥rio o uso de m√°scara conforme RESOLU√á√ÉO SESA N¬∫ 243/2022. Art. 6¬∫ Fica obrigat√≥rio o uso de m√°scaras de prote√ß√£o facial com total cobertura do nariz, boca e queixo:
I ‚Äì Por indiv√≠duos com sintomas de s√≠ndrome gripal, teste positivo, ou exposi√ß√£o a algu√©m com COVID-19 em ambientes abertos e fechados; 
II ‚Äì No controle de surtos; 
III ‚Äì Para acesso aos espa√ßos p√∫blicos ou privados de presta√ß√£o de servi√ßos de sa√∫de, que atendam pacientes com suspeita ou confirma√ß√£o de casos de s√≠ndrome respirat√≥rias e COVID-19, por funcion√°rios, pacientes e visitantes.",,1
Catanduvas,PR,Post,2022-06-30 19:09:13,municipiodecatanduvas,"O MUNIC√çPIO DE CATANDUVAS √â PRIMEIRO LUGAR NO RANKING DA QUALIDADE DE INFORMA√á√ÉO CONT√ÅBIL E FISCAL DO TESOURO NACIONAL, NA CLASSIFICA√á√ÉO MICRO REGIONAL.

O Munic√≠pio de Catanduvas, √© destaque na qualidade da informa√ß√£o cont√°bil e gest√£o fiscal, relativo ao ano de 2021, ficando em 1¬∫ lugar na Micro Regional, em 17¬∫ lugar entre os 399 munic√≠pios do Estado do Paran√° e em 649¬∫ lugar no ranking Nacional entre os 5.568 munic√≠pios do Brasil.

O ranking √© uma iniciativa do Tesouro Nacional que busca a melhoria da qualidade e da consist√™ncia dos dados fiscais e cont√°beis enviados pelos entes da Federa√ß√£o ao Sistema de Informa√ß√µes Cont√°beis e Fiscais do Setor P√∫blico Brasileiro (Siconfi). 
Este ranking avalia a consist√™ncia das informa√ß√µes (cont√°beis e fiscais) que s√£o enviadas pelos estados e munic√≠pios ao Tesouro Nacional, por meio do Siconfi (Sistema de Informa√ß√µes Cont√°beis e Fiscais do Setor P√∫blico Brasileiro), que logo depois disponibiliza estes dados ao acesso p√∫blico.

Para o Secret√°rio de Finan√ßas, Oziel de Oliveira: ‚Äúesta conquista √© resultado de muito trabalho, compet√™ncia e comprometimento, do setor cont√°bil municipal, o qual se dedica diariamente no desenvolvimento e crescimento de nosso munic√≠pio‚Äù.",,3
Catanduvas,PR,Post,2022-06-30 02:12:51,municipiodecatanduvas,Governo de Catanduvas recebe um Caminh√£o Pipa Zero KM.,,7
Catanduvas,PR,Post,2022-06-28 20:57:51,municipiodecatanduvas,"NOTA INFORMATIVA 
COVID-19 

A Secretaria Municipal de Sa√∫de de Catanduvas comunica mais 22 casos positivos de COVID-19.

Pacientes do sexo feminino 2, 5, 12, 18, 19, 24, 25, 31, 47, 50, 52, 54, 56, 57, 60, 76 e 80 anos e pacientes do sexo masculino 43, 51, 73, 80 e 86 anos encontra-se em isolamento domiciliar sem sinais de complica√ß√£o at√© o momento e est√£o sendo monitorados pelo setor epidemiol√≥gico conforme prev√™ a legisla√ß√£o e protocolos. Conforme Lei 13.853/2019, √© vedado a divulga√ß√£o de dados pessoais dos pacientes suspeitos ou confirmados, sendo a viola√ß√£o destes direitos sujeitos a responsabiliza√ß√£o administrativa, civil e criminal. O descumprimento das orienta√ß√µes da equipe de sa√∫de, poder√£o acarretar san√ß√µes prevista do C√≥digo Penal Brasileiro em seu Art. 267 e 268
Informamos que √© obrigat√≥rio o uso de m√°scara conforme RESOLU√á√ÉO SESA N¬∫ 243/2022. Art. 6¬∫ Fica obrigat√≥rio o uso de m√°scaras de prote√ß√£o facial com total cobertura do nariz, boca e queixo:
I ‚Äì Por indiv√≠duos com sintomas de s√≠ndrome gripal, teste positivo, ou exposi√ß√£o a algu√©m com COVID-19 em ambientes abertos e fechados; 
II ‚Äì No controle de surtos; 
III ‚Äì Para acesso aos espa√ßos p√∫blicos ou privados de presta√ß√£o de servi√ßos de sa√∫de, que atendam pacientes com suspeita ou confirma√ß√£o de casos de s√≠ndrome respirat√≥rias e COVID-19, por funcion√°rios, pacientes e visitantes.",,1
Catanduvas,PR,Post,2022-06-28 18:06:39,municipiodecatanduvas,"Catanduvas Aderiu ao ICMS Ecol√≥gico.

A partir de janeiro de 2023, o Munic√≠pio de Catanduvas, ser√° beneficiado com adicionais de retorno do ICMS devido √† inclus√£o do Bosque Municipal e a Floresta Municipal da Linha Proc√≥pio, no programa ICMS Ecol√≥gico.

 Isso ocorreu gra√ßas ao empenho do Prefeito Professor Mois√©s, que contratou uma empresa de assessoria para esse fim, bem como da Secretaria Municipal de Agricultura e Meio Ambiente, que atuou firme para cumprir os requisitos necess√°rios para a inclus√£o das √°reas. Para isso, foi realizada uma Audi√™ncia P√∫blica onde foram aprovados os im√≥veis e depois efetuado um levantamento das √°reas para realizar o Mapa de Uso do Solo e a Justificativa T√©cnica das Unidades de Conserva√ß√£o - UC. Posteriormente, foram editados os decretos de cria√ß√£o das UC e publicados no Di√°rio Oficial do Estado. Com a documenta√ß√£o em dia, foi protocolado o Requerimento junto ao IAT, que aprovou as referidas √°reas. Assim, o munic√≠pio receber√° ‚Äúroyalts‚Äù indefinidamente referentes a essas √°reas. E para o pr√≥ximo ano ser√£o inclu√≠das √°reas particulares no programa.",,10
Catanduvas,PR,Comentario,2022-06-28 22:24:46,ojoaresvieira,,"PARAB√âNS PREFEITO DE CATANDUVAS PARAN√Å FICO MUITO FEL√çZ DE QUE CATANDUVAS TEM UM PREFEITO DE VERDADE ,QUE SE PREOCUOA COM SUA CIDADE ,TIVEMOS UM ATRITO MAIS EM PARTICULAR NA EPOCA DA PRIMEIRA CAMPANHA POL√çTICA ,MAIS SE A PESSOA VEZ,ALEM DOQUE EU PREVIA TEM QUE ELOGIAR MESMO,E AQUILO QUE PROMET√ç  NA √âPOCA NO PALANQUE COM VOCE VOCE HONRRO,POSSO IR A CATANDUVAS E DISET EST√Å VENDO A√ç O OREFEITO √â O CAAAARA üòÇüòÇüôå",
Catanduvas,PR,Post,2022-06-24 21:26:08,municipiodecatanduvas,"A Secretaria Municipal de Sa√∫de de Catanduvas comunica mais tr√™s casos positivos de COVID-19.

Pacientes do sexo feminino 67 e 73 anos e paciente do sexo masculino 61 anos encontra-se em isolamento domiciliar sem sinais de complica√ß√£o at√© o momento e est√£o sendo monitorados pelo setor epidemiol√≥gico conforme prev√™ a legisla√ß√£o e protocolos.

 Conforme Lei 13.853/2019, √© vedado a divulga√ß√£o de dados pessoais dos pacientes suspeitos ou confirmados, sendo a viola√ß√£o destes direitos sujeitos a responsabiliza√ß√£o administrativa, civil e criminal. O descumprimento das orienta√ß√µes da equipe de sa√∫de, poder√£o acarretar san√ß√µes prevista do C√≥digo Penal Brasileiro em seu Art. 267 e 268
Informamos que √© obrigat√≥rio o uso de m√°scara conforme RESOLU√á√ÉO SESA N¬∫ 243/2022. Art. 6¬∫ Fica obrigat√≥rio o uso de m√°scaras de prote√ß√£o facial com total cobertura do nariz, boca e queixo:
I ‚Äì Por indiv√≠duos com sintomas de s√≠ndrome gripal, teste positivo, ou exposi√ß√£o a algu√©m com COVID-19 em ambientes abertos e fechados; 
II ‚Äì No controle de surtos; 
III ‚Äì Para acesso aos espa√ßos p√∫blicos ou privados de presta√ß√£o de servi√ßos de sa√∫de, que atendam pacientes com suspeita ou confirma√ß√£o de casos de s√≠ndrome respirat√≥rias e COVID-19, por funcion√°rios, pacientes e visitantes.",,3
Catanduvas,PR,Post,2022-06-23 22:23:30,municipiodecatanduvas,"PREFEITO PROFESSOR MOIS√âS RECEPCIONA A EQUIPE CATANDUVENSE CAMPE√É DA FASE MACRORREGIONAL DOS JOGOS ESCOLARES DO PARAN√Å NO FUTSAL MASCULINO A.

Na manh√£ desta quinta-feira (23), o prefeito Professor Mois√©s, recepcionou em seu gabinete para um caf√© da manh√£, os jovens atletas e a comiss√£o t√©cnica que representam o Munic√≠pio de Catanduvas, nos Jogos Escolares do Paran√°, no futsal Masculino A. Tamb√©m estiveram presentes o Vereador, Nadir Pandini (Nado), o Secret√°rio de Administra√ß√£o, Francisco Alves do Santos, Secretario de Cultura e Turismo, Mildo Ramos, Diretor do Departamento de Esportes, Willian Borak (Bile), a Chefe de Gabinete, Silvana da Silva Trombeta, Diretora do Col√©gio Dilma K. Ang√©lico, Janete Fortunato e o Vice-diretor do Col√©gio Dilma Ang√©lico, Rafael Trombeta. 

 
A equipe de futsal masculino que representa o Col√©gio Estadual Dilma K. Ang√©lico e o NRE de Cascavel, se sagrou campe√£ da fase macrorregional dos Jogos Escolares do Paran√°, realizada entre os dias 16 e 19 de junho, na cidade de Medianeira. A equipe Catanduvense levantou a ta√ßa ap√≥s vit√≥ria sobre a cidade de Assis Chateaubriand, pelo placar de 5 a 2.

Agora a equipe de Catanduvas, vai representar os NRE‚Äôs da Regi√£o Oeste (Cascavel, Toledo, Assis Chateaubriand e Foz do Igua√ßu), na fase final dos jogos, que ser√° realizada na cidade de Pato Branco, no m√™s de julho.",,57
Catanduvas,PR,Post,2022-06-23 17:38:17,municipiodecatanduvas,"ATEN√á√ÉO: 23¬∫ √ìBITO CAUSADO PELA COVID-19 √â CONFIRMADO EM CATANDUVAS. A V√çTIMA √â UM HOMEM DE 73 ANOS.

A Secretaria Municipal de Sa√∫de de Catanduvas comunica o 23¬∫ √≥bito por COVID-19. Paciente do sexo masculino 73 anos com comorbidade e encontrava-se em internamento hospitalar. A secretaria de Sa√∫de lamenta profundamente a perda. 

Conforme Lei 13.853/2019, √© vedado a divulga√ß√£o de dados pessoais dos pacientes suspeitos ou confirmados, sendo a viola√ß√£o destes direitos sujeitos a responsabiliza√ß√£o administrativa, civil e criminal. O descumprimento das orienta√ß√µes da equipe de sa√∫de, poder√£o acarretar san√ß√µes prevista do C√≥digo Penal Brasileiro em seu Art. 267 e 268.

Informamos que √© obrigat√≥rio o uso de m√°scara conforme RESOLU√á√ÉO SESA N¬∫ 243/2022. Art. 6¬∫ Fica obrigat√≥rio o uso de m√°scaras de prote√ß√£o facial com total cobertura do nariz, boca e queixo:
I ‚Äì Por indiv√≠duos com sintomas de s√≠ndrome gripal, teste positivo, ou exposi√ß√£o a algu√©m com COVID-19 em ambientes abertos e fechados; 
II ‚Äì No controle de surtos; 
III ‚Äì Para acesso aos espa√ßos p√∫blicos ou privados de presta√ß√£o de servi√ßos de sa√∫de, que atendam pacientes com suspeita ou confirma√ß√£o de casos de s√≠ndrome respirat√≥rias e COVID-19, por funcion√°rios, pacientes e visitantes.",,1
Catanduvas,PR,Post,2022-06-23 15:17:12,municipiodecatanduvas,Campanha Multivacina√ß√£o!,,0
Catanduvas,PR,Post,2022-06-22 23:17:37,municipiodecatanduvas,"NOTA INFORMATIVA
COVID-19

A Secretaria Municipal de Sa√∫de de Catanduvas comunica mais seis casos positivos de COVID-19.

Pacientes do sexo feminino 32, 56 e 78 anos e paciente do sexo masculino 70, 73 e78 anos encontra-se em isolamento domiciliar sem sinais de complica√ß√£o at√© o momento e est√£o sendo monitorados pelo setor epidemiol√≥gico conforme prev√™ a legisla√ß√£o e protocolos.

 Conforme Lei 13.853/2019, √© vedado a divulga√ß√£o de dados pessoais dos pacientes suspeitos ou confirmados, sendo a viola√ß√£o destes direitos sujeitos a responsabiliza√ß√£o administrativa, civil e criminal. O descumprimento das orienta√ß√µes da equipe de sa√∫de, poder√£o acarretar san√ß√µes prevista do C√≥digo Penal Brasileiro em seu Art. 267 e 268
Informamos que √© obrigat√≥rio o uso de m√°scara conforme RESOLU√á√ÉO SESA N¬∫ 243/2022. Art. 6¬∫ Fica obrigat√≥rio o uso de m√°scaras de prote√ß√£o facial com total cobertura do nariz, boca e queixo:
I ‚Äì Por indiv√≠duos com sintomas de s√≠ndrome gripal, teste positivo, ou exposi√ß√£o a algu√©m com COVID-19 em ambientes abertos e fechados;
II ‚Äì No controle de surtos;
III ‚Äì Para acesso aos espa√ßos p√∫blicos ou privados de presta√ß√£o de servi√ßos de sa√∫de, que atendam pacientes com suspeita ou confirma√ß√£o de casos de s√≠ndrome respirat√≥rias e COVID-19, por funcion√°rios, pacientes e visitantes.
 
Catanduvas/PR 22 de junho de 2022.
 
Ademar Luiz Burckhardt
Secret√°rio Municipal de Sa√∫de",,1
Catanduvas,PR,Post,2022-06-22 11:12:29,municipiodecatanduvas,"No √∫ltimo s√°bado, dia 18 de junho foi realizado na Comunidade S√£o Roque, em Catanduvas, uma grande festa durante a entrega oficial da obra de pavimenta√ß√£o asf√°ltica, implementada no trecho entre as comunidades Rio da Ilha e S√£o Roque.",,25
Catanduvas,PR,Post,2022-06-21 18:29:56,municipiodecatanduvas,"No intuito de deixar a cidade mais bonita, o  Governo de Catanduvas da in√≠cio ao Projeto de Plantio de Grama  em Frente as Resid√™ncias.",,23
Catanduvas,PR,Comentario,2022-06-21 20:15:16,ojoaresvieira,,"PARAB√âNS PREFEITO DE CATANDUVAS,FASENTO OQUE NEM UM PREFEITO FEZ AT√â HOJEüòÄ",
Catanduvas,PR,Comentario,2022-06-21 20:16:41,ojoaresvieira,,"A√ç N√ÉO  TEM PRA NINGUEM ,KKKK PORQUE QUEM PRANTA COLHE?üòÇüôå",
Catanduvas,PR,Comentario,2022-06-21 20:19:16,ojoaresvieira,,"VEJAM OS CALSAMENTO EM REDOR DA CIDADE,EU FUI VER E CONFER√ç EST√Å LINDO.üòÄ",
Catanduvas,PR,Comentario,2022-06-21 20:54:43,dircele_cordeiro,,Parab√©ns ao prefeito e equipeüëèüëèüëè,
Catanduvas,PR,Comentario,2022-06-21 22:10:47,gb.patolino,,"Parab√©ns prefeito, continue assim para nossa cidade ficar cada vez melhor de se viver e mas bonita, futuramente podemos ganhar cada vez mais cidad√£os e catanduvas ficar cada vez mas bem falada.",
Catanduvas,PR,Post,2022-06-19 16:52:08,municipiodecatanduvas,"CATANDUVAS √â CAMPE√ÉO DA FASE MACRORREGIONAL DOS JOGOS ESCOLARES DO PARAN√Å NO FUTSAL MASCULINO A.

Catanduvas volta a se destacar no cen√°rio esportivo estadual, desta vez a equipe de futsal masculino que representa o Col√©gio Estadual Dilma K. Ang√©lico e o NRE de Cascavel, se sagrou campe√£ da fase macrorregional dos Jogos Escolares do Paran√°, realizada na cidade de Medianeira. A equipe Catanduvense levantou a ta√ßa ap√≥s vit√≥ria sobre a cidade de Assis Chateaubriand, pelo placar de 5 a 2.

Agora a equipe Catanduvense vai representar os NRE‚Äôs da Regi√£o Oeste (Cascavel, Toledo, Assis, Foz), na fase final dos jogos, que ser√° realizada na cidade de Pato Branco, no m√™s de julho.",,104
Catanduvas,PR,Post,2022-06-16 23:40:31,municipiodecatanduvas,O Governo de Catanduvas entrega uma nova P√° Carregadeira √† Secretaria de Via√ß√£o e Obras.,,19
Catanduvas,PR,Comentario,2022-06-16 23:56:48,suco.guerino,,Bah,
Catanduvas,PR,Post,2022-06-15 11:23:54,municipiodecatanduvas,"Comunicado Sobre a Coleta do Lixo Recicl√°vel!

Comunicamos a popula√ß√£o de Catanduvas, que amanh√£, quinta feira (16), feriado , haver√° coleta do lixo recicl√°vel normalmente!

Separe o lixo, fa√ßa a sua parte!

Agradecemos a colabora√ß√£o de todos ‚ôªÔ∏è",,11
Catanduvas,PR,Post,2022-06-09 21:30:09,municipiodecatanduvas,"A Secretaria Municipal de Sa√∫de de Catanduvas comunica mais sete casos positivos de COVID-19.

Pacientes do sexo feminino 18, 27, 41, 54 e 67 anos e paciente do sexo masculino 6 e 8 anos encontra-se em isolamento domiciliar sem sinais de complica√ß√£o at√© o momento e est√£o sendo monitorados pelo setor epidemiol√≥gico conforme prev√™ a legisla√ß√£o e protocolos.
 Conforme Lei 13.853/2019, √© vedado a divulga√ß√£o de dados pessoais dos pacientes suspeitos ou confirmados, sendo a viola√ß√£o destes direitos sujeitos a responsabiliza√ß√£o administrativa, civil e criminal. O descumprimento das orienta√ß√µes da equipe de sa√∫de, poder√£o acarretar san√ß√µes prevista do C√≥digo Penal Brasileiro em seu Art. 267 e 268
Informamos que √© obrigat√≥rio o uso de m√°scara conforme RESOLU√á√ÉO SESA N¬∫ 243/2022. Art. 6¬∫ Fica obrigat√≥rio o uso de m√°scaras de prote√ß√£o facial com total cobertura do nariz, boca e queixo:
I ‚Äì Por indiv√≠duos com sintomas de s√≠ndrome gripal, teste positivo, ou exposi√ß√£o a algu√©m com COVID-19 em ambientes abertos e fechados; 
II ‚Äì No controle de surtos; 
III ‚Äì Para acesso aos espa√ßos p√∫blicos ou privados de presta√ß√£o de servi√ßos de sa√∫de, que atendam pacientes com suspeita ou confirma√ß√£o de casos de s√≠ndrome respirat√≥rias e COVID-19, por funcion√°rios, pacientes e visitantes.",,2
Catanduvas,PR,Post,2022-06-03 22:52:20,municipiodecatanduvas,MAIS OBRAS DE PAVIMENTA√á√ÉO ASF√ÅLTICA E CAL√áADAS EST√ÉO SENDO REALIZADAS EM CATANDUVAS.,,19
Catanduvas,PR,Comentario,2022-06-03 22:55:38,hicardobarreto,,üëèüëèüëè,
Catanduvas,PR,Post,2022-06-02 14:33:30,municipiodecatanduvas,"ATEN√á√ÉO CATANDUVAS!

A DOSE DE REFOR√áO DA VACINA CONTRA COVID-19 PARA ADOLESCENTES DE  12 A 17 ANOS, J√Å EST√Å SENDO APLICADA NO CENTRO DE SA√öDE.

 FIQUE ATENTO PARA OS HOR√ÅRIOS E REQUISITOS PARA RECEBER A VACINA.",,1
Catanduvas,PR,Post,2022-06-01 21:03:14,municipiodecatanduvas,"A EQUIPE DE FUTSAL DE CATANDUVAS, CAMPE√É NOS JOGOS ESCOLARES DO PARAN√Å, GANHA REFOR√áO NA PREPARA√á√ÉO T√âCNICA.


O Time de Futsal de Catanduvas que foi Campe√£o do 68¬∫ JEPS, receber√° um refor√ßo na equipe t√©cnica em prepara√ß√£o para as pr√≥ximas competi√ß√µes deste e do pr√≥ximo ano. Um projeto foi apresentado a Secretaria Municipal de Educa√ß√£o e Esportes sendo prontamente aceito e apoiado por toda a equipe, onde o Nutricionista Daniel Enokida (especialista em Fisiologia, Nutri√ß√£o Esportiva e Mestre em Exerc√≠cio f√≠sico) se juntar√° a comiss√£o t√©cnica do Departamento de Esportes. De acordo com ele que apresentou o projeto: ‚Äúfaremos avalia√ß√µes f√≠sicas e nutricionais peri√≥dicas, sendo que os garotos passar√£o por orienta√ß√£o nutricional e suplementa√ß√£o, tamb√©m far√£o treinamentos espec√≠ficos de fortalecimento e corre√ß√£o de desequil√≠brio muscular em academia sempre supervisionado por n√≥s profissionais‚Äù. Ainda acrescenta: ‚Äúeste trabalho s√≥ foi poss√≠vel porque al√©m do investimento em esportes feito pela atual gest√£o do Prefeito Professor Moises, contamos com parceiros que acreditam que o esporte pode formar al√©m de atletas cidad√£os de bem. 

 Agradecemos a coopera√ß√£o e patroc√≠nio da Academia Boa Forma, por ceder o espa√ßo de treinamento, a Farm√°cia Alto Alegre e a Cooperativa de Cr√©dito Sicredi Vanguarda, que patrocinaram a suplementa√ß√£o dos atletas, ao Nutricionista Daniel Enokida por ceder sua cl√≠nica e equipamentos para avalia√ß√£o f√≠sica e orienta√ß√£o nutricional dos atletas e ao vereador Nadir Pandini, por sempre apoiar o esporte no munic√≠pio. Aproveitamos ainda para parabenizar todos os participantes que representaram Catanduvas no 68¬∫ JEPs, fase regional.",,48
Catanduvas,PR,Post,2022-05-31 14:46:27,municipiodecatanduvas,"O CRAS de Catanduvas, comunica que no dia 09 de junho (quinta-feira), haver√° entrevistas de emprego. 

LAR - Cooperativa Agroindustrial: 
Hor√°rio: 09h30.
Local: CRAS DE CATANDUVAS

Para mais informa√ß√µes, entrar em contato atrav√©s do telefone/whatsApp (45) 9 8407-0424 ou procurar o CRAS, que fica localizado na Rua Dom Pedro II, 512 - Centro (em frente ao Lago Municipal).",,0
Catanduvas,PR,Post,2022-05-30 21:03:01,municipiodecatanduvas,"A Secretaria Municipal de Sa√∫de de Catanduvas comunica mais tr√™s casos positivos de COVID-19.

Pacientes do sexo feminino 56 e 62 anos e masculino 65 anos encontram-se em isolamento domiciliar sem sinais de complica√ß√£o at√© o momento e est√£o sendo monitorados pelo setor epidemiol√≥gico conforme prev√™ a legisla√ß√£o e protocolos.

 Conforme Lei 13.853/2019, √© vedado a divulga√ß√£o de dados pessoais dos pacientes suspeitos ou confirmados, sendo a viola√ß√£o destes direitos sujeitos a responsabiliza√ß√£o administrativa, civil e criminal. O descumprimento das orienta√ß√µes da equipe de sa√∫de, poder√£o acarretar san√ß√µes prevista do C√≥digo Penal Brasileiro em seu Art. 267 e 268
Informamos que √© obrigat√≥rio o uso de m√°scara conforme RESOLU√á√ÉO SESA N¬∫ 243/2022. Art. 6¬∫ Fica obrigat√≥rio o uso de m√°scaras de prote√ß√£o facial com total cobertura do nariz, boca e queixo:
I ‚Äì Por indiv√≠duos com sintomas de s√≠ndrome gripal, teste positivo, ou exposi√ß√£o a algu√©m com COVID-19 em ambientes abertos e fechados; 
II ‚Äì No controle de surtos; 
III ‚Äì Para acesso aos espa√ßos p√∫blicos ou privados de presta√ß√£o de servi√ßos de sa√∫de, que atendam pacientes com suspeita ou confirma√ß√£o de casos de s√≠ndrome respirat√≥rias e COVID-19, por funcion√°rios, pacientes e visitantes.",,2
Catanduvas,PR,Post,2022-05-30 18:08:28,municipiodecatanduvas,"O CRAS de Catanduvas, comunica que todas √†s quintas-feiras, √†s 14h00, haver√° entrevistas de emprego, para  auxiliar de produ√ß√£o, COPACOL.

Para mais informa√ß√µes, entrar em contato atrav√©s do telefone/whatsApp (45) 9 8407-0424 ou procurar o CRAS, que fica localizado na Rua Dom Pedro II, 512 - Centro (em frente ao Lago Municipal).",,1
Catanduvas,PR,Post,2022-05-27 21:51:41,municipiodecatanduvas,Seguran√ßa P√∫blica - Prefeitura de Catanduvas instala  72 c√¢meras de segura√ßa em locais p√∫blicos e realiza a entrega do Sistema de monitoramento para a Policia Militar do Munic√≠pio.,,19
Catanduvas,PR,Comentario,2022-05-28 00:19:53,clevisveve,,√ìtimo perfeito üëèüëèüëè,
Catanduvas,PR,Comentario,2022-05-28 09:25:42,brancosoeli,,Vai,
Catanduvas,PR,Post,2022-05-27 19:18:12,municipiodecatanduvas,ATEN√á√ÉO CATANDUVAS!,,1
Catanduvas,PR,Post,2022-05-26 12:33:33,municipiodecatanduvas,"ATEN√á√ÉO AO USO DE M√ÅSCARA EM UNIDADES DE SA√öDE!

A Secretaria Municipal de Sa√∫de de Catanduvas comunica o uso obrigat√≥rio de m√°scara facial em todas as unidades de sa√∫de conforme RESOLU√á√ÉO SESA N¬∫ 243/2022. Art. 6¬∫ Fica obrigat√≥rio o uso de m√°scaras de prote√ß√£o facial com total cobertura do nariz, boca e queixo:

I ‚Äì Por indiv√≠duos com sintomas de s√≠ndrome gripal, teste positivo, ou exposi√ß√£o a algu√©m com COVID-19 em ambientes abertos e fechados; 
II ‚Äì No controle de surtos; 
III ‚Äì Para acesso aos espa√ßos p√∫blicos ou privados de presta√ß√£o de servi√ßos de sa√∫de, que atendam pacientes com suspeita ou confirma√ß√£o de casos de s√≠ndrome respirat√≥rias e COVID-19, por funcion√°rios, pacientes e visitantes.",,0
Catanduvas,PR,Post,2022-05-25 12:39:42,municipiodecatanduvas,"NOTA DE PESAR PELO FALECIMENTO DO SERVIDOR P√öBLICO MUNICIPAL, LEOCIR MENDES DE SOUZA. 

O  Governo Municipal de Catanduvas, manifesta profundo pesar pelo falecimento do Servidor P√∫blico, Leocir Mendes de Souza, ocorrida na noite desta ter√ßa-feira (24), em decorr√™ncia de um mal s√∫bito.
O corpo est√° sendo velado na Capela Mortu√°ria Municipal e o sepultamento est√° marcado para hoje, quarta-feira, √†s 14h00, no Cemit√©rio Municipal de Catanduvas.

Leocir, 42 anos, era natural de Catanduvas e atuava no Gin√°sio de Esportes Jo√£o Maria Alves de Oliveira. Amado por todos os colegas de trabalho,  dedicado profissionalmente onde ganhou a admira√ß√£o dos colegas e de todos que frequentavam o Gin√°sio de Esportes.

Os sinceros sentimento de extrema dor e consterna√ß√£o e rogamos a Deus, o conforto atrav√©s da f√©. Os sentimentos de vivas condol√™ncias e solidariedade aos familiares e amigos.",,22
Catanduvas,PR,Post,2022-05-25 12:31:35,municipiodecatanduvas,"NOTA DE PESAR PELO FALECIMENTO DO SERVIDOR P√öBLICO MUNICIPAL, LEOCIR MENDES DE SOUZA. 

O  Governo Municipal de Catanduvas, manifesta profundo pesar pelo falecimento do Servidor P√∫blico, Leocir Mendes de Souza, ocorrida na noite desta ter√ßa-feira (24), em decorr√™ncia de um mal s√∫bito.
O corpo est√° sendo velado na Capela Mortu√°ria Municipal e o sepultamento est√° marcado para hoje, quarta-feira, √†s 14h00, no Cemit√©rio Municipal de Catanduvas.

Leocir, 42 anos, era natural de Catanduvas e atuava no Gin√°sio de Esportes Jo√£o Maria Alves de Oliveira. Amado por todos os colegas de trabalho,  dedicado profissionalmente onde ganhou a admira√ß√£o dos colegas e de todos que frequentavam o Gin√°sio de Esportes.

Os sinceros sentimento de extrema dor e consterna√ß√£o e rogamos a Deus, o conforto atrav√©s da f√©. Os sentimentos de vivas condol√™ncias e solidariedade aos familiares e amigos.",,34
Catanduvas,PR,Comentario,2022-05-25 12:58:09,ionarasgomes,,Meus sentimentos a todos familiares e amigos! Que Deus conforte o cora√ß√£o de todos,
Catanduvas,PR,Comentario,2022-05-25 13:11:57,dejane.costa.9235,,Meus sentimentos,
Catanduvas,PR,Comentario,2022-05-25 14:04:54,adilsonribeiro666,,Meu sentimento aos familiares,
Catanduvas,PR,Post,2022-05-24 17:32:12,municipiodecatanduvas,"PREFEITO PROFESSOR MOIS√âS E O SECRET√ÅRIO DE FINAN√áAS DE CATANDUVAS, OZIEL DE OLIVEIRA, PARTICIPAM DE REUNI√ÉO COM O SUPERINTENDENTE ROLAND RUTYNA (SUDIS), EM CURITIBA, PARA TRATAR ASSUNTOS RELACIONADOS A REGULARIZA√á√ÉO FUNDI√ÅRIA NO MUNIC√çPIO.

Nesta ter√ßa-feira (24), o Superintendente Roland Rutyna da Superintend√™ncia de Dialogo e Intera√ß√£o Social ‚Äì SUDIS, recebeu o prefeito Professor Moises e o Secret√°rio de Finan√ßas de Catanduvas, Oziel de Oliveira, na pauta da reuni√£o foram debatidos v√°rios assuntos sobre o munic√≠pio, entre os quais dois acampamentos rurais que vem recebendo apoio e orienta√ß√£o do munic√≠pio e a aplica√ß√£o da Lei federal 13.465 da Reurb S, que √© uma grande alternativa de regulariza√ß√£o fundi√°ria urbana aos munic√≠pios.
Segundo Roland Rutyna, o prefeito Professor Mois√©s √© um exemplo da aplica√ß√£o da Reurb S no estado do Paran√°, a ser seguido por outros prefeitos.",,7
Catanduvas,PR,Post,2022-05-24 13:01:20,municipiodecatanduvas,"O CRAS de Catanduvas, comunica que no dia 26 de maio (quinta-feira), haver√° entrevistas de emprego. 

COPACOL: 
Hor√°rio: 14h00.
Local: CRAS DE CATANDUVAS

Para mais informa√ß√µes, entrar em contato atrav√©s do telefone/whatsApp (45) 9 8407-0424 ou procurar o CRAS, que fica localizado na Rua Dom Pedro II, 512 - Centro (em frente ao Lago Municipal).",,0
Catanduvas,PR,Post,2022-05-23 19:33:57,municipiodecatanduvas,"NOTA INFORMATIVA 
COVID-19 
A Secretaria Municipal de Sa√∫de de Catanduvas comunica mais um caso positivo de COVID-19.

Paciente do sexo feminino 24 anos, encontra-se em isolamento domiciliar sem sinais de complica√ß√£o at√© o momento e est√° sendo monitorada pelo setor epidemiol√≥gico conforme prev√™ a legisla√ß√£o e protocolos.

 Conforme Lei 13.853/2019, √© vedado a divulga√ß√£o de dados pessoais dos pacientes suspeitos ou confirmados, sendo a viola√ß√£o destes direitos sujeitos a responsabiliza√ß√£o administrativa, civil e criminal. O descumprimento das orienta√ß√µes da equipe de sa√∫de, poder√£o acarretar san√ß√µes prevista do C√≥digo Penal Brasileiro em seu Art. 267 e 268
Informamos que √© obrigat√≥rio o uso de m√°scara conforme RESOLU√á√ÉO SESA N¬∫ 243/2022. Art. 6¬∫ Fica obrigat√≥rio o uso de m√°scaras de prote√ß√£o facial com total cobertura do nariz, boca e queixo:
I ‚Äì Por indiv√≠duos com sintomas de s√≠ndrome gripal, teste positivo, ou exposi√ß√£o a algu√©m com COVID-19 em ambientes abertos e fechados; 
II ‚Äì No controle de surtos; 
III ‚Äì Para acesso aos espa√ßos p√∫blicos ou privados de presta√ß√£o de servi√ßos de sa√∫de, que atendam pacientes com suspeita ou confirma√ß√£o de casos de s√≠ndrome respirat√≥rias e COVID-19, por funcion√°rios, pacientes e visitantes.",,1
Catanduvas,PR,Post,2022-05-20 16:46:56,municipiodecatanduvas,"INSCRI√á√ïES PARA A 4¬™ TA√áA CATANDUVAS DE FUTSAL FEMININO E MASCULINO PODER√ÉO SER FEITAS A PARTIR DE SEGUNDA-FEIRA (23/05).

A partir do dia 23 de maio, estar√£o abertas as inscri√ß√µes para a 4¬™ Ta√ßa Catanduvas de Futsal Feminino e Masculino.
O valor da inscri√ß√£o √© de R$ 200,00 (duzentos reais) por equipe e pode ser realizada na secretaria do Gin√°sio de Esportes Jo√£o Maria Alves de Oliveira, at√© o dia 6 de junho, de segunda a sexta-feira, das 8h √†s 11h30min, e das 13h √†s 17h.

Todos os jogos da competi√ß√£o ser√£o realizados no Gin√°sio de Esportes Jo√£o Maria Alves de Oliveira.

Para participar da competi√ß√£o os atletas devem cumprir pelo menos um dos requisitos abaixo:
* RESIDIR NO MUNIC√çPIO DE CATANDUVAS
* TRABALHAR NO MUNIC√çPIO DE CATANDUVAS
* TER O T√çTULO DE ELEITOR V√ÅLIDO EM NOSSO MUNIC√çPIO.",,6
Catanduvas,PR,Post,2022-05-16 20:59:22,municipiodecatanduvas,Aten√ß√£o para este comunicado importante!,,0
Catanduvas,PR,Post,2022-05-12 21:14:22,municipiodecatanduvas,CAMPANHA DE MULTI VACINA√á√ÉO EM CATANDUVAS. CONFIRA AS DATAS DA CAMPANHA.,,1
Catanduvas,PR,Post,2022-05-11 18:42:12,municipiodecatanduvas,"ATEN√á√ÉO MUN√çCIPES DE CATANDUVAS

J√Å SEPAROU SEU LIXO HOJE?

TODA SEGUNDA E QUINTA FEIRA √â DIA DE COLETA DO LIXO RECICL√ÅVEL!

PODE SOLICITAR AS BOLSAS NO CAMINH√ÉO DA COLETA TAMB√âM!

Est√£o sendo disponibilizadas na Secretaria de Agricultura e Meio Ambiente a ENTREGA DE BOLSAS DE R√ÅFIA COM AL√áAS para colocar os res√≠duos recicl√°veis ‚Äì PAPEL, PAPEL√ÉO, PL√ÅSTICO, VIDRO E METAL.

BOLSAS DISPON√çVEIS PARA RETIRADA NA SECRETARIA DE AGRICULTURA (ANTIGA SEAB) QUE FICA NA RUA CASTRO ALVES n¬∫ 305, ATR√ÅS DO GIN√ÅSIO MUNICIPAL.

A MELHOR FORMA DE PREVEN√á√ÉO DA DENGUE, √â EVITAR DE JOGAR O LIXO EM LOCAIS INADEQUADOS!

 SEPARE O LIXO, FA√áA A SUA PARTE!",,3
Catanduvas,PR,Post,2022-05-10 22:16:00,municipiodecatanduvas,"ESTAMOS NA FINAL!!!

CATANDUVAS X C√âU AZUL, NESTA QUARTA-FEIRA (11/05/2022) A PARTIR DAS 10:30, NO GIN√ÅSIO DE ESPORTES JO√ÉO MARIA ALVES DE OLIVEIRA... GRANDE FINAL DOS JEP'S... VENHA TORCER E APOIAR OS NOSSOS JOGADORES!",,64
Catanduvas,PR,Post,2022-05-10 16:08:14,municipiodecatanduvas,"VENHA TORCER POR CATANDUVAS!!! √â NESTA TER√áA-FEIRA (10/05), A PARTIR DAS 16:00, SEMIFINAL DOS JOGOS ESCOLARES DO PARAN√Å.",,30
Catanduvas,PR,Post,2022-05-09 23:51:05,municipiodecatanduvas,"NESTA TER√áA-FEIRA (10/05) TEM MAIS UM JOG√ÉO DE FUTSAL PELOS JEP'S...
A PARTIR DAS 11:00 NO GIN√ÅSIO DE ESPORTES JO√ÉO MARIA ALVES DE OLIVEIRA, CATANDUVAS X ANAHY PELAS QUARTAS DE FINAL DA CLASSE A. VENHA TORCER POR CATANDUVAS!!!",,7
Catanduvas,PR,Post,2022-05-09 23:49:59,municipiodecatanduvas,"NESTA TER√áA-FEIRA (10/05) TEM MAIS UM JOG√ÉO DE FUTSAL PELOS JEP'S...
A PARTIR DAS 11:00 NO GIN√ÅSIO DE ESPORTES JO√ÉO MARIA ALVES DE OLIVEIRA, CATANDUVAS X ANAHY PELAS QUARTAS DE FINAL DA CLASSE A. VENHA TORCER POR CATANDUVAS!!!",,27
Catanduvas,PR,Post,2022-05-09 16:49:50,municipiodecatanduvas,"S√ìSIAS VIN DIESEL E STALLONE DO BRASIL, TIVERAM PARTICIPA√á√ÉO MARCANTE DURANTE OS JOGOS ESCOLARES DO PARAN√Å ‚Äì FASE REGIONAL, EM CATANDUVAS. 

Durante a abertura dos 68¬∫ JEPs, que foi realizado na √∫ltima sexta-feira, dia 06 de maio, no gin√°sio de esportes Jo√£o Maria Alves de Oliveira, em Catanduvas, os s√≥sias Vin Diesel e Stallone do Brasil, tiveram participa√ß√£o marcante na noite festiva.

Em companhia do Prefeito Professor Mois√©s, no s√°bado (07), os S√≥sias Brasileiros estiveram visitando e levando alegria aos locais onde est√£o sendo realizado os jogos, na oportunidade aproveitaram para dar uma volta pela cidade e cumprimentar os f√£s e admiradores de seus trabalhos. 

Confira todas as fotos em:
https://www.facebook.com/media/set/?vanity=pref.municipaldecatanduvas&set=a.1341874786331771",,28
Catanduvas,PR,Post,2022-05-09 10:12:50,municipiodecatanduvas,"ATEN√á√ÉO PARA OS HOR√ÅRIOS E LOCAIS DOS JOGOS DE CATANDUVAS PARA EST√Å SEGUNDA-FEIRA, 9 DE MAIO DE 2022, V√ÅLIDOS PELO JOGOS ESCOLARES DO PARAN√Å.
VENHA TORCER PELOS NOSSOS ATLETAS!",,7
Catanduvas,PR,Post,2022-05-08 13:08:58,municipiodecatanduvas,"ATEN√á√ÉO PARA OS JOGOS DAS EQUIPES CATANDUVENSES QUE SER√ÉO REALIZADOS NESTE DOMINGO DIA 8 DE MAIO DE 2022, V√ÅLIDOS PELOS JOGOS ESCOLARES DO PARAN√Å.",,5
Catanduvas,PR,Post,2022-05-06 14:12:02,municipiodecatanduvas,,,10
Catanduvas,PR,Post,2022-05-05 15:43:09,municipiodecatanduvas,,,7
Catanduvas,PR,Post,2022-05-05 01:08:37,municipiodecatanduvas,"O CRAS de Catanduvas, comunica que no dia 13 de maio, haver√° entrevistas de emprego. 

LAR: 
Dia: 13 de maio (sexta-feira).
Hor√°rio: 14h00.
Local: CRAS DE CATANDUVAS

Para mais informa√ß√µes, entrar em contato atrav√©s do telefone/whatsApp (45) 9 8407-0424 ou procurar o CRAS, que fica localizado na Rua Dom Pedro II, 512 - Centro (em frente ao Lago Municipal).",,2
Catanduvas,PR,Post,2022-05-03 20:41:21,municipiodecatanduvas,,,8
Catanduvas,PR,Post,2022-05-02 19:16:05,municipiodecatanduvas,"ATEN√á√ÉO CATANDUVAS!
2¬™ ETAPA DA VACINA√á√ÉO CONTRA A GRIPE!!!",,1
Catanduvas,PR,Post,2022-04-29 13:14:34,municipiodecatanduvas,"NOTA DE PESAR PELO FALECIMENTO DO EX-PREFEITO, DANILO HONORINO BERNARTT.

¬†
A Prefeitura Municipal de Catanduvas lamenta, com profundo pesar, o falecimento do ex-vereador e ex-prefeito, Danilo Honorino Bernartt, ocorrido nesta quinta-feira,  28 de abril. O corpo est√° sendo velado na C√¢mara Municipal de Vereadores de Catanduvas e o sepultamento est√° marcado para hoje, sexta-feira, √†s 13h00, no Cemit√©rio Municipal de Catanduvas.

 Danilo Honorino Bernartt, pioneiro e patriarca de fam√≠lia genuinamente Catanduvense, foi gestor do Munic√≠pio entre 1965 e 1969  e vereador entre os anos de 1973 e 1976, deixando sua importante contribui√ß√£o para o desenvolvimento de Catanduvas.

  Diante do ocorrido, o Governo de Catanduvas decreta¬†LUTO OFICIAL DE 3 DIAS e se solidariza com seus familiares e amigos. Na oportunidade, presta as sinceras condol√™ncias por t√£o grande perda.",,4
Catanduvas,PR,Post,2022-04-29 13:11:43,municipiodecatanduvas,"NOTA DE PESAR PELO FALECIMENTO DO EX-PREFEITO, DANILO HONORINO BERNARTT.

 
A Prefeitura Municipal de Catanduvas lamenta, com profundo pesar, o falecimento do ex-vereador e ex-prefeito, Danilo Honorino Bernartt, ocorrido nesta quinta-feira,  28 de abril. O corpo est√° sendo velado na C√¢mara Municipal de Vereadores de Catanduvas e o sepultamento est√° marcado para hoje, sexta-feira, √†s 15h00, no Cemit√©rio Municipal de Catanduvas.

 Danilo Honorino Bernartt, pioneiro e patriarca de fam√≠lia genuinamente Catanduvense, foi gestor do Munic√≠pio entre 1965 e 1969  e vereador entre os anos de 1973 e 1976, deixando sua importante contribui√ß√£o para o desenvolvimento de Catanduvas.

  Diante do ocorrido, o Governo de Catanduvas decreta LUTO OFICIAL DE 3 DIAS e se solidariza com seus familiares e amigos. Na oportunidade, presta as sinceras condol√™ncias por t√£o grande perda.",,20
Catanduvas,PR,Post,2022-04-29 11:16:12,municipiodecatanduvas,"CATANDUVAS REALIZA CAMPANHA DE VACINA√á√ÉO CONTRA COVID-19, GRIPE E SARAMPO, NESTE S√ÅBADO DIA 30 DE ABRIL.",,3
Catanduvas,PR,Post,2022-04-26 19:34:44,municipiodecatanduvas,"ATEN√á√ÉO: CONFIRMADO O PRIMEIRO √ìBITO CAUSADO PELA DENGUE EM CATANDUVAS.

A Secretaria Municipal de Sa√∫de de Catanduvas comunica o primeiro √≥bito por Dengue com laudo reagente emitido pelo LACEN - Laborat√≥rio Central do Estado do Paran√° que estava em investiga√ß√£o desde o dia 07/04/2022. Paciente do sexo feminino, 10 anos com comorbidade e encontrava-se internada na UTI de um hospital na cidade de Cascavel/PR. A Secretaria de Sa√∫de lamenta profundamente a perda. 

Informamos ainda que conforme Lei 13.853/2019, √© vedado a divulga√ß√£o de dados pessoais dos pacientes suspeitos ou confirmados, sendo a viola√ß√£o destes direitos sujeitos a responsabiliza√ß√£o administrativa, civil e criminal.

Reiteramos o pedido de colabora√ß√£o a popula√ß√£o para que todos fa√ßam sua parte limpando seus quintais, calhas de √°gua, vasos de plantas e que seja retirando tudo o que acumule √°gua para que n√£o haja criadouro do mosquito.",,2
Catanduvas,PR,Post,2022-04-26 17:42:10,municipiodecatanduvas,"O CRAS de Catanduvas, comunica que no dia 28 de abril, haver√° entrevistas de emprego. 

COPACOL: 
Dia: 28 de abril (quinta-feira).
Hor√°rio: 14h00.
Local: CRAS DE CATANDUVAS

Para mais informa√ß√µes, entrar em contato atrav√©s do telefone/whatsApp (45) 9 8407-0424 ou procurar o CRAS, que fica localizado na Rua Dom Pedro II, 512 - Centro (em frente ao Lago Municipal).",,0
Catanduvas,PR,Post,2022-04-26 00:03:10,municipiodecatanduvas,"PSS - Processo Seletivo Simplificado para ‚ÄúAssistente de Alfabetiza√ß√£o Volunt√°rio‚Äù.


Est√° aberto o Edital do Processo Seletivo Simplificado para ‚ÄúAssistente de Alfabetiza√ß√£o Volunt√°rio‚Äù do Programa Tempo de Aprender, conforme Decreto n¬∫ 80/2022.

 Com in√≠cio das inscri√ß√µes no dia 25/04 a 29/04, per√≠odo das 8h √†s 12h, na Secretaria Municipal de Educa√ß√£o. Qualquer d√∫vida, entrar em contato no telefone 3234-8571.",,7
Catanduvas,PR,Post,2022-04-25 18:18:40,municipiodecatanduvas,"PREFEITURA DE CATANDUVAS DAR√Å IN√çCIO AO PROGRAMA DE CASTRA√á√ÉO PARA C√ÉES QUE VIVEM EM SITUA√á√ÉO DE RUA. 

No intuito de evitar ou diminuir o aumento de animais abandonados no munic√≠pio, na √∫ltima quarta-feira (20), o prefeito Professor Mois√©s, recebeu em seu gabinete, membros da Associa√ß√£o Protetora dos Animais e do Meio Ambiente de Catanduvas - APRAMAC, Vivieli Comiram (Presidente) e Vera Lucia Zin (Vice-Secret√°ria), para tratar assuntos relacionados ao Programa de controle √©tico da popula√ß√£o canina que vivem em situa√ß√£o de rua.

O Programa que iniciar√° nos pr√≥ximos dias, √© importante para interromper a reprodu√ß√£o indiscriminada de c√£es, diminuir a incid√™ncia de abandonos e consequentemente prevenir a ocorr√™ncia de transmiss√£o de doen√ßas, classificadas como zoonoses.

Os processos cir√∫rgicos do Programa de Castra√ß√£o, ser√£o realizados por meio de cl√≠nicas veterin√°rias terceirizadas e o tempo de recupera√ß√£o do animal castrado √© de poucos dias.",,33
Catanduvas,PR,Post,2022-04-20 21:23:56,municipiodecatanduvas,"A Secretaria Municipal de Sa√∫de de Catanduvas comunica mais 01 caso positivo de COVID-19.

Paciente do sexo feminino 40 anos, encontra-se em isolamento domiciliar sem sinais de complica√ß√£o at√© o momento e est√° sendo monitorada pelo setor epidemiol√≥gico conforme prev√™ a legisla√ß√£o e protocolos. Conforme Lei 13.853/2019, √© vedado a divulga√ß√£o de dados pessoais dos pacientes suspeitos ou confirmados, sendo a viola√ß√£o destes direitos sujeitos a responsabiliza√ß√£o administrativa, civil e criminal. O descumprimento das orienta√ß√µes da equipe de sa√∫de, poder√£o acarretar san√ß√µes prevista do C√≥digo Penal Brasileiro em seu Art. 267 e 268
Informamos que √© obrigat√≥rio o uso de m√°scara conforme RESOLU√á√ÉO SESA N¬∫ 243/2022. Art. 6¬∫ Fica obrigat√≥rio o uso de m√°scaras de prote√ß√£o facial com total cobertura do nariz, boca e queixo:

I ‚Äì Por indiv√≠duos com sintomas de s√≠ndrome gripal, teste positivo, ou exposi√ß√£o a algu√©m com COVID-19 em ambientes abertos e fechados; 
II ‚Äì No controle de surtos; 
III ‚Äì Para acesso aos espa√ßos p√∫blicos ou privados de presta√ß√£o de servi√ßos de sa√∫de, que atendam pacientes com suspeita ou confirma√ß√£o de casos de s√≠ndrome respirat√≥rias e COVID-19, por funcion√°rios, pacientes e visitantes.",,5
Catanduvas,PR,Post,2022-04-14 20:06:54,municipiodecatanduvas,"NOTA INFORMATIVA 
COVID-19 
A Secretaria Municipal de Sa√∫de de Catanduvas comunica mais 01 caso positivo de COVID-19.

Paciente do sexo feminino 51 anos, encontra-se em isolamento domiciliar sem sinais de complica√ß√£o at√© o momento e est√° sendo monitorada pelo setor epidemiol√≥gico conforme prev√™ a legisla√ß√£o e protocolos. Conforme Lei 13.853/2019, √© vedado a divulga√ß√£o de dados pessoais dos pacientes suspeitos ou confirmados, sendo a viola√ß√£o destes direitos sujeitos a responsabiliza√ß√£o administrativa, civil e criminal. O descumprimento das orienta√ß√µes da equipe de sa√∫de, poder√£o acarretar san√ß√µes prevista do C√≥digo Penal Brasileiro em seu Art. 267 e 268
Informamos que √© obrigat√≥rio o uso de m√°scara conforme RESOLU√á√ÉO SESA N¬∫ 243/2022. Art. 6¬∫ Fica obrigat√≥rio o uso de m√°scaras de prote√ß√£o facial com total cobertura do nariz, boca e queixo:
I ‚Äì Por indiv√≠duos com sintomas de s√≠ndrome gripal, teste positivo, ou exposi√ß√£o a algu√©m com COVID-19 em ambientes abertos e fechados; 
II ‚Äì No controle de surtos; 
III ‚Äì Para acesso aos espa√ßos p√∫blicos ou privados de presta√ß√£o de servi√ßos de sa√∫de, que atendam pacientes com suspeita ou confirma√ß√£o de casos de s√≠ndrome respirat√≥rias e COVID-19, por funcion√°rios, pacientes e visitantes.",,0
Catanduvas,PR,Post,2022-04-14 01:14:48,municipiodecatanduvas,Munic√≠pio de Catanduvas realiza  Arrast√£o contra o mosquito da Dengue.,,3
Catanduvas,PR,Comentario,2022-04-14 02:44:44,rivaldocarlos.p,,Tem unha casa aq na rua mato grosso n1075 q j√° foi v√°rias vezes comunicado a prefeitura e nada est√° sendo feito tem um carro velho dentro da varanda e nunca foi tirado da li fora mato e entulho q brota na casa o porta est√° sem cadeado pq da outra v√™s q a prefeitura veio aq disse que iria dar um jeito e at√© agora nada est√° abandonada como sempre fica por isto mesmo da unha passada por aq que vcs v√£o ver se a coisa n√© brincadeira o mato e √°rvore est√£o por toda partes do quintal dos fundos e tem mais o dono n√£o mora na cidade e nem t√° a√≠ pq ele n√£o mora por perto por isto ent√£o quem tem q tomar unha solu√ß√£o e prefeitura sem mais nada tem q agir n√£o esperar q isto vire unha selva e um grande criador de musquitos da dengue e outro animais pesonhentos.,
Catanduvas,PR,Post,2022-04-13 23:00:41,municipiodecatanduvas,Munic√≠pio de Catanduvas realiza  Arrast√£o contra o mosquito da Dengue.,,15
Catanduvas,PR,Comentario,2022-04-14 02:15:29,cleber_duhh,,üëèüëèüëè,
Catanduvas,PR,Post,2022-04-12 22:37:29,municipiodecatanduvas,"NOTA INFORMATIVA
COVID-19

A Secretaria Municipal de Sa√∫de de Catanduvas comunica mais 02 casos positivos de COVID-19.

Paciente do sexo masculino 23 e 60 anos, encontram-se em isolamento domiciliar sem sinais de complica√ß√£o at√© o momento e est√£o sendo monitorados pelo setor epidemiol√≥gico conforme prev√™ a legisla√ß√£o e protocolos. Conforme Lei 13.853/2019, √© vedado a divulga√ß√£o de dados pessoais dos pacientes suspeitos ou confirmados, sendo a viola√ß√£o destes direitos sujeitos a responsabiliza√ß√£o administrativa, civil e criminal. O descumprimento das orienta√ß√µes da equipe de sa√∫de, poder√£o acarretar san√ß√µes prevista do C√≥digo Penal Brasileiro em seu Art. 267 e 268.

Informamos que √© obrigat√≥rio o uso de m√°scara conforme RESOLU√á√ÉO SESA N¬∫ 243/2022. Art. 6¬∫ Fica obrigat√≥rio o uso de m√°scaras de prote√ß√£o facial com total cobertura do nariz, boca e queixo:
I ‚Äì Por indiv√≠duos com sintomas de s√≠ndrome gripal, teste positivo, ou exposi√ß√£o a algu√©m com COVID-19 em ambientes abertos e fechados;
II ‚Äì No controle de surtos;
III ‚Äì Para acesso aos espa√ßos p√∫blicos ou privados de presta√ß√£o de servi√ßos de sa√∫de, que atendam pacientes com suspeita ou confirma√ß√£o de casos de s√≠ndrome respirat√≥rias e COVID-19, por funcion√°rios, pacientes e visitantes.
Catanduvas/PR 12 de abril de 2022.
 
Ademar Luiz Burckhardt
Secret√°rio Municipal de Sa√∫de",,1
Catanduvas,PR,Post,2022-04-12 14:52:57,municipiodecatanduvas,3¬∫ TORNEIO DE PESCA NO LAGO MUNICIPAL NOVO MIL√äNIO EM CATANDUVAS.,,6
Catanduvas,PR,Post,2022-04-12 14:26:27,municipiodecatanduvas,"Aten√ß√£o Catanduvas! 

√â amanh√£, dia 13 de abril, ARRAST√ÉO CONTRA A DENGUE.",,2
Catanduvas,PR,Post,2022-04-08 19:52:19,municipiodecatanduvas,"PREFEITO PROFESSOR MOIS√âS RECEBE VISITA DE LIDERAN√áAS DA CIDADE DE TR√äS PALMEIRAS ‚Äì RIO GRANDE DO SUL.

Na manh√£ desta sexta-feira, dia 08 de abril, o Prefeito de Catanduvas, Professor Mois√©s, recebeu em seu gabinete a visita de lideran√ßas da Cidade de Tr√™s Palmeiras/RS. A visita contou com a presen√ßa do prefeito, Claumir C√©sar de Oliveira (Magal), vice-prefeito, Sidemar de Oliveira (Sid√£o) e o Diretor Executivo do Cons√≥rcio de Desenvolvimento dos Munic√≠pios do Norte do Rio Grande do Sul ‚Äì COMUNORS, Rog√©rio Nardeli Kohlrausch. 

O encontro cort√™s serviu para que os gestores pudessem compartilhar algumas experi√™ncias j√° vivenciadas em diversos setores da Administra√ß√£o P√∫blica, abordassem assuntos do √¢mbito pol√≠tico e da governabilidade.

A reuni√£o tamb√©m contou com a participa√ß√£o do vice-prefeito, Tio Carlos, do Secret√°rio de Via√ß√£o e Obras, Jair Rocha e do Policial Penal Federal, Flademir Scheneider.",,1
Catanduvas,PR,Post,2022-04-08 19:48:08,municipiodecatanduvas,"PREFEITO PROFESSOR MOIS√âS RECEBE VISITA DE LIDERAN√áAS DA CIDADE DE TR√äS PALMEIRAS ‚Äì RIO GRANDE DO SUL.

Na manh√£ desta sexta-feira, dia 08 de abril, o Prefeito de Catanduvas, Professor Mois√©s, recebeu em seu gabinete a visita de lideran√ßas da Cidade de Tr√™s Palmeiras/RS. A visita contou com a presen√ßa do prefeito, Claumir C√©sar de Oliveira (Magal), vice-prefeito, Sidemar de Oliveira (Sid√£o) e o Diretor Executivo do Cons√≥rcio de Desenvolvimento dos Munic√≠pios do Norte do Rio Grande do Sul ‚Äì COMUNORS, Rog√©rio Nardeli Kohlrausch. 

O encontro cort√™s serviu para que os gestores pudessem compartilhar algumas experi√™ncias j√° vivenciadas em diversos setores da Administra√ß√£o P√∫blica, abordassem assuntos do √¢mbito pol√≠tico e da governabilidade.
A reuni√£o tamb√©m contou com a participa√ß√£o do vice-prefeito, Tio Carlos, do Secret√°rio de Via√ß√£o e Obras, Jair Rocha e do Policial Penal Federal, Flademir Scheneider.",,6
Catanduvas,PR,Post,2022-04-08 19:01:07,municipiodecatanduvas,"O PREFEITO PROFESSOR MOIS√âS REALIZA A ENTREGA DE UM VE√çCULO ZERO KM PARA A SECRETARIA DE VIA√á√ÉO E OBRAS. 

Na manh√£ desta sexta-feira (8), o Prefeito de Catanduvas, Professor Mois√©s, juntamente com o vice-prefeito, Tio Carlos e o Deputado Estadual, Evandro Ara√∫jo, realizou a entrega de um Ve√≠culo Fiat Strada Endurance, zero km, para a Secretaria de Via√ß√£o e Obras.

A aquisi√ß√£o deste ve√≠culo tem por objetivo refor√ßar as condi√ß√µes de trabalho e dar mais agilidade e efetividade no atendimento da popula√ß√£o. 

O valor destinado para aquisi√ß√£o do autom√≥vel, Fiat Strada Endurance, foi conquistado junto ao Governo do Estado, atrav√©s do Plano de Apoio ao Desenvolvimento dos Munic√≠pios do Estado do Paran√° (PAM), gra√ßas a importante interven√ß√£o do Deputado Estadual, Evandro Ara√∫jo, que intermediou a libera√ß√£o do recurso. 

As chaves do ve√≠culo foram entregues ao Secret√°rio de Via√ß√£o e Obras, Jair Rocha.

Tamb√©m estiveram presentes no ato de entrega, o suplente de vereador, Milton Kultz (Miltinho), servidor p√∫blico Municipal, Telmo Bernartt, barbeiro, Andr√© Tomazzini Kultz, pintor, Airton Correia e os produtores rurais, Emerson Hoffman e Romeu Holdys.",,6
Catanduvas,PR,Post,2022-04-08 18:32:06,municipiodecatanduvas,Aten√ß√£o Catanduvas!,,0
Catanduvas,PR,Post,2022-04-08 17:25:36,municipiodecatanduvas,"O PREFEITO PROFESSOR MOIS√âS REALIZA A ENTREGA DE UM VE√çCULO ZERO KM PARA A SECRETARIA DE VIA√á√ÉO E OBRAS. 

Na manh√£ desta sexta-feira (8), o Prefeito de Catanduvas, Professor Mois√©s, juntamente com o vice-prefeito, Tio Carlos e o Deputado Estadual, Evandro Ara√∫jo, realizou a entrega de um Ve√≠culo Fiat Strada Endurance, zero km, para a Secretaria de Via√ß√£o e Obras.

A aquisi√ß√£o deste ve√≠culo tem por objetivo refor√ßar as condi√ß√µes de trabalho e dar mais agilidade e efetividade no atendimento da popula√ß√£o. 

O valor destinado para aquisi√ß√£o do autom√≥vel, Fiat Strada Endurance, foi conquistado junto ao Governo do Estado, atrav√©s do Plano de Apoio ao Desenvolvimento dos Munic√≠pios do Estado do Paran√° (PAM), gra√ßas a importante interven√ß√£o do Deputado Estadual, Evandro Ara√∫jo, que intermediou a libera√ß√£o do recurso. 

As chaves do ve√≠culo foram entregues ao Secret√°rio de Via√ß√£o e Obras, Jair Rocha.

Tamb√©m estiveram presentes no ato de entrega, o suplente de vereador, Milton Kultz (Miltinho), servidor p√∫blico Municipal, Telmo Bernartt, barbeiro, Andr√© Tomazzini Kultz, pintor, Airton Correia e os produtores rurais, Emerson Hoffman e Romeu Holdys.",,6
