ChuÃ­,RS,Post,2022-09-20 13:56:31,prefeitura.chui,"ğŸğŸ ğƒğ„ ğ’ğ„ğ“ğ„ğŒğğ‘ğ | ğƒğˆğ€ ğƒğ ğ†ğ€Ãšğ‚ğ‡ğ ğ„ ğƒğ€ ğ‘ğ„ğ•ğğ‹ğ”Ã‡Ãƒğ ğ…ğ€ğ‘ğ‘ğğ”ğğˆğ‹ğ‡ğ€.

ğ‘ªğ’ğ’ğ’ ğ’‚ ğ’‚ğ’–ğ’“ğ’ğ’“ğ’‚ ğ’‘ğ’“ğ’†ğ’„ğ’–ğ’“ğ’”ğ’ğ’“ğ’‚ ğ’…ğ’ ğ’‡ğ’‚ğ’“ğ’ğ’ ğ’…ğ’‚ ğ’…ğ’Šğ’—ğ’Šğ’ğ’…ğ’‚ğ’…ğ’† ğ’‡ğ’ğ’Š ğ’ 20 ğ’…ğ’† ğ‘ºğ’†ğ’•ğ’†ğ’ğ’ƒğ’“ğ’ ğ’ ğ’‘ğ’“ğ’†ğ’„ğ’–ğ’“ğ’”ğ’ğ’“ ğ’…ğ’‚ ğ’ğ’Šğ’ƒğ’†ğ’“ğ’…ğ’‚ğ’…ğ’†.ğŸŸ©ğŸŸ¥ğŸŸ¨

ğ™³ğš’ğšŠ ğŸ¸ğŸ¶ ğšğš ğšœğšğšğšğš–ğš‹ğš›ğš˜ Ã© ğšŠ ğšğšŠğšğšŠ ğšŒğš˜ğš–ğšğš–ğš˜ğš›ğšŠğšğš’ğšŸğšŠ ğšğšŠ ğšğšğšŸğš˜ğš•ğšÃ§Ã£ğš˜ ğ™µğšŠğš›ğš›ğš˜ğšğš™ğš’ğš•ğš‘ğšŠ, ğšğšŠğš–ğš‹Ã©ğš– ğšŒğš‘ğšŠğš–ğšŠğšğšŠ ğšğš ğ™¶ğšğšğš›ğš›ğšŠ ğšğš˜ğšœ ğ™µğšŠğš›ğš›ğšŠğš™ğš˜ğšœ, ğš ğšğšŠğš–ğš‹Ã©ğš– ğšğš˜ ğ™³ğš’ğšŠ ğšğš˜ ğ™¶ğšŠÃºğšŒğš‘ğš˜.

ğ™¶ğšğšğš›ğš›ğšŠ ğšğš˜ğšœ ğ™µğšŠğš›ğš›ğšŠğš™ğš˜ğšœ ğš˜ğš ğšğšğšŸğš˜ğš•ğšÃ§Ã£ğš˜ ğ™µğšŠğš›ğš›ğš˜ğšğš™ğš’ğš•ğš‘ğšŠ ğšğš˜ğš’ ğšŒğš˜ğš–ğš˜ ğšğš’ğšŒğš˜ğš ğšŒğš˜ğš—ğš‘ğšğšŒğš’ğšğšŠ ğšŠ ğš›ğšğšŸğš˜ğš•ğšÃ§Ã£ğš˜ ğš˜ğš ğšğšğšğš›ğš›ğšŠ ğš›ğšğšğš’ğš˜ğš—ğšŠğš•, ğšğš ğšŒğšŠğš›Ã¡ğšğšğš› ğš›ğšğš™ğšğš‹ğš•ğš’ğšŒğšŠğš—ğš˜, ğšŒğš˜ğš—ğšğš›ğšŠ ğš˜ ğšğš˜ğšŸğšğš›ğš—ğš˜ ğš’ğš–ğš™ğšğš›ğš’ğšŠğš• ğšğš˜ ğ™±ğš›ğšŠğšœğš’ğš•, ğš—ğšŠ ğšğš—ğšÃ£ğš˜ ğš™ğš›ğš˜ğšŸÃ­ğš—ğšŒğš’ğšŠ ğšğš ğš‚Ã£ğš˜ ğ™¿ğšğšğš›ğš˜ ğšğš˜ ğšğš’ğš˜ ğ™¶ğš›ğšŠğš—ğšğš ğšğš˜ ğš‚ğšğš•, ğš ğššğšğš ğš›ğšğšœğšğš•ğšğš˜ğš ğš—ğšŠ ğšğšğšŒğš•ğšŠğš›ğšŠÃ§Ã£ğš˜ ğšğš ğš’ğš—ğšğšğš™ğšğš—ğšÃªğš—ğšŒğš’ğšŠ ğšğšŠ ğš™ğš›ğš˜ğšŸÃ­ğš—ğšŒğš’ğšŠ ğšŒğš˜ğš–ğš˜ ğšğšœğšğšŠğšğš˜ ğš›ğšğš™ğšğš‹ğš•ğš’ğšŒğšŠğš—ğš˜, ğšğšŠğš—ğšğš˜ ğš˜ğš›ğš’ğšğšğš– Ã  ğšğšğš™Ãºğš‹ğš•ğš’ğšŒğšŠ ğšğš’ğš˜-ğ™¶ğš›ğšŠğš—ğšğšğš—ğšœğš. 

ğ™° ğ™¶ğšğšğš›ğš›ğšŠ ğšğšœğšğšğš—ğšğšğš-ğšœğš ğšğš ğŸ¸ğŸ¶ ğšğš ğšœğšğšğšğš–ğš‹ğš›ğš˜ ğšğš ğŸ·ğŸ¾ğŸ¹ğŸ» ğšŠ ğŸ· ğšğš ğš–ğšŠğš›Ã§ğš˜ ğšğš ğŸ·ğŸ¾ğŸºğŸ». ğ™½Ã£ğš˜ ğš‘ğš˜ğšğšŸğš ğšŸğšğš—ğšŒğš’ğšğš˜ğšœ ğš—ğšğš– ğšŸğšğš—ğšŒğšğšğš˜ğš›ğšğšœ, ğš–ğšŠğšœ ğš˜ğšœ ğšğšŠğš›ğš›ğšŠğš™ğš˜ğšœ ğšŒğš˜ğš—ğšœğšğšğšğš’ğš›ğšŠğš– ğššğšğš ğšğšğšœğšğš“ğšŠğšŸğšŠğš–. ğ™µğš’ğšŒğšŠ ğš˜ ğšğš¡ğšğš–ğš™ğš•ğš˜ ğš™ğšŠğš›ğšŠ ğšŠ ğš‘ğš’ğšœğšÃ³ğš›ğš’ğšŠ ğšğš ğš™ğšŠğšğš›ğš’ğš˜ğšğš’ğšœğš–ğš˜ ğš ğšŒğš˜ğš›ğšŠğšğšğš– ğšğš ğšğš– ğš™ğš˜ğšŸğš˜, ğšğš– ğš‹ğšğšœğšŒğšŠ ğšğš ğšœğšğšŠğšœ ğš’ğšğšais ğš ğšŒğšŠğšğšœğšŠğšœ ğš“ğšğšœğšğšŠğšœ. 

ParabÃ©ns aos GaÃºchos e GaÃºchas de todas as QuerÃªncias !",,11
ChuÃ­,RS,Comentario,2022-09-20 16:34:06,waldir.darosa.14,,FELICIDADES,
ChuÃ­,RS,Post,2022-09-19 23:19:44,prefeitura.chui,"Boletim EpidemiolÃ³gico periÃ³dico semanal. 

O MunicÃ­pio do ChuÃ­ conta com 01 caso positivo ativo para o Covid-19. Computando os nÃºmeros de 936 casos positivo, 928 jÃ¡ recuperados e 07 Ã“bitos.

â€¢ Realizado um teste de antÃ­geno em paciente que realizou consulta, o mesmo resultou positivo para o Covid-19, paciente orientado e isolado. 

Portanto, contamos com 01 paciente sendo monitorado pela Equipe EpidemiolÃ³gica.

Desta forma, reforÃ§amos o apelo Ã  populaÃ§Ã£o para que sigam as prevenÃ§Ãµes nos cuidados em prol a saÃºde coletiva. Lembrando que a prevenÃ§Ã£o Ã© a melhor forma de proteÃ§Ã£o.",,7
ChuÃ­,RS,Post,2022-09-18 15:43:34,prefeitura.chui,"Desfile alusivo ao 20 de Setembro - RevoluÃ§Ã£o Farroupilha ğŸŸ¢ğŸ”´ğŸŸ¡

Em homenagem ao dia do GaÃºcho e aos festejos Ã  semana Farroupilha, o CTG QuerÃªncia Do ChuÃ­ realizou neste domingo (18), de setembro o desfile alusivo ao 20 de setembro. 

Autoridades do ChuÃ­; Prefeito Marco Antonio - Presidente da CÃ¢mara Municipal Vereador Paulo Gustavo Zandonai - SecretÃ¡ria de AssistÃªncia Social Valda Campos e o SecretÃ¡rio de Esporte Cultura e Turismo Carlos SegÃ³via, estiveram presentes prestigiando o belÃ­ssimo desfile.",,96
ChuÃ­,RS,Post,2022-09-17 19:40:27,prefeitura.chui,Participe conosco! ğŸŒ±,,9
ChuÃ­,RS,Post,2022-09-16 22:29:45,prefeitura.chui,"Semana Farroupilha foi tema de atividades da Emei CrianÃ§a Feliz ğŸŸ¢ğŸ”´ğŸŸ¡

Os alunos das escolas da rede municipal estÃ£o participando de diversas atividades na Semana Farroupilha, em comemoraÃ§Ã£o ao Dia do GaÃºcho, que serÃ¡ celebrado nesta terÃ§a-feira (20), para incentivar o tradicionalismo e o amor pelo Rio Grande do Sul. 

O CTG QuerÃªncia do ChuÃ­ entidade tradicionalista, promoveu atividade com alunos alunos da Emei CrianÃ§a Feliz. Na tarde desta sexta-feira (16), a 1Âª Prenda Juvenil da 6Âª RT Fernanda Acosta de Ãvila juntamente com a 1Âª Prenda Adulta do CTG VitÃ³ria Eduarda contou histÃ³rias infantis GaÃºchas para os pequenos e tambÃ©m, realizou ensaio de danÃ§as tradicionalista com nossas prendinhas e gauchinhos.",,61
ChuÃ­,RS,Comentario,2022-09-16 23:13:11,ctgquerenciadochui,,Amamos este contato â¤ï¸,
ChuÃ­,RS,Comentario,2022-09-16 23:13:47,fernanda_acostaa_,,GratidÃ£o!!,
ChuÃ­,RS,Post,2022-09-16 16:16:17,prefeitura.chui,"CENSO IBGE 2022 - 02 VAGAS PARA O MUNICÃPIO DO CHUÃ.

InscriÃ§Ãµes abertas para o Processo Seletivo do IBGE para trabalhar no Censo DemogrÃ¡fico 2022. SÃ£o 2 vagas temporÃ¡rias temporÃ¡rias para o municÃ­pio do ChuÃ­ distribuÃ­das entre os cargos de Recenseadores.

ğŸ“ŒOs editais estÃ£o disponÃ­veis para consulta em www.ibge.gov.br

ğŸš¨AtenÃ§Ã£o para o prazo de inscriÃ§Ãµes! 14 ao 16 de setembro. 

As inscriÃ§Ãµes podem ser realizadas no link abaixo:â¤µï¸ https://www.ibge.gov.br/acesso-informacao/institucional/trabalhe-conosco/34031-2022-10-recenseador-complementar.html",,6
ChuÃ­,RS,Post,2022-09-16 13:02:38,prefeitura.chui,COMUNICADO â€¼ï¸,,15
ChuÃ­,RS,Post,2022-09-16 12:49:10,prefeitura.chui,"Sirvam nossas FaÃ§anhas de Modelo Ã  toda Terra ğŸŸ¢ğŸ”´ğŸŸ¡

Bom dia ChuÃ­, â˜€ï¸

Ronda da Chama Criola ğŸ”¥",,80
ChuÃ­,RS,Comentario,2022-09-16 12:53:15,fernanda_acostaa_,,â¤ï¸â¤ï¸,
ChuÃ­,RS,Comentario,2022-09-16 13:23:29,tetekaacosta,,ğŸ‘ğŸ‘ğŸ‘ğŸ‘,
ChuÃ­,RS,Post,2022-09-15 22:27:41,prefeitura.chui,"PREFEITO MARCO ANTONIO PARTICIPOU DA CELEBRAÃ‡ÃƒO DOS 58 ANOS DA AZONASUL ğŸ‘¥ğŸ‚

No dia de ontem, quarta-feira (14), o Prefeito Marco Antonio, esteve presente na cerimÃ´nia de evento alusivo aos 58 anos de atuaÃ§Ã£o da Entidade da AssociaÃ§Ã£o dos MunicÃ­pios da Zona Sul (Azonasul), em Piratini. O evento reuniu prefeitos da regiÃ£o. 

A escolha do municÃ­pio identifica o local onde o entÃ£o prefeito de Pelotas, Edmar Fetter, fundou a organizaÃ§Ã£o em 20 de setembro de 1964. Integrada com as suas 22 prefeituras, a Azonasul desenvolve intensa atividade institucional, polÃ­tica e tÃ©cnica. AlÃ©m da comemoraÃ§Ã£o, os Prefeitos tambÃ©m debateram diversas pautas regionais, com destaque para a mobilizaÃ§Ã£o em torno do tÃ©rmino das obras de duplicaÃ§Ã£o da BR 116; abertura de canais para diÃ¡logos entre governos estadual e federal, entre outros. 

ApÃ³s a pauta de trabalho da reuniÃ£o, foi realizada a entrega de dois trofÃ©us assinalando a passagem do aniversÃ¡rio, para o Pelotas Parque TecnolÃ³gico e o OceanTec Parque CientÃ­fico e TecnolÃ³gico da FundaÃ§Ã£o Universidade de Rio Grande (Furg), entidades indutoras da inovaÃ§Ã£o.

Para o Prefeito Marco, Presidente do ConsÃ³rcio do Extremo Sul, participar desta celebraÃ§Ã£o Ã© motivo de muito orgulho e satisfaÃ§Ã£o em fazer parte deste quadro qualificado e competente da Azonasul, que dia apÃ³s dia, mostra comprometimento com os municÃ­pios atravÃ©s da importantÃ­ssima integraÃ§Ã£o e entrega de serviÃ§os qualificados, ressaltou o prefeito.",,14
ChuÃ­,RS,Post,2022-09-15 17:52:47,prefeitura.chui,"VEM AÃ A 6Âº EDIÃ‡ÃƒO DA ULTRAMARATHON.ğŸƒğŸƒâ€â™€ï¸

Na tarde de ontem, quarta-feira (14), o SecretÃ¡rio de Esporte Cultura e Turismo Carlos SegÃ³via eo Diretor de Esportes Alex Veiga estiveram reunidos com secretÃ¡rio-adjunto de Cultura, Esporte e Lazer de Rio Grande, Deivid Pereira, na companhia da comissÃ£o organizadora da Extremo Sul Ultramarathon, Silvia Rocha e Marcos Rosa, para alinhar os Ãºltimos detalhes referentes Ã  infraestrutura, ao suporte e a logistica da prova da 6Âº EdiÃ§Ã£o da Ultramarathon, a mesma acontecerÃ¡ nos dias 25, 26 e 27 de novembro de 2022.

A Extremo Sul Ultramarathon Ã© uma travessia pedestre com percurso de 226 Km, com a largada no ChuÃ­ passando por Santa VitÃ³ria do Palmar, BalneÃ¡rio Cassino e terminarÃ¡ em Rio Grande, com tempo limite de 54 horas para classificaÃ§Ã£o.

As inscriÃ§Ãµes para participar da prova devem ser realizadas on-line atravÃ©s do link: http://www.extremo-sul.com/inscricao. Ressalta-se que as prÃ©-inscriÃ§Ãµes serÃ£o limitadas ao nÃºmero mÃ¡ximo de 80 atletas.

Mais informaÃ§Ãµes sobre o regulamento da competiÃ§Ã£o no site: https://extremo-sul.com/",,7
ChuÃ­,RS,Post,2022-09-15 15:53:42,prefeitura.chui,"AACF NAS OITAVAS DE FINAL âš½ï¸

Vamos lÃ¡ galera, neste SÃ¡bado 17 Ã s 20hs no GinÃ¡sio do Sesc ChuÃ­ tem a AACF disputando mais uma classificaÃ§Ã£o para a segunda fase do campeonato da Liga GaÃºcha de Futsal sÃ©rie Bronze. 

Anota aÃ­ torcedor, Ã© SÃ¡bado! Bora torcer e apoiar AACF rumo a mais uma vitÃ³ria!ğŸ”µğŸŸ¢ğŸ’ª",,3
ChuÃ­,RS,Post,2022-09-15 15:06:22,prefeitura.chui,"MANUTENÃ‡ÃƒO URBANA - REPAROS NA PAVIMENTAÃ‡ÃƒO DA RUA CHILE ğŸš§ğŸ§±
Os trabalhos nÃ£o param! ğŸ’ª

Para dar uma melhor trafegabilidade na regiÃ£o central, a Prefeitura por meio da Secretaria de obras, deu inÃ­cio a manutenÃ§Ã£o urbana na pavimentaÃ§Ã£o da rua Chile trecho entre Av. Argentina e  rua Venezuela com reparos de calÃ§amento com piso intertravado paver (bloquete).",,19
ChuÃ­,RS,Comentario,2022-09-15 21:04:46,waldir.darosa.14,,Excelente o pessoal,
ChuÃ­,RS,Post,2022-09-13 22:17:42,prefeitura.chui,"NOVAS PARADAS DE Ã”NIBUS ESCOLARES PRONTAS. ğŸš

Atender a populaÃ§Ã£o com o carinho e respeito que ela merece tem sido uma das prioridades da AdministraÃ§Ã£o Municipal. 

Visando proporcionar um local adequado aos alunos que utilizam o transporte escolar no municÃ­pio, no mÃªs anterior, a Prefeitura por meio da Secretaria de Obras com recursos prÃ³prios, iniciou a instalaÃ§Ã£o de novas paradas de Ã´nibus. No total foram adquiridas 3 novas unidades, que substituiram as anteriores.",,33
ChuÃ­,RS,Comentario,2022-09-14 13:05:23,extrachui,,Sigan @extrachui para quedar por adentro de las mejores ofertas.,
ChuÃ­,RS,Post,2022-09-13 19:51:18,prefeitura.chui,"MUNICÃPIO MARCA PRESENÃ‡A NO LANÃ‡AMENTO DO FESTIVAL DO BAURÃš NA EXPO PRADO 2022. 

Nesta segunda-feira, 12 de setembro a Prefeitura Municipal do ChuÃ­, representada pelo Prefeito Marco Antonio - Vice-prefeita Elisangela Caetano e SecretÃ¡rios; Carlos SegÃ³via e Virginia Galeano, juntamente com Comitiva Binacional de Turismo de Santa VitÃ³ria, Chuy e IntendÃªncia de Rocha estiveram presentes na EXPO PRADO.

No evento a vencedora do ""Melhor BaurÃº 2021"", no Festival do BaurÃº do ChuÃ­/Chuy foi a encarregada de realizar uma degustaÃ§Ã£o para aqueles que se aproximaram do stand na EXPO PRADO.

Na ocasiÃ£o, o Prefeito junto a Comitiva Binacional aproveitou para convidar a todos para que venham prestigiar nosso 2Â° Festival do BaurÃº, que acontece aqui no ChuÃ­/Chuy nos dias 11 e 12 de novembro.

Ainda, autoridades da Comitiva apresentaram cronograma turÃ­stico para incentivar que estes venham conhecer e desfrutar nossas atraÃ§Ãµes turÃ­stica, e seus atrativos naturais e histÃ³ricos, com passeios binacionais aqui da regiÃ£o do ChuÃ­, Chuy e Santa VitÃ³ria do Palmar.",,58
ChuÃ­,RS,Comentario,2022-09-14 16:53:26,marlenemoraes33,,ğŸ‘ğŸ‘ğŸ‘ğŸ‘ğŸ‘â¤ï¸â¤ï¸,
ChuÃ­,RS,Post,2022-09-13 16:31:14,prefeitura.chui,"Os trabalhos nÃ£o param! ğŸ’ª

Prefeitura Municipal por meio da Secretaria de Obras em parceria com a Receita Federal, realiza reparos em trechos de pavimentaÃ§Ã£o da Aduana. Os reparos sÃ£o de calÃ§amento com piso intertravado paver (bloquete).",,11
ChuÃ­,RS,Post,2022-09-12 16:51:55,prefeitura.chui,"CHUÃ - CHUY E SANTA VITÃ“RIA DO PALMAR NA EXPO PRADO 2022. ğŸ‡§ğŸ‡·ğŸ¤ğŸ‡ºğŸ‡¾

Prefeito Marco Antonio junto a Vice-prefeita Elisangela Caetano e SecretÃ¡rios; Carlos SegÃ³via e Virginia Galeano estÃ£o presentes participando junto a Comitiva Binacional na Expo Prado 2022 em Montevideo.",,15
ChuÃ­,RS,Post,2022-09-12 14:47:40,prefeitura.chui,"ğŸ’‰ CALENDÃRIO SEMANAL DE VACINAÃ‡ÃƒO CONTRA A COVID-19 ğŸ’‰

ğŸ“… â€¢TERÃ‡A-FEIRAâ€¢

ğŸ’‰ 1Âª DOSE  para adolescentes de 12 anos completos ou +
ğŸ’‰ 2Âª DOSE para quem estiver no aprazamento da vacina.
ğŸ’‰ 3Âª DOSE para 12 anos ou + que tenha 4 meses de intervalo da segunda Dose.
ğŸ’‰  4Âª DOSE para pessoas a partir de 40 anos 

â°HorÃ¡rio 10hs Ã s 16hs
ğŸ¥Local: Posto de SaÃºde

ğŸ“… â€¢QUARTA-FEIRAâ€¢

ğŸ’‰ 1Âª DOSE  para adolescentes de 12 anos completos ou +
ğŸ’‰ 2Âª DOSE para quem estiver no aprazamento da vacina.
ğŸ’‰ 3Âª DOSE para 12 anos ou + que tenha 4 meses de intervalo da segunda Dose.
ğŸ’‰  4Âª DOSE para pessoas a partir de 40 anos 

â°HorÃ¡rio 09hs Ã s 12hs
ğŸ¥Local: Posto de SaÃºde

ğŸ“ATENÃ‡ÃƒO;
VacinaÃ§Ã£o da 1Âª e 2Âª  DOSE para crianÃ§as de 03 a 11 anos de idade, serÃ£o realizadas mediante a agendamento prÃ©vio;
Pais ou responsÃ¡veis devem realizar agendamento  no posto de saÃºde ou ligar atravÃ©s do telefone ğŸ“²99906-8960, de segunda Ã  quinta-feira das 09h Ã s 17.

ğŸ“Œ No ato da VacinaÃ§Ã£o portar documentos e carteira de vacinaÃ§Ã£o.",,4
ChuÃ­,RS,Post,2022-09-10 16:49:04,prefeitura.chui,"VICE-PREFEITA ESTEVE PRESENTE NA INAUGURAÃ‡ÃƒO DA SALA DE FISIOTERAPIA - GINÃSIO DE ESPORTE E ÃREA COBERTA DA APAE DE SANTA VITÃ“RIA DO PALMAR. 

No dia de ontem, sexta-feira (09), a vice-prefeita Elisangela Caetano, participou da inauguraÃ§Ã£o da Sala de Fisioterapia - GinÃ¡sio de Esporte e Ãrea coberta da APAE junto ao Prefeito Wellington Bacelo e o Presidente da APAE o Sr. JosÃ© Luiz Van Ommeren.

Tal feito somente foi possÃ­vel atravÃ©s de recursos solicitados pelos prefeitos municipais junto Ã s EÃ³licas. A AdministraÃ§Ã£o Municipal parabeniza a AssociaÃ§Ã£o de Pais e Amigos de Exepcionais - APAE, por mais essa conquista. A APAE atende alunos do municÃ­pio do ChuÃ­ e de Santa VitÃ³ria do Palmar, promovendo a atenÃ§Ã£o integral Ã  pessoa com deficiÃªncia intelectual ou mÃºltipla.",,39
ChuÃ­,RS,Post,2022-09-09 17:58:16,prefeitura.chui,"PREFEITO MARCO ANTONIO E ALCALDE EDUARDO CALABUIG ASSINAM CONTRATO COM EMPRESA RESPONSÃVEL PELA INSTALAÃ‡ÃƒO DE SEMÃFOROS  NO CHUÃ - CHUY. 

Na tarde desta Ãºltima quinta-feira (08), o prefeito Marco Antonio juntamente com a vice-prefeita Elisangela Caetano e o Alcalde Eduardo Calabuig receberam no Gabinete Municipal o representante da Empresa SSAT SINALIZAÃ‡ÃƒO, responsÃ¡vel pela execuÃ§Ã£o do fornecimento dos equipamentos e materiais e execuÃ§Ã£o dos serviÃ§os objeto da contrataÃ§Ã£o, Sr. JoÃ£o Fernando de Andrade, acompanhado do Sr. Rodrigo Marques, sÃ³cio proprietÃ¡rio da empresa Marques SinalizaÃ§Ãµes, parceiro na execuÃ§Ã£o dos serviÃ§os de sinalizaÃ§Ã£o vertical e horizontal.

Na oportunidade, o Prefeito Marco Antonio e o Alcalde Eduardo Calabuig assinaram o contrato junto Ã  Empresa SSAT SinalizaÃ§Ã£o ViÃ¡ria, empresa responsÃ¡vel pela implementaÃ§Ã£o dos serviÃ§os de implementaÃ§Ã£o dos SemÃ¡foros. 

Estiveram presentes na reuniÃ£o: A Secretaria de IndÃºstria e ComÃ©rcio Virginia Galeano - Coordenador de TrÃ¢nsito Municipal Luiz Andre Pereira - Diretor de TrÃ¢nsito Municipal Patrick da Silva - Adriana Moreno Coordenadora do MunicÃ­pio de Chuy - Julio Torres SecretÃ¡rio do MunicÃ­pio do Chuy - Leonardo Pereyra Diretor Departamental de TrÃ¢nsito do Uruguai e Eduardo Manssi responsÃ¡vel pelo TrÃ¢nsito no Chuy-UY",,38
ChuÃ­,RS,Comentario,2022-09-09 19:31:22,jeanmarcelruszkowski,,ğŸ‘ğŸ‘ğŸ‘ğŸ‘,
ChuÃ­,RS,Post,2022-09-09 16:59:42,prefeitura.chui,"Alguns Registros do 7 de Setembro ğŸ‡§ğŸ‡· 
As demais fotos vocÃª encontra em nossa PÃ¡gina Oficial no Facebook.",,47
ChuÃ­,RS,Post,2022-09-08 22:54:10,prefeitura.chui,"PREFEITO REALIZA DOAÃ‡ÃƒO DE UNIFORMES PARA A APAE DE SANTA VITÃ“RIA DO PALMAR. 

Ainda sobre o 7 de Setembro, alÃ©m do ato cÃ­vico com belÃ­ssimos desfiles, o prefeito Marco Antonio na oportunidade, oficializou a doaÃ§Ã£o dos uniformes ao presidente da Apae JosÃ© Luiz Van Ommeren. 

A Prefeitura a anos possui parceria com a Unidade da APAE, no qual atende usuÃ¡rios do municÃ­pio. Para o prefeito, nada mais justo do que fazer esta doaÃ§Ã£o para a entidade que Ã© tÃ£o importante e, que nos eventos sempre geram o sorriso e emoÃ§Ã£o naqueles que os prestigiam. 

Segundo a fala do prefeito, "" Se eles ficaram felizes com os uniformes, eu com certeza ficarei mais feliz ainda e imensamente grato por ter cumprido com este simples gesto"". disse o Prefeito.",,31
ChuÃ­,RS,Comentario,2022-09-09 20:22:54,jeanmarcelruszkowski,,ğŸ‘ğŸ‘ğŸ‘ğŸ‘,
ChuÃ­,RS,Post,2022-09-07 22:00:40,prefeitura.chui,"Semana da PÃ¡tria 2022 encerrada! ğŸ‡§ğŸ‡·

Hoje, 7 de Setembro, Ã s 17h30, ocorreu o arriamento das bandeiras, na PraÃ§a Nestor de Andrade, encerrando as comemoraÃ§Ãµes da Semana da PÃ¡tria.

No encerramento as comemoraÃ§Ãµes da Semana da PÃ¡tria do ano de 2022, estiveram presentes autoridades do MunicÃ­pio, a vice-Prefeita, Elisangela Caetano; representando o Legislativo, a Vereadora Sonia Caetano; SecretÃ¡rios Municipais: Valda Campos - Paola Eguren - Carlos SegÃ³via - Virginia Galeano e Miguel Pereira; representando a SecretÃ¡ria de EducaÃ§Ã£o; a Coordenadora da EducaÃ§Ã£o Xistiane Barbosa e demais servidores municipais.

Neste dia, falar sobre a PÃ¡tria brasileira significa lembrar-se de toda uma histÃ³ria que foi construÃ­da por diferentes personagens e que tornaram possivel que hoje estivÃ©ssemos aqui para comemorar o BicentenÃ¡rio da IndependÃªncia do Brasil. Por isso, o culto a PÃ¡tria deve fazer parte de nosso cotidiano como expressÃ£o de um sentimento de pertencimento a uma naÃ§Ã£o que se constrÃ³i no dia a dia, a partir das aÃ§Ãµes de cada um de nÃ³s, brasileiros.",,50
ChuÃ­,RS,Comentario,2022-09-09 11:43:34,falmeidaclaudia,,ğŸ‘ğŸ‘ğŸ‘ğŸ‘ğŸ‘ğŸ‘,
ChuÃ­,RS,Post,2022-09-06 22:16:04,prefeitura.chui,"REVITALIZAÃ‡ÃƒO NAS SINALIZAÃ‡Ã•ES DE TRÃ‚NSITO ğŸš§

A AdministraÃ§Ã£o Municipal, atravÃ©s do Departamento de TrÃ¢nsito, segue atuando no cronograma de revitalizaÃ§Ã£o na sinalizaÃ§Ã£o de trÃ¢nsito no ChuÃ­.

A revitalizaÃ§Ã£o com pinturas de meios fios e faixas de pedestres estÃ£o sendo feitas na Ã¡rea central do municÃ­pio.",,46
ChuÃ­,RS,Comentario,2022-09-07 17:10:47,christianecampos1,,ğŸ‘ğŸ½ğŸ‘ğŸ½ğŸ‘ğŸ½ğŸ‘ğŸ½ğŸ‘ğŸ½ğŸ˜ğŸ˜ğŸ˜â¤ğŸ‡§ğŸ‡·â¤ğŸ‡§ğŸ‡·â¤â˜ğŸ½,
ChuÃ­,RS,Post,2022-09-06 18:16:51,prefeitura.chui,"VEM AÃ A 2Âª EDIÃ‡ÃƒO DO FESTIVAL GASTRONÃ”MICO BINACIONAL DO BAURÃš ğŸ‡§ğŸ‡·ğŸ”ğŸ‡ºğŸ‡¾

Estiveram reunidos na tarde desta Ãºltima quarta-feira (06), no Centro Cultural, representantes da ComissÃ£o Binacional de Turismo do ChuÃ­-BR - Chuy-UY e Santa VitÃ³ria do Palmar.

Em pauta, estiveram assuntos referentes a organizaÃ§Ã£o do cronograma da 2Âª ediÃ§Ã£o do Festival GastronÃ´mico Binacional do BaurÃº que acontecerÃ¡ nos dias 11 e 12 de novembro no ChuÃ­.",,23
ChuÃ­,RS,Post,2022-09-05 22:23:19,prefeitura.chui,"Boletim EpidemiolÃ³gico periÃ³dico referente aos dias 30 de agosto Ã  05 de setembro. 

O MunicÃ­pio do ChuÃ­ zerou os casos positivos ativo para o Covid-19. Computando os nÃºmeros de 935 casos positivo, 928 jÃ¡ recuperados e 07 Ã“bitos.

â€¢ Foram liberados seis pacientes por tÃ©rmino de perÃ­odo de isolamento e tratamento, pacientes recuperados. 

Portanto, zeramos o nÃºmero pacientes sendo monitorado pela Equipe EpidemiolÃ³gica.

Desta forma, reforÃ§amos o apelo Ã  populaÃ§Ã£o para que sigam as prevenÃ§Ãµes nos cuidados em prol a saÃºde coletiva. Lembrando que a prevenÃ§Ã£o Ã© a melhor forma de proteÃ§Ã£o.",,5
ChuÃ­,RS,Comentario,2022-09-06 00:37:48,marlenemoraes33,,ğŸ˜¢ğŸ˜¢ğŸ˜¢ğŸ˜¢,
ChuÃ­,RS,Post,2022-09-05 20:55:24,prefeitura.chui,"CONVITE A POPULAÃ‡ÃƒO ğŸ‡§ğŸ‡·

ğŸ’š O 7 de Setembro Ã© uma das datas comemorativas mais importantes do Brasil, justamente por abrigar um dos principais acontecimentos da nossa histÃ³ria: a nossa independÃªncia. Foi nesse dia, em 1822, que Dom Pedro I deu inÃ­cio a nossa trajetÃ³ria como naÃ§Ã£o independente. Atualmente, o 7 de Setembro Ã© um feriado nacional que Ã© marcado por comemoraÃ§Ãµes pÃºblicas nas grandes e pequenas cidades.

ğŸ’šğŸ—“ï¸ o 7 de Setembro de 2022 â€“ que marca os 200 anos da nossa independÃªncia â€“ serÃ¡ celebrado com um desfile cÃ­vico, Ã s 10h, na Av. Uruguai /Av. Argentina.

ğŸ’š Venha comemorar conosco o bicentenÃ¡rio da independÃªncia do Brasil!

Prefeitura Municipal do ChuÃ­",,27
ChuÃ­,RS,Comentario,2022-09-06 00:23:01,marlenemoraes33,,ğŸ™ŒğŸ‘ğŸ‘ğŸ‘ğŸ˜ğŸ˜ğŸ˜ğŸ˜,
ChuÃ­,RS,Post,2022-09-05 17:26:23,prefeitura.chui,"A AdministraÃ§Ã£o Municipal comunica que; O horÃ¡rio de expediente de amanhÃ£ terÃ§a-feira 06 de setembro, serÃ¡ das 8:00h Ã s 13:30h, devido ao Feriado de quarta-feira 07 de setembro.",,12
ChuÃ­,RS,Post,2022-09-03 17:52:34,prefeitura.chui,"INFRAESTRUTURA - IMAGEM AÃ‰REA DO ANDAMENTO DA OBRA DE DUPLICAÃ‡ÃƒO DA AVENIDA SAMUEL PRILIAC. 

ğŸ“· Marcelinho Pires",,23
ChuÃ­,RS,Post,2022-09-03 14:37:14,prefeitura.chui,"VEM AÃ O 4Âº VARAL SOLIDÃRIO ğŸ§¥ğŸ‘•ğŸ‘¢ğŸ‘—ğŸ‘ğŸ‘–ğŸ‘Ÿ

A AssistÃªncia Social convida a todos para participar do 4Âº Varal SolidÃ¡rio.

A AÃ§Ã£o acontece segunda-feira (05), das 13hs Ã s 17hs, na Secretaria de AssistÃªncia Social. SerÃ£o realizadas as doaÃ§Ãµes de roupas e calÃ§ados Adulto e Infantil. 

Participe Conoscoâ€¼ï¸",,10
ChuÃ­,RS,Post,2022-09-02 22:57:10,prefeitura.chui,"Setembro Amarelo: mÃªs mundial dedicado Ã  prevenÃ§Ã£o ao suicÃ­dio e preservaÃ§Ã£o da vida.ğŸ—

Segundo dados da OrganizaÃ§Ã£o Mundial da SaÃºde (OMS), no decorrer de um ano cerca de 12 mil pessoas cometem suicÃ­dio em todo o Brasil e mais de 1 milhÃ£o no mundo. Segundo estatÃ­sticas, a cada 40 minutos uma pessoa tira sua prÃ³pria vida, o que leva o suicÃ­dio a segunda maior causa de morte no mundo.

Diante destes tristes nÃºmeros, a Prefeitura vem alertar e conscientizar a populaÃ§Ã£o dos cuidados com doenÃ§as como a depressÃ£o, Borderline, assim como prevenÃ§Ã£o contra o suicÃ­dio. Ã‰ preciso visar que este assunto Ã© de extrema importÃ¢ncia, devendo ser praticada a empatia e o cuidado com a saÃºde mental. Se vocÃª estÃ¡ ou conhece alguÃ©m que esteja passando por algum momento dificil ou tendo pensamentos negativos ou suicidas; nÃ£o se cale! PeÃ§a ajuda! Ligue:

Centro de ValorizaÃ§Ã£o da Vida:
 ğŸ“188",,15
ChuÃ­,RS,Post,2022-09-02 20:48:02,prefeitura.chui,"COLETIVA DE IMPRENSA - I MARCHA DA DIVERSIDADE E INCLUSÃƒO ğŸ³ï¸â€ğŸŒˆ

No inÃ­cio da noite ontem, quinta-feira (01), realizou-se uma coletiva de imprensa para o lanÃ§amento da I Marcha da Diversidade e InclusÃ£o, no Centro Cultural. 

Na coletiva, autoridades do ChuÃ­ - Chuy e Santa VitÃ³ria do Palmar juntamente com representantes da associaÃ§Ã£o comercial BR/UY, apresentaram a imprensa o cronograma da I Marcha da Diversidade e InclusÃ£o que acontece nos dias 23 e 24 de setembro. 

O Evento inÃ©dito na fronteira, tem por objetivo envolver e conscientizar a sociedade acerca de temas como direitos e garantias, LGBTfobia e todas as formas de preconceito e violÃªncia a que estÃ¡ exposta a comunidade LGBTQIA+. E Ã© com esta proposta que a fronteira quer ser protagonista ao realizar a  sua 1Âª Marcha da Diversidade, com uma programaÃ§Ã£o repleta de atraÃ§Ãµes que visam Ã  promoÃ§Ã£o da tolerÃ¢ncia, do respeito Ã s diferenÃ§as e da inclusÃ£o social. Toda a comunidade estÃ¡ convidada a participar.",,40
ChuÃ­,RS,Comentario,2022-09-02 21:18:27,andre_minoru_chim_miki,,ğŸ‘ğŸ‘ğŸ‘ğŸ™Œ,
ChuÃ­,RS,Comentario,2022-09-03 12:21:31,kevyn_nunes01,,ğŸ³ï¸â€ğŸŒˆâœŠğŸ½,
ChuÃ­,RS,Post,2022-09-01 21:52:53,prefeitura.chui,"ABERTURA OFICIAL AOS FESTEJOS ALUSIVOS DA SEMANA DA PÃTRIA. ğŸ‡§ğŸ‡·

Na manhÃ£ de hoje, dia 1Âº de setembro, na PraÃ§a CapitÃ£o Nestor de Andrade, aconteceu a abertura oficial da Semana da PÃ¡tria 2022. Estiveram presentes o prefeito Marco Antonio, alunos, funcionÃ¡rios, professores e diretores das escolas do municÃ­pio, Banda Municipal General Artigas, SecretÃ¡rios Municipais, Vereadores, Alcalde do Chuy-UY, Eduardo Calabuig, CÃ´nsul do UY/BR Daniel RÃ³tulo, Sgt. da Brigada Militar Eduardo de Ãvila e demais autoridades do municÃ­pio.

O fogo simbÃ³lico da Chama da PÃ¡tria foi conduzido pelo professor Bira Soladati e pelos alunos da rede municipal de educaÃ§Ã£o General Artigas. O hasteamento das bandeiras ficou sob responsabilidade do prefeito municipal, Marco Antonio,  representante do Legislativo Vereadora Sandra Haveman; e o Alcalde do Chuy-UY Eduardo Calabuig.

A Semana da PÃ¡tria se encerra no dia 7 de setembro com o tradicional desfile cÃ­vico.",,54
ChuÃ­,RS,Post,2022-09-01 17:15:37,prefeitura.chui,"Abertura da Semana da PÃ¡tria 2022.

Semana que comemora os 200 Anos da IndependÃªncia do Brasil teve sua solenidade de abertura na manhÃ£ dessa quarta-feira (01).",,40
ChuÃ­,RS,Post,2022-08-31 21:00:47,prefeitura.chui,"IMPLEMENTAÃ‡ÃƒO DE NOVA  SINALIZAÃ‡ÃƒO DE TRÃ‚NSITO ğŸš§

A AdministraÃ§Ã£o Municipal, atravÃ©s da Secretaria de IndÃºstria e Comercio em uma aÃ§Ã£o conjunta com o Departamento de TrÃ¢nsito, deu segmento no cronograma de revitalizaÃ§Ã£o na sinalizaÃ§Ã£o do trÃ¢nsito no ChuÃ­.

Nesta quarta-feira (31), o Departamento de TrÃ¢nsito iniciou a implementaÃ§Ã£o de uma nova  faixa de pedestre na rua NicarÃ¡gua, regiÃ£o central do municÃ­pio.",,42
ChuÃ­,RS,Post,2022-08-31 17:38:48,prefeitura.chui,"PREFEITO MARCO PARTICIPA DA TRADICIONAL ASSEMBLEIA GERAL DE PREFEITOS DA FAMURS NA EXPOINTER, EM ESTEIO.

Na manhÃ£ desta quarta-feira (31), durante a 45Âª Expointer, o Prefeito Marco Antonio, participa da tradicional Assembleia Geral de Prefeitos da Famurs. O evento conta com a presenÃ§a do governador Ranolfo Vieira JÃºnior, do presidente da Famurs e prefeito de Restinga SÃªca, Paulinho Salermo, e de lÃ­deres do Executivo de todo Estado.
O encontro com diversos gestores, iniciou Ã s 9h, no Centro de Eventos da Pista B, localizado no PavilhÃ£o 36 do Parque de ExposiÃ§Ãµes Assis Brasil, em Esteio.

Dentro das pautas do encontro, foi apresentado o Plano de InovaÃ§Ã£o aos MunicÃ­pios, projeto desenvolvido pela AgÃªncia Besouro, que coloca em prÃ¡tica a consultoria para a construÃ§Ã£o de planos municipais a fim de gerar novas oportunidades. Ainda na pauta da inovaÃ§Ã£o, a Famurs assina um termo de cooperaÃ§Ã£o junto ao Sebrae/RS, com objetivo de fomentar a educaÃ§Ã£o empreendedora e qualificaÃ§Ã£o de professores. A parceria tambÃ©m estÃ¡ voltada ao fomento da inovaÃ§Ã£o na educaÃ§Ã£o e a formaÃ§Ã£o de jovens para geraÃ§Ã£o de trabalho qualificado.",,50
ChuÃ­,RS,Comentario,2022-09-01 02:04:56,waldir.darosa.14,,Excelente vocÃªs.. como SEMPRE,
ChuÃ­,RS,Post,2022-08-30 18:39:44,prefeitura.chui,CONVITE ABERTO Ã€ POPULAÃ‡ÃƒO ğŸ‡§ğŸ‡·,,17
ChuÃ­,RS,Comentario,2022-08-31 18:21:30,marlenemoraes33,,ğŸ™ŒğŸ‘ğŸ‘ğŸ‘ğŸ‘ğŸ‘ğŸ‘â¤ï¸â¤ï¸,
ChuÃ­,RS,Post,2022-08-29 22:19:48,prefeitura.chui,"Boletim EpidemiolÃ³gico periÃ³dico referente aos dias 23 ao 29 de agosto.

O MunicÃ­pio do ChuÃ­ conta com 06 casos positivos ativo para o Covid-19. Computando os nÃºmeros de 935 casos positivo, 922 jÃ¡ recuperados e 07 Ã“bitos.

â€¢ Foram liberados dois pacientes por tÃ©rmino de perÃ­odo de isolamento e tratamento, pacientes recuperados.

â€¢ Foram realizados seis testes de antÃ­geno em pacientes que realizaram consulta mÃ©dica, os mesmos resultaram positivos, pacientes orientados e isolados. 

Portanto, computamos o nÃºmero de 06 pacientes sendo monitorado pela Equipe EpidemiolÃ³gica; 

Desta forma, reforÃ§amos o apelo Ã  populaÃ§Ã£o para que sigam as prevenÃ§Ãµes nos cuidados em prol a saÃºde coletiva. Lembrando que a prevenÃ§Ã£o Ã© a melhor forma de proteÃ§Ã£o.",,4
ChuÃ­,RS,Post,2022-08-29 19:32:05,prefeitura.chui,"PAIS OU RESPONSÃVEIS BEM INFORMADOS,  FILHOS VACINADOS â€¼ï¸ğŸ’‰

Todas as crianÃ§as menores de 5 anos devem tomar a vacina da poliomielite. Assim, garantimos que essa doenÃ§a continue eliminada do nosso paÃ­s.

Atualize a caderneta de vacinaÃ§Ã£o das crianÃ§as e adolescentes menores de 15 anos.

A campanha segue atÃ© dia 09 de setembroâ€¼ï¸ Procure o Posto de SaÃºde Ã© vacine seu filho ğŸ’‰  De segunda a sexta-feira das 9h Ã s 19hs,ğŸ’‰",,4
ChuÃ­,RS,Post,2022-08-29 19:26:54,prefeitura.chui,"ğŸ’‰ CALENDÃRIO SEMANAL DE VACINAÃ‡ÃƒO CONTRA A COVID-19 ğŸ’‰

ğŸ“… â€¢TERÃ‡A-FEIRAâ€¢

ğŸ’‰ 1Âª DOSE  para adolescentes de 12 anos completos ou +
ğŸ’‰ 2Âª DOSE para quem estiver no aprazamento da vacina.
ğŸ’‰ 3Âª DOSE para 12 anos ou + que tenha 4 meses de intervalo da segunda Dose.
ğŸ’‰  4Âª DOSE para pessoas a partir de 40 anos 

â°HorÃ¡rio 10hs Ã s 16hs
ğŸ¥Local: Posto de SaÃºde

ğŸ“… â€¢QUARTA-FEIRAâ€¢

ğŸ’‰ 1Âª DOSE  para adolescentes de 12 anos completos ou +
ğŸ’‰ 2Âª DOSE para quem estiver no aprazamento da vacina.
ğŸ’‰ 3Âª DOSE para 12 anos ou + que tenha 4 meses de intervalo da segunda Dose.
ğŸ’‰  4Âª DOSE para pessoas a partir de 40 anos 

â°HorÃ¡rio 09hs Ã s 12hs
ğŸ¥Local: Posto de SaÃºde

ğŸ“ATENÃ‡ÃƒO;
VacinaÃ§Ã£o da 1Âª e 2Âª  DOSE para crianÃ§as de 03 a 11 anos de idade, serÃ£o realizadas mediante a agendamento prÃ©vio;
Pais ou responsÃ¡veis devem realizar agendamento  no posto de saÃºde ou ligar atravÃ©s do telefone ğŸ“²99906-8960, de segunda Ã  quinta-feira das 09h Ã s 17.

ğŸ“Œ No ato da VacinaÃ§Ã£o portar documentos e carteira de vacinaÃ§Ã£o.",,3
ChuÃ­,RS,Post,2022-08-29 18:25:53,prefeitura.chui,"COMUNICADO DE UTILIDADE PÃšBLICA ğŸ—£ï¸

A Secretaria de SaÃºde comunica que encontra-se com problemas tÃ©cnicos na rede de telefonia e, por este motivo, nossas linhas pelos nÃºmeros 3265-1650 , 3265-2037 e 192.

Informamos tambÃ©m que a equipe tÃ©cnica jÃ¡ estÃ¡ empenhada em resolver o problema, desta forma, devido a manutenÃ§Ã£o que estÃ¡ sendo feita, as ligaÃ§Ãµes podem ser feitas atravÃ©s do nÃºmero (53) 999062568

A AdministraÃ§Ã£o Municipal agradece a compreensÃ£o de todos.",,4
ChuÃ­,RS,Post,2022-08-29 14:10:24,prefeitura.chui,"EMEI CRIANÃ‡A FELIZ - HOMENAGEM AO DIA DOS PAIS.ğŸ’™ğŸ‘”

Na tarde de ontem, domingo (28), aconteceu na EMEI CrianÃ§a Feliz uma tarde de confraternizaÃ§Ã£o entre escola e famÃ­lias em homenagem ao Dia dos Pais. 

Houveram apresentaÃ§Ãµes dos alunos, bingo,  mateada, sorteios e quitutes. A escola agradece a presenÃ§a e parceria das famÃ­lias.",,17
ChuÃ­,RS,Post,2022-08-29 12:18:28,prefeitura.chui,"Bom dia ChuÃ­, â˜€ï¸ 8Â°ğŸŸ¢ğŸ”µ
Boa semana a todos!

ğŸ“· Marcelinho Pires",,41
ChuÃ­,RS,Post,2022-08-26 21:02:35,prefeitura.chui,"MANUTENÃ‡ÃƒO URBANA 
Os trabalhos nÃ£o param! ğŸšœğŸ‘·

Secretaria de Obras segue atuante na limpeza urbana com o recolhimento de entulhos em Ã¡rea central e bairros do municÃ­pio.",,8
ChuÃ­,RS,Post,2022-08-26 19:46:54,prefeitura.chui,"ESPORTE - ""TREINANDO NA ESCOLA""  ATLETISMO. ğŸƒâ€â™‚ï¸

Hoje foi dia da galerinha do projeto Treinando na Escola fazer treinamento na modalidade atletismo.

Os alunos realizaram a prÃ¡tica nos treinos de saltos em altura e corridas nas categorias infantil e juvenil, masculino e feminino. Todo o treinamento foi supervisionado pelos professores Rudimar Pereira e Bira Soladati.",,30
ChuÃ­,RS,Post,2022-08-26 19:01:20,prefeitura.chui,"REVITALIZAÃ‡ÃƒO DE SINALIZAÃ‡ÃƒO DE TRÃ‚NSITO ğŸš§

A AdministraÃ§Ã£o Municipal, atravÃ©s da Secretaria de IndÃºstria e Comercio em uma aÃ§Ã£o conjunta com o Departamento de TrÃ¢nsito, iniciou nesta sexta-feira (26), o cronograma de revitalizaÃ§Ã£o na sinalizaÃ§Ã£o do trÃ¢nsito no ChuÃ­.

Equipes de servidores estÃ£o realizando a recuperaÃ§Ã£o da sinalizaÃ§Ã£o, reforÃ§ando as marcaÃ§Ãµes e faixas de travessia de pedestres e implementado novas faixas na regiÃ£o central do municÃ­pio.",,28
ChuÃ­,RS,Post,2022-08-25 21:06:28,prefeitura.chui,"197 ANIVERSÃRIO DE INDEPENDÃŠNCIA  NACIONAL DO URUGUAI. 

Nesta quinta-feira (25), a Prefeitura por meio da Secretaria da SMECT, atravÃ©s do secretÃ¡rio Carlos SegÃ³via, participou do ato solene em comemoraÃ§Ã£o do 197 aniversÃ¡rio de IndependÃªncia do Uruguai. 

O evento contou a presenÃ§a de autoridades Uruguaias e pÃºblico em geral. Logo apÃ³s o cerimonial comemorativo, aconteceu show artÃ­stico com Gabriela Benitez e Banda.",,32
ChuÃ­,RS,Comentario,2022-08-26 00:21:04,lucianooliveira4200,,ğŸ‘ğŸ‘ğŸ‘,
ChuÃ­,RS,Post,2022-08-25 19:51:45,prefeitura.chui,"ğŸ“† 25 de Agosto - Dia Nacional da EducaÃ§Ã£o Infantil ğŸ§¸ğŸ§©ğŸ–ŒğŸ“š

A educaÃ§Ã£o infantil Ã© a primeira etapa da EducaÃ§Ã£o bÃ¡sica, que atende crianÃ§as de 0 a 5 anos, esse perÃ­odo Ã© primordial para o processo de aprendizagem. As crianÃ§as sÃ£o estimuladas com brincadeiras, momentos em que elas exercitam todos os seus direitos e estabelecem contatos com os campos da experiÃªncia como protagonista do seu desenvolvimento.

Desta forma, parabenizamos Ã s nossas Emei's CrianÃ§a Feliz e Mundo da CrianÃ§a por toda dedicaÃ§Ã£o no cumprimento a EducaÃ§Ã£o inicial dos nossos pequenos â€¼ï¸ğŸ‘ğŸ‘",,6
ChuÃ­,RS,Comentario,2022-08-26 01:26:23,gracinhapontes,,Orgulho em fazer parte!,
ChuÃ­,RS,Post,2022-08-25 19:30:42,prefeitura.chui,"âš ï¸COMUNICADO DE EXPEDIENTE PARA DIA  29/08 ğŸ—£ï¸

A Prefeitura Municipal do Chui comunica que no dia 29 de agosto de 2022, segunda-feira, o horÃ¡rio de expediente no prÃ©dio da prefeitura serÃ¡ das 08 horas Ã s 13h30 em razÃ£o de falta de luz programada pela empresa CEE Equatorial. Os demais Ã³rgÃ£os pÃºblicos seguirÃ£o em horÃ¡rio de expediente normal.",,23
ChuÃ­,RS,Post,2022-08-25 18:39:23,prefeitura.chui,"ğŸ“† 25 de Agosto - Dia do Soldado ğŸ«¡

ParabÃ©ns Honra,  coragem,  determinaÃ§Ã£o e amor a PÃ¡tria! ğŸ‘",,4
ChuÃ­,RS,Post,2022-08-25 17:25:24,prefeitura.chui,"CENSO 2022

Sua resposta Ã© muito Importante â€¼ï¸",,9
ChuÃ­,RS,Post,2022-08-24 21:47:22,prefeitura.chui,"SECRETARIA DE OBRAS Ã€ TODO VAPOR ğŸšœ

Segue a todo vapor a execuÃ§Ã£o nos trabalhos de saneamento bÃ¡sico (esgoto cloacal), no bairro RamÃ£o Rotta.",,16
ChuÃ­,RS,Post,2022-08-24 20:04:50,prefeitura.chui,"COMUNICADO IMPORTANTE â€¼ï¸

Para empresas e trabalhadores da cidade do ChuÃ­; Devido aos diversos pedidos de informaÃ§Ãµes de estrangeiros a respeito da admissÃ£o, alertamos que para a contrataÃ§Ã£o por empresas, os trabalhadores estrangeiros deverÃ£o apresentar os seguintes documentos: 

â€¢ Carteira de Registro Nacional MigratÃ³rio (RNM) emitida pela PolÃ­cia Federal

â€¢ Cadastro de Pessoa FÃ­sica (CPF) emitido pelos correios ou pela Receita Federal 

â€¢ Carteira de Trabalho e PrevidÃªncia Social (CTPS) emitida digitalmente pelo aplicativo.

Quando um funcionÃ¡rio Ã© contratado sem o RNM sua carteira de trabalho nÃ£o estarÃ¡ devidamente habilitada e ele terÃ¡ uma maior dificuldade em receber seus direitos trabalhistas, ou seja, o funcionÃ¡rio estaria dificultando o recebimento do seguro-desemprego, fundo de garantia, entre outros beneficios que sÃ£o direitos do trabalhador, Conseguindo-os apenas judicialmente. Advertimos que as empresas que nÃ£o solicitarem os documentos citados acima estarÃ£o sujeitas Ã  multa.",,16
ChuÃ­,RS,Post,2022-08-24 19:33:07,prefeitura.chui,"MARCHA DA DIVERSIDADE E INCLUSÃƒO.ğŸ³ï¸â€ğŸŒˆ

Estiveram reunidos na tarde desta Ãºltima terÃ§a-feira (23), em Santa VitÃ³ria do Palmar, representantes da Secretaria de Esporte, Cultura e Turismo do ChuÃ­ e Santa VitÃ³ria do Palmar; Representantes do ComitÃª Binacional de Turismo e Cultura e SESC ChuÃ­. 

Em pauta, estiveram assuntos referentes a organizaÃ§Ã£o da Marcha da Diversidade e InclusÃ£o que acontecerÃ¡ nos dias 22, 23 e 24 de Setembro nos municÃ­pios de ChuÃ­ -  Santa VitÃ³ria do Palmar e Chuy.",,24
ChuÃ­,RS,Post,2022-08-23 20:02:51,prefeitura.chui,"OBRAS - SANEAMENTO BÃSICO. ğŸš§

A Prefeitura por meio da Secretaria de Obras vem realizando melhorias no saneamento bÃ¡sico no municÃ­pio. 

Equipes de Obras estÃ£o atuando nas aÃ§Ãµes de melhorias para o saneamento bÃ¡sico na Rua RamÃ£o Rotta cruzamento com a rua Tuiuti, o bairro jÃ¡ encontra-se com 80% do saneamento cloacal coberto.",,13
ChuÃ­,RS,Post,2022-08-22 23:21:34,prefeitura.chui,"Boletim EpidemiolÃ³gico periÃ³dico referente aos dias  16 Ã  22 de agosto.

O MunicÃ­pio do ChuÃ­ conta com 02 casos positivos ativo para o Covid-19. Computando os nÃºmeros de 929 casos positivo, 920 jÃ¡ recuperados e 07 Ã“bitos.

â€¢ Foram liberados quatro pacientes por tÃ©rmino de perÃ­odo de isolamento e tratamento, pacientes recuperados.

â€¢ Foram realizados dois testes de antÃ­geno em pacientes que realizaram consulta mÃ©dica, os mesmos resultaram positivos, pacientes orientados e isolados. 

Portanto, computamos o nÃºmero de 02 pacientes sendo monitorado pela Equipe EpidemiolÃ³gica; 

Desta forma, reforÃ§amos o apelo Ã  populaÃ§Ã£o para que sigam as prevenÃ§Ãµes nos cuidados em prol a saÃºde coletiva. Lembrando que a prevenÃ§Ã£o Ã© a melhor forma de proteÃ§Ã£o.",,7
ChuÃ­,RS,Post,2022-08-22 17:00:23,prefeitura.chui,"VocÃª sabia que hoje, 22 de agosto, Ã© o Dia do Folclore Brasileiroâ“

O ""Dia do Folclore Brasileiro"" Ã© comemorado dia 22 de agosto. A data foi oficializada pelo presidente Humberto Castelo Branco, em 17 de agosto de 1965 por meio do Decreto nÂº 56.747.

A palavra folclore foi utilizada pela primeira vez em 22 de agosto de 1845, pelo pesquisador britÃ¢nico William John Toms, ao escrever um artigo sobre lendas, costumes e superstiÃ§Ãµes. A palavra folclore derivou da expressÃ£o inglesa folklore utilizada por Toms, que significa sabedoria popular.

O Folclore Ã© a cultura de um povo, o conjunto das tradiÃ§Ãµes culturais dos conhecimentos, crenÃ§as, costumes, danÃ§as, canÃ§Ãµes e lendas de determinada naÃ§Ã£o ou localidade. 

E uma das figuras mais emblemÃ¡ticas do nosso folclore local, Ã© o Negrinho do Pastoreio.

ğŸ“š Segundo muitos autores, o Negrinho do Pastoreio Ã© um clÃ¡ssico personagem do folclore brasileiro. Ele vive nos pampas gaÃºchos e sempre que alguÃ©m perde alguma coisa, recorre a sua ajuda para encontrar o objeto perdido. Ele estÃ¡ sempre acompanhando de seu cavalo baio, cavalgando por aÃ­.
Sua lenda Ã© muito popular no sul do paÃ­s onde teve origem, no final do sÃ©culo XIX, por brasileiros que defendiam o fim da escravidÃ£o.

  _SUA LENDA _
â„¹ï¸ O Negrinho do Pastoreio Ã© um personagem do folclore brasileiro muito conhecido e contado na regiÃ£o sul do paÃ­s. E sua histÃ³ria surgiu provavelmente no sÃ©culo XIX, e reza a lenda que, ainda no tempo da escravidÃ£o no paÃ­s, essa personagem foi um pequeno escravo que sofreu muito com os maus tratos de um fazendeiro.

Num determinado dia, o senhor pediu-lhe que cuidasse de alguns cavalos, porÃ©m um deles acabou fugindo. O negrinho do pastoreio quando retornou, seu dono sentiu falta do cavalo baio e, com isso, resolveu castigar o negrinho e ordeneu que encontrasse seu cavalo baio.

ContinuaÃ§Ã£o nos comentÃ¡rios...",,16
ChuÃ­,RS,Comentario,2022-08-22 17:04:39,prefeitura.chui,,"ApÃ³s sair em busca do cavalo perdido, o negrinho chega a encontrÃ¡-lo, porÃ©m, nÃ£o conseguiu capturÃ¡-lo. E quando novamente retornou, o senhor resolve castigar ainda mais o menino com muitas chibatadas e, alÃ©m disso, nÃ£o satisfeito, lanÃ§a-o num formigueiro, e o fazendeiro resolve deixar o menino ali, certo de que de o negrinho jÃ¡ estivesse morto.
Entretanto, no dia seguinte, o prÃ³prio fazendeiro se depara com o menino e fica perplexo, pois o negrinho nÃ£o apresentava nenhum ferimento no corpo.
AlÃ©m disso, ele estava montado no cavalo baio perdido, e ao seu lado, estava a Virgem Maria, padroeira do garoto Ã³rfÃ£o. Reza a lenda que o menino saiu galopando pelos pampas, onde atÃ© hoje as pessoas dizem tÃª-lo visto, e a quem rezam pedindo ajuda quando precisam achar algum objeto perdido.
AlÃ©m do Negrinho do Pastoreio, tambÃ©m temos outros tantos personagens do nosso Folclore brasileiro. Quem nunca ouviu sobre essas lendas nÃ£o Ã© mesmoâ‰ï¸ Se vocÃª tambÃ©m conhece outros personagens do nosso Folclore comenta aqui ğŸ‘‡",
ChuÃ­,RS,Comentario,2022-08-22 17:11:05,duda_acosta,,ğŸ‘ğŸ‘,
ChuÃ­,RS,Post,2022-08-20 20:36:19,prefeitura.chui,"EM BREVE AULAS GRATUITAS DE JIU-JITSU NO MUNICÃPIO. ğŸ¥‹

Na tarde desta Ãºltima sexta-feira (19), o SecretÃ¡rio de Esporte Cultura e Turismo, Carlos SegÃ³via esteve reunido com o Bi CampeÃ£o de Jiu-Jitsu Nato Werlang e RÃ©gis Silva Mestre da Scorpyon Jiu-Jitsu. 

Em reuniÃ£o, trataram de culminar os detalhes de trÃªs projetos sendo eles; aulas gratuitas de Jiu-Jitsu  e dois campeonatos internacionais a serem realizados aqui na cidade do ChuÃ­; o primeiro campeonato jÃ¡ com data prevista para o 03 de setembro. 

Na oportunidade, estiveram presentes o professor de Jiu-Jitsu Manuel Bueno e Maikom Moura, ambos parceiros e que serÃ£o os instrutores de Jiu-Jitsu do projeto Futuro Suave que serÃ¡ iniciado no municÃ­pio nas prÃ³ximas semanas. O referido projeto tem como parceiro e financiador o Supermercado Londres, o projeto oferecerÃ¡ aulas gratuitas para 40 crianÃ§as da comunidade carentes, no qual serÃ£o aplicadas no GinÃ¡sio poliesportivo Artigas e atenderÃ¡ toda a estrutura de materiais necessÃ¡rios como: Kimonos; tatames entre outros adereÃ§os necessÃ¡rios para a prÃ¡tica do esporte.

Participaram da reuniÃ£o; o Sr Marcelo Schames - Nato Werlang - Jean Ruskowki - Manuel Bueno - Maikom Moura - RÃ©gis Silva - Carlos SegÃ³via - Alex Veiga.

Para maiores informaÃ§Ãµes: se dirigir a Secretaria de Esporte locado no Centro Cultural na Av. Uruguai.

ğŸ“ WR - Assessoria de comunicaÃ§Ã£o PMC",,66
ChuÃ­,RS,Comentario,2022-08-20 20:36:39,natowerlang,,ğŸ‘ğŸ‘,
ChuÃ­,RS,Comentario,2022-08-20 20:47:21,regisscorpyon,,"Senhores, estÃ£o mudando a vida e o futuro de famÃ­lias, atravÃ©s do esporte !!",
ChuÃ­,RS,Comentario,2022-08-20 21:14:41,manuelbuenno,,ğŸ”¥ğŸ‘ğŸ”¥ğŸ‘ğŸ”¥ğŸ‘,
ChuÃ­,RS,Comentario,2022-08-20 21:28:24,team.m.bueno,,ğŸ‘ğŸ‘ğŸ‘ğŸ‘,
ChuÃ­,RS,Comentario,2022-08-20 21:52:01,rafaelabreur,,Grande Manuel! ğŸ‘ğŸ½ğŸ‘ğŸ½â¤ï¸,
ChuÃ­,RS,Comentario,2022-08-20 22:27:12,ticianeacosta,,ğŸ”¥ğŸ”¥ğŸ”¥ğŸ”¥,
ChuÃ­,RS,Comentario,2022-08-20 23:25:35,jeanmarcelruszkowski,,ğŸ‘ğŸ‘ğŸ‘,
ChuÃ­,RS,Comentario,2022-08-20 23:29:53,marceloschames,,ğŸ‘ğŸ‘ğŸ‘ğŸ‘ğŸ‘ğŸ‘,
ChuÃ­,RS,Comentario,2022-08-21 00:12:51,markinhosbjj,,ğŸ‘ğŸ‘ğŸ‘ğŸ‘ğŸ‘,
ChuÃ­,RS,Comentario,2022-08-21 03:16:04,pao_rodriguez41,,ğŸ‘ğŸ‘ğŸ‘ sin dudas tenemos al mejor para este proyecto!! Vamos que vamos @manuelbuenno ğŸ”¥,
ChuÃ­,RS,Post,2022-08-19 21:55:17,prefeitura.chui,"COMUNICADO DE UTILIDADE PÃšBLICA. ğŸ“¢

Comunicamos que neste sÃ¡bado 20/08 a partir das 08h30 Ã s 13h30 a CEEE EQUATORIAL estarÃ¡ realizando manutenÃ§Ã£o na rede de energia, deste modo, estÃ¡ programado a falta de energia em alguns pontos do municÃ­pio. 

DESLIGAMENTO PARA AS RUAS:â¬‡ï¸

RUA AMELIA COTA DE MELO - NÂº 93 ao 178 RUA ARTUR DA COSTA E SILVA - NÂº 324 RUA CHILE - NÂº 1077 ao 1538 RUA VENEZUELA - NÂº 168 ao 295

Agradecemos a compreensÃ£o de todos.",,15
ChuÃ­,RS,Post,2022-08-19 21:34:33,prefeitura.chui,"FEIRA DE LINGUAGEM da E.M.E.F. GENERAL ARTIGAS.

Realizou-se na manhÃ£ de sexta-feira (19), a Feira de Linguagem, o Prefeito Marco Antonio; a SecretÃ¡ria de EducaÃ§Ã£o Maristela e o SecretÃ¡rio de Obras Tiago Gutierres, estiveram presentes prestigiando o belÃ­ssimo desempenho na realizaÃ§Ã£o das ExposiÃ§Ãµes feita pelos alunos da Escola Municipal General Artigas.

Os mesmos realizaram exposiÃ§Ãµes dos trabalhos nas disciplinas de; portuguÃªs, arte, educaÃ§Ã£o fÃ­sica, mÃºsica, inglÃªs  e espanhol. Foram abordados  temas do dia a dia como: saudaÃ§Ãµes na lÃ­ngua inglesa, jogo de educaÃ§Ã£o financeira em espanhol; corpo em movimento em educaÃ§Ã£o fÃ­sica; portuguÃªs  arte e mÃºsica: representaÃ§Ã£o feminina na mÃºsica e arte; a comunicaÃ§Ã£o ao longo dos tempos.
 
A aÃ§Ã£o escolar buscou favorecer o desenvolvimento dos estudantes, contribuindo para que estes tenham uma visÃ£o crÃ­tica e possam participar ativamente do meio em que vivem. De acordo com a direÃ§Ã£o da instituiÃ§Ã£o de ensino, com esse intuito, a feira cultural proporcionou a integraÃ§Ã£o entre a escola e a diversidade cultural como fator preponderante para a construÃ§Ã£o de uma identidade e evoluÃ§Ã£o.

Assessoria de Imprensa.PMC
ğŸ“Œ As demais fotos podem ser encontradas na pÃ¡gina da Prefeitura Municipal no Facebook ğŸ“·",,61
ChuÃ­,RS,Comentario,2022-08-20 01:50:03,marlenemoraes33,,ğŸ‘ğŸ‘ğŸ‘ğŸ‘ğŸ‘ğŸ˜,
ChuÃ­,RS,Post,2022-08-19 17:04:37,prefeitura.chui,"LIMPEZA URBANA ğŸŸ¢ğŸ”µ

Os trabalhos nÃ£o param! ğŸ‘·

Equipes da Secretaria de Obras intensificam os trabalhos de Limpeza urbana com a execuÃ§Ã£o de corte de grama em bairros do municÃ­pio.",,11
ChuÃ­,RS,Post,2022-08-19 15:09:42,prefeitura.chui,"AMANHÃƒ Ã‰ O DIA D - DE MULTIVACINAÃ‡ÃƒO E POLIOMIELITE ğŸ’‰

Ã‰ amanhÃ£â€¼ï¸Â SÃ¡bado Â (20), a partir das 9h Ã s 16hs, as equipes de vacinaÃ§Ã£o estarÃ£o mobilizadas para o Dia D da Campanha Nacional de VacinaÃ§Ã£o, no Posto de SaÃºde. 

ğŸ¯PÃšBLICO-ALVO: 
ğŸ“ŒCrianÃ§as e Adolescentes: CrianÃ§as menores de 5 anos (4 anos, 11 meses e 29 dias), e AtualizaÃ§Ã£o de todas as Vacinas disponÃ­veis no calendÃ¡rio vacinal para atÃ© 15 anos (14 anos, 11 meses e 29 dias).",,12
ChuÃ­,RS,Post,2022-08-19 12:19:37,prefeitura.chui,"Bom dia ChuÃ­, ğŸŒ 7Â° ğŸŸ¢ğŸ”µ",,52
ChuÃ­,RS,Post,2022-08-18 20:35:26,prefeitura.chui,"MANUTENÃ‡ÃƒO URBANA - REPAROS NA RUA VENEZUELA ğŸ§±

Prefeitura por meio da Secretaria de obras segue executando os trabalhos de recuperaÃ§Ã£o de ruas no municÃ­pio.",,18
ChuÃ­,RS,Comentario,2022-08-18 23:06:04,laurafernandezsampaio,,ğŸ‘ğŸ‘ğŸ‘,
ChuÃ­,RS,Post,2022-08-17 22:42:09,prefeitura.chui,"DIA D DA CAMPANHA NACIONAL DE MULTIVACINAÃ‡ÃƒO E POLIOMIELITE ACONTECE NESTE SÃBADO DIA 20.ğŸ’‰

NesteÂ sÃ¡badoÂ (20), a partir das 9h Ã s 16hs, as equipes de vacinaÃ§Ã£o estarÃ£o mobilizadas para o Dia D da Campanha Nacional de VacinaÃ§Ã£o, no Posto de SaÃºde. 

ğŸ¯PÃšBLICO-ALVO: 
ğŸ“ŒCrianÃ§as e Adolescentes: CrianÃ§as menores de 5 anos (4 anos, 11 meses e 29 dias), e AtualizaÃ§Ã£o de todas as Vacinas disponÃ­veis no calendÃ¡rio vacinal para atÃ© 15 anos (14 anos, 11 meses e 29 dias).

A Campanha Nacional de MultivacinaÃ§Ã£o 2022 tem o objetivo de verificar se o cartÃ£o de vacina estÃ¡ em dia, garantido a proteÃ§Ã£o deste grupo. Â O Dia D Ã© uma grande oportunidade, principalmente para os pais que nÃ£o conseguem comparecer nas salas de vacina nos dias de semana.",,3
ChuÃ­,RS,Post,2022-08-17 21:47:41,prefeitura.chui,"EDUCAÃ‡ÃƒO E ESPORTE - JERGS 2022.

Alunos da Escola Municipal General Artigas intensificam os treinos de futsal para representar a Escola no Jergs 2022 que ocorrerÃ¡ dia 26, na cidade de Rio Grande. 

O treino desta quarta-feira 17, supervisionado pelo professor Bira Soladati, foi realizado com mais de 25 alunos, os mesmos irÃ£o participar do Jergs-2022 representando o Chui como escola campeÃ£ na categoria infantil.",,25
ChuÃ­,RS,Post,2022-08-17 18:16:27,prefeitura.chui,"ğŸ“… COMEMORATIVA | 17 DE AGOSTO DIA DO PATRIMÃ”NIO HISTÃ“RICO. ğŸ›

O patrimÃ´nio cultural de uma cidade Ã© a materializaÃ§Ã£o da sua histÃ³ria. Ã‰ atravÃ©s dele que a populaÃ§Ã£o compreende sua identidade e produz o sentimento de pertencimento ao lugar. 
Em nosso municÃ­pio temos o Centro Cultural como PatrimÃ´nio HistÃ³rico Cultural, que Ã© um espaÃ§o livre, pÃºblico e um ambiente que reune histÃ³rias e memÃ³rias do ChuÃ­.

Preservar o passado Ã© honrar a histÃ³ria, por isso, no dia de hoje, queremos trazer a histÃ³ria do 
atual Centro Cultural, conhecido por todos como â€™â€™CasarÃ£oâ€, que em 2009 tornou-se PatrimÃ´nio HistÃ³rico Cultural do MunicÃ­pio do ChuÃ­/RS.

â€œAntigo Grupo Escolar Marechal Soares de Andreaâ€

â„¹ï¸HistÃ³ria do novo Centro Cultural

Em 1941, com o nÃºmero razoÃ¡vel de habitantes foi criada para o povoado a primeira escola de ensino primÃ¡rio. Essa escola localizou se, na Av. Argentina, esquina com a Peru. 

Logo que o povoado foi elevado a Vila do ChuÃ­, recebeu seu primeiro Grupo Escolar, neste prÃ©dio, inaugurado em 20 de abril de 1944, localizado no centro do ChuÃ­, na Av. Uruguai nÂ° 1538, conhecida tambÃ©m como Avenida Internacional. A escola recebeu o nome de Grupo Escolar Marechal Soares de Andrea para homenagear o homem que demarcou nossas fronteiras, o Marechal Francisco JosÃ© de Souza Soares de Andrea. A instituiÃ§Ã£o funcionou aqui atÃ© 1975, ano em que recebeu um novo edifÃ­cio concluÃ­do para seu funcionamento.

Posteriormente, o prÃ©dio foi utilizado como sede do Posto de SaÃºde, agÃªncia bancÃ¡ria, Brigada Militar e Subprefeitura e, com o passar do tempo, deixou de ser utilizado pela administraÃ§Ã£o municipal, ficando em pÃ©ssimo estado de conservaÃ§Ã£o e por sua localizaÃ§Ã£o, era frequentemente invadido Ã  noite por andarilhos.

Em 2009, o projeto de lei nÂ° 28, de autoria do Deputado JosÃ© Sperotto, no seu Att.1Â° estabeleceu que o prÃ©dio era integrante do PatrimÃ´nio HistÃ³rico Cultural do Estado do Rio Grande do Sul. Este bem material preserva a memÃ³ria cultural ChuÃ­ense, sendo referÃªncia coletiva para todos em nossa regiÃ£o e dessa forma, ficou proibida sua destruiÃ§Ã£o e descaracterizaÃ§Ã£o.

Continua nos comentÃ¡rios...ğŸ‘‡",,41
ChuÃ­,RS,Comentario,2022-08-17 18:17:01,prefeitura.chui,,"O prÃ©dio tombado como PatrimÃ´nio HistÃ³rico, recebeu em 2019, o inÃ­cio da devida reforma de restauraÃ§Ã£o para ser o Centro Cultural da Cidade do ChuÃ­. Cabe salientar que, o principal objetivo de sua criaÃ§Ã£o promove o patrimÃ´nio imaterial com o resgate e preservaÃ§Ã£o da histÃ³ria e cultura do povo ChuÃ­ense e regiÃ£o, realizando parcerias com entidades culturais, educacionais, sociais e de turismo que servem Ã  consolidaÃ§Ã£o da utilizaÃ§Ã£o do espaÃ§o com fim de realizar eventos, atraÃ§Ãµes artÃ­sticas, palestras, exposiÃ§Ãµes, cursos e oficinas, dando Ã  cultura e a arte o seu espaÃ§o merecido.
O Centro Cultural possui em sua estrutura Sala de vÃ­deo, Biblioteca, Galeria de fotos e um Museu. Dessa forma, contribui principalmente para comentar e enriquecer a cultura local, oportunizando ao cidadÃ£o que uma regiÃ£o distante da capital, como Ã© o caso do nosso municÃ­pio, tenha um espaÃ§o propÃ­cio para a promoÃ§Ã£o de manifestaÃ§Ãµes culturais.
Devido ao imenso territÃ³rio de nosso PaÃ­s, torna-se grande a ausÃªncia de estruturas adequadas para o desenvolvimento deste tipo de prÃ¡tica em cidades do interior, e com isso, de extrema importÃ¢ncia propociarmos a valorizaÃ§Ã£o da cultura da cidade fronteiriÃ§a localizada no extremo sul do Brasil, nosso amado CHUÃ. Afinal, Arte Ã© a manifestaÃ§Ã£o do povo, Ã© cultura, Ã© informaÃ§Ã£o, Ã© o legado que deixamos para nossa cidade e geraÃ§Ãµes.",
ChuÃ­,RS,Post,2022-08-16 23:29:01,prefeitura.chui,"ğŸ”¥CHEGADA DO FOGO SIMBÃ“LICO DA PÃTRIA NO MUNICÃPIO ğŸ‡§ğŸ‡·

Na tarde desta terÃ§a-feira (16), chegou no municÃ­pio a chama da PÃ¡tria, atravÃ©s da 85Â° Corrida do Fogo SimbÃ³lico da PÃ¡tria, conduzida pela Liga da Defesa Nacional, pela AssociaÃ§Ã£o dos Veteranos e Amigos da PolÃ­cia do (AVEAPE-RS), o Sr. Luis Carlos Weber da Silva - Sr. Oscar de Oliveira  Ramos Neto e o Sr. FabrÃ­cio knorr. 
A centelha ficarÃ¡ exposta no PaÃ§o Municipal. 

Neste ano o tema Nacional marcarÃ¡ o BicentenÃ¡rio da IndependÃªncia ou seja os 200 anos de IndependÃªncia de Portugal.

O evento contou com a presenÃ§a dos SecretÃ¡rios Municipais; Vereadores; Sandra Haveman e Paulo Gustavo Zandonai; diretoras e coordenadoras das Escolas do MunicÃ­pio e a participaÃ§Ã£o e apresentaÃ§Ã£o da Banda Musical da Escola General Artigas.

Todos os anos a Corrida do Fogo SimbÃ³lico da PÃ¡tria, difunde temas de interesse nacional e da sociedade, uma vez que o fogo tambÃ©m representa o saber e o conhecimento. Ã‰ de vital importÃ¢ncia, pois, resgata o senso cÃ­vico e o orgulho de ser brasileiro. O civismo nÃ£o se restringe apenas a solenidades e saudaÃ§Ãµes de sÃ­mbolos nacionais, sendo tambÃ©m uma questÃ£o de atitude na defesa de valores e prÃ¡ticas, para o bem comum e para a educaÃ§Ã£o.

Cabe ressaltar que o Fogo SimbÃ³lico da PÃ¡tria surgiu em 1938, como ideia de um grupo de patriotistas do Rio Grande do Sul, que procurava um sÃ­mbolo que representasse o ardor cÃ­vico do povo brasileiro. A escolha recaiu sobre o fogo, elemento cuja descoberta deu inÃ­cio a evoluÃ§Ã£o do homem, desde entÃ£o, todos os anos, por ocasiÃ£o das comemoraÃ§Ãµes da independÃªncia, realiza-se a cerimÃ´nia do Fogo SimbÃ³lico, como ato de abertura da semana da PÃ¡tria, prestando um culto Ã  PÃ¡tria e procurando manter viva no povo brasileiro e, principalmente nos jovens, a chama que alimenta os valores espirituais da nacionalidade.

Na ausÃªncia do Prefeito e Vice-prefeita, o Presidente da CÃ¢mara Municipal, Paulo Gustavo Zandonai saudou os visitantes e destacou a importÃ¢ncia deste momento, onde se evidencia o orgulho de ser brasileiro. ApÃ³s solenidades e pronunciamentos, a fim de registrar a passagem da comitiva, a SecretÃ¡ria de SaÃºde Juliana Soares os presenteou com um Mini Totem sÃ­mbol",,58
ChuÃ­,RS,Post,2022-08-16 19:15:14,prefeitura.chui,"Nesta Ãºltima sexta-feira 12, o Departamento de Meio Ambiente do ChuÃ­ juntamente com a DivisÃ£o de Meio Ambiente e MudanÃ§as ClimÃ¡ticas do Chuy-UY, estiveram na escola 28 do Uruguai, para fazer a apresentaÃ§Ã£o do projeto sobre as medidas que estÃ£o sendo realizadas para cuidar do Arroio ChuÃ­, recurso natural compartilhado entre os dois municÃ­pios.

Na ocasiÃ£o, foram apresentados um projeto para melhoria das Ã¡guas e os MEN, que podem ser utilizados para melhorar as Ã¡guas de esgoto e fossas que vÃ£o para o Arroio, trazendo melhoria das Ã¡guas do ChuÃ­ e removendo os lixos plÃ¡sticos.

Segundo o BiÃ³logo Evandro Lorensetti, responsÃ¡vel pelo Departamento de Meio Ambiente do MunicÃ­pio, em breve este projeto estarÃ¡ sendo apresentado e desenvolvido tambÃ©m nas escolas do municÃ­pio.",,22
ChuÃ­,RS,Post,2022-08-16 18:41:11,prefeitura.chui,"MANUTENÃ‡ÃƒO URBANA - REPAROS NA RUA CHILE. ğŸ§±

Prefeitura por meio da Secretaria de obras segue executando os trabalhos de recuperaÃ§Ã£o de ruas no municÃ­pio. 

Nesta terÃ§a-feira 16, a Secretaria iniciou os trabalhos de reparos na rua Chile.",,8
ChuÃ­,RS,Post,2022-08-16 00:10:49,prefeitura.chui,"Boletim EpidemiolÃ³gico periÃ³dico referente aos dias  06 Ã  15 de agosto.

O MunicÃ­pio do ChuÃ­ conta com 04 casos positivos ativo para o Covid-19. Computando os nÃºmeros de 927 casos positivo, 916 jÃ¡ recuperados e 07 Ã“bitos.

â€¢ Foram liberados dois pacientes por tÃ©rmino de perÃ­odo de isolamento, pacientes recuperados.

â€¢ Recebemos quatro resultados positivos provenientes da rede privada, pacientes orientados e isolados. 

Portanto, computamos o nÃºmero de 04 pacientes sendo monitorado pela Equipe EpidemiolÃ³gica; 

Desta forma, reforÃ§amos o apelo Ã  populaÃ§Ã£o para que sigam as prevenÃ§Ãµes nos cuidados em prol a saÃºde coletiva. Lembrando que a prevenÃ§Ã£o Ã© a melhor forma de proteÃ§Ã£o.",,4
ChuÃ­,RS,Post,2022-08-15 21:32:25,prefeitura.chui,"ATENÃ‡ÃƒO USUÃRIOS DO AUXÃLIO BRASILâ€¼ï¸

Pessoas incluÃ­das listadas na imagem abaixo, favor comparecer na Secretaria de AssistÃªncia de Social para tratar de assunto de seu interesse. 

â° HorÃ¡rio das 12.30h Ã s 18hs de segunda a quinta-feira, e sexta-feira das 8h Ã s 13h30.",,22
ChuÃ­,RS,Post,2022-08-15 19:30:38,prefeitura.chui,"BANDA MUSICAL GAL. ARTIGAS PARTICIPA DE FESTIVIDADE NO CHUY-UY ğŸ¥ğŸ‰

Ontem domingo, dia 14 de agosto, a Banda Musical Gal. Artigas participou da Festa de Los NiÃ±os (Festa das crianÃ§as), organizada pelo Mercado Eldorado em frente a PraÃ§a Gal. Artigas, Chuy Uruguai.

A Banda Musical Gal. Artigas sempre Ã© convidada e sente-se honrada por participar.
A Banda participou sob a coordenaÃ§Ã£o da prof. Daiane Oliveira, Maestro Viny Gomes e teve a presenÃ§a da Secretaria de EducaÃ§Ã£o Maristela Santos.",,46
ChuÃ­,RS,Post,2022-08-15 17:29:49,prefeitura.chui,"ğŸ’‰ CALENDÃRIO SEMANAL DE VACINAÃ‡ÃƒO CONTRA A COVID-19 ğŸ’‰

ğŸ“… â€¢TERÃ‡A-FEIRAâ€¢

ğŸ’‰ 1Âª DOSE  para adolescentes de 12 anos completos ou +
ğŸ’‰ 2Âª DOSE para quem estiver no aprazamento da vacina.
ğŸ’‰ 3Âª DOSE para 12 anos ou + que tenha 4 meses de intervalo da segunda Dose.
ğŸ’‰  4Âª DOSE para pessoas a partir de 40 anos 

â°HorÃ¡rio 10hs Ã s 16hs
ğŸ¥Local: Posto de SaÃºde

ğŸ“… â€¢QUARTA-FEIRAâ€¢

ğŸ’‰ 1Âª DOSE  para adolescentes de 12 anos completos ou +
ğŸ’‰ 2Âª DOSE para quem estiver no aprazamento da vacina.
ğŸ’‰ 3Âª DOSE para 12 anos ou + que tenha 4 meses de intervalo da segunda Dose.
ğŸ’‰  4Âª DOSE para pessoas a partir de 40 anos 

â°HorÃ¡rio 09hs Ã s 12hs
ğŸ¥Local: Posto de SaÃºde

ğŸ“ATENÃ‡ÃƒO;
VacinaÃ§Ã£o da 1Âª e 2Âª  DOSE para crianÃ§as de 03 a 11 anos de idade, serÃ£o realizadas mediante a agendamento prÃ©vio;
Pais ou responsÃ¡veis devem realizar agendamento  no posto de saÃºde ou ligar atravÃ©s do telefone ğŸ“²99906-8960, de segunda Ã  quinta-feira das 09h Ã s 17.

ğŸ“Œ No ato da VacinaÃ§Ã£o portar documentos e carteira de vacinaÃ§Ã£o.",,4
ChuÃ­,RS,Post,2022-08-15 17:21:01,prefeitura.chui,"CIRCUITO COSTA DO MAR MOUNTAIN BIKE 1Âª ETAPAğŸš´â€â™€ï¸ğŸš´

Aconteceu neste domingo, 14, a etapa Costa do Mar de Mountain Bike no Forte de SÃ£o Miguel ğŸ‡ºğŸ‡¾.

Confira alguns registros ğŸ“·",,11
ChuÃ­,RS,Post,2022-08-15 16:44:59,prefeitura.chui,Alguns Registros dos Shows no Evento Recrearte Viva ChuÃ­ Chuy ğŸ‰ ğŸ¸,,13
ChuÃ­,RS,Post,2022-08-15 16:35:10,prefeitura.chui,Recrearte Viva ChuÃ­ Chuy ğŸ‰ ğŸ‡§ğŸ‡·ğŸ¤ğŸ‡ºğŸ‡¾,,32
ChuÃ­,RS,Post,2022-08-15 16:32:01,prefeitura.chui,"Final de semana marcado pela programaÃ§Ã£o RecreArte do Sesc ChuÃ­. ğŸ‰ğŸ“·

Evento organizado pelo Sesc em parceria com a Prefeitura Municipal e MunicÃ­pio de Chuy-UY. 

Registramos e parabenizamos a todas as equipes envolvidas nesta programaÃ§Ã£o incrÃ­vel.",,39
ChuÃ­,RS,Comentario,2022-08-15 16:58:29,vignolisabelle,,ParabÃ©ns pela iniciativa! â¤ï¸â¤ï¸,
ChuÃ­,RS,Comentario,2022-08-15 17:24:17,vignolisabelle,,Muito feliz que a @vsqciadeteatro  teve a oportunidade de fazer parte dessa linda programaÃ§Ã£o de eventos,
ChuÃ­,RS,Comentario,2022-08-15 21:49:57,andre_minoru_chim_miki,,"Espetacular a participaÃ§Ã£o da @prefeitura.chui e seus colaboradores, sem estes nÃ£o seria possÃ­vel!",
ChuÃ­,RS,Comentario,2022-08-15 23:16:00,waldir.darosa.14,,Como sempre.. UMA excelÃªncia vocÃªs,
ChuÃ­,RS,Post,2022-08-14 12:08:29,prefeitura.chui,"Pais,

Um feliz dia para aquele que Ã© o herÃ³i de toda uma vida, nÃ£o Ã© protagonista de nenhuma histÃ³ria em quadradinhos, filme de aÃ§Ã£o ou lenda antiga. Pelo contrÃ¡rio, Ã© bem real, Ã© aquele que nos ensina o que Ã© a vida, o pai-herÃ³i â€¼ï¸

ğŸ¦¸â€â™‚ï¸ Feliz dia dos pais aos nossos herÃ³is â€¼ï¸ 

.
.
.
 #diadospais",,8
ChuÃ­,RS,Post,2022-08-13 20:44:34,prefeitura.chui,RECREARTE CHUÃ,,35
ChuÃ­,RS,Post,2022-08-13 19:15:11,prefeitura.chui,Vem pro Sesc - Recrearte ğŸ‰,,37
ChuÃ­,RS,Post,2022-08-12 21:35:53,prefeitura.chui,"SANEAMENTO BÃSICO - RAMÃƒO ROTTA ğŸš§

Os trabalhos nÃ£o param!ğŸ’ª

A Prefeitura por meio da Secretaria de obras segue atuante nos trabalhos de manutenÃ§Ã£o pÃºblica no municÃ­pio. com a execuÃ§Ã£o de saneamento bÃ¡sico. 

Nesta sexta-feira, equipes de obras intensificaram os serviÃ§o com a execuÃ§Ã£o de saneamento bÃ¡sico no bairro RamÃ£o Rotta, o SecretÃ¡rio de Obras Tiago Gutierres esteve durante a tarde acompanhado os trabalhos.",,17
ChuÃ­,RS,Post,2022-08-12 21:28:03,prefeitura.chui,"VIVA CHUÃ CHUY - RECREARTE ğŸ‰ğŸ­

AS ATIVIDADES CONTINUAM E HOJE FOI DIA DAS APRESENTAÃ‡Ã•ES DOS GRUPOS DA MELHOR IDADE E AULÃƒO DE RITMOS ğŸ‰ğŸ™†â€â™‚ï¸ğŸ™†â€â™€ï¸ğŸ’ƒğŸ•º

A ProgramaÃ§Ã£o RecreArte de hoje foi direcionado aos Grupos da melhor idade do ChuÃ­ - Rio Grande e SÃ£o JosÃ© do Norte que participaram apresentando Coral e se jogaram no aulÃ£o de ritmos com a professora Aline FeijÃ³ e o professor Giovane.

E amanhÃ£ 13 agosto, estarÃ¡ acontecendo diversas atividades tambÃ©m, a partir das 14h, haverÃ¡ diversos brinquedos inflÃ¡veis gigantes para a crianÃ§ada,  pintura entre outras atividades legal para os pequenos. E a partir das 17h, comeÃ§am os Shows musicais, com as Bandas Sun7 e Lu Lima.
NÃ£o vai ficar de fora nÃ© â“Participe conoscoâ€¼ï¸
Local: Em Frente do Sesc ChuÃ­.",,39
ChuÃ­,RS,Comentario,2022-08-13 02:48:03,andre_minoru_chim_miki,,ğŸ™Œâ¤ï¸ğŸ‘ğŸ‘ğŸ‘,
ChuÃ­,RS,Comentario,2022-08-13 03:00:05,marlenemoraes33,,ğŸ™ŒğŸ‘ğŸ‘ğŸ‘ğŸ˜ğŸ˜,
ChuÃ­,RS,Post,2022-08-12 15:09:13,prefeitura.chui,"MANUTENÃ‡ÃƒO URBANA -  SANEAMENTO BÃSICO.ğŸŸ¢ğŸ”µ

A AdministraÃ§Ã£o Municipal por meio da Secretaria de Obras, intensifica os trabalhos de saneamento bÃ¡sico no Bairro Isolina Gomes. 

Os investimentos no bairro como: bocas de lobo, troca de boeiros e substituiÃ§Ã£o dos mesmos contribuem em grande escala na qualidade de vida e principalmente na saÃºde dos moradores.

Todos os serviÃ§os estruturais do municÃ­pio, uns jÃ¡ concluÃ­dos e outros em andamento, estam sendo realizados dentro do cronograma de execuÃ§Ã£o e com muito esforÃ§o pela Secretaria de Obras.",,15
ChuÃ­,RS,Post,2022-08-12 14:21:50,prefeitura.chui,"Agentes ComunitÃ¡rias de SaÃºde recebem tablets para atender a populaÃ§Ã£o.

A SecretÃ¡ria de SaÃºde Juliana Soares, realizou a entrega de tablets para a equipe de agentes comunitÃ¡rias de SaÃºde, na tarde desta Ãºltima quinta-feira (11), no total 6 (seis) tablets foram adquiridos atravÃ©s da GestÃ£o Municipal. 

O objetivo principal do uso dos tablets Ã© informatizar o trabalho diÃ¡rio das Agentes, otimizando o tempo das visitas domiciliares e, dessa forma, ganhar tempo e ampliar o nÃºmero de visitaÃ§Ãµes. Atualmente, essas profissionais efetuam o trabalho de forma manual, com preenchimento de fichas de papel. ApÃ³s a visita as agentes ainda precisam digitar os dados em dois sistemas de informaÃ§Ã£o. Com os tablets o retrabalho serÃ¡ evitado, pois somente serÃ¡ necessÃ¡ria a exportaÃ§Ã£o dos dados de cada paciente visitado.",,31
ChuÃ­,RS,Post,2022-08-12 13:39:56,prefeitura.chui,"CONVITE Ã€ COMUNIDADE. 

Hoje a partir das 13h30, no Centro ComunitÃ¡rio locado no GinÃ¡sio Artigas, o Defensor pÃºblico Dr. Gustavo, estarÃ¡ ofertando atendimentos a comunidade carente do municÃ­pio. 
A AssistÃªncia tambÃ©m estÃ¡ realizando  orientaÃ§Ãµes sobre o Cadastro Ãšnico.",,10
ChuÃ­,RS,Post,2022-08-11 20:27:32,prefeitura.chui,"ATIVIDADES DO SESC JÃ ESTÃƒO ACONTECENDO ğŸ‰ğŸ‰ğŸ‰ HOJE FOI DIA DE TEATRO INFANTIL ğŸ­ğŸ­ğŸ‰

A atividade do RecreArte de hoje foi direcionado aos nossos pequenos, a tarde desta quinta-feira 11, foi marcada com apresentaÃ§Ãµes de teatro infantil com a peÃ§a Monstro Monstruoso na Caverna Cavernosa, e a crianÃ§ada adorou e interagiu com os atores. 

AtÃ© o dia 14 agosto, estarÃ¡ acontecendo diversas atividades do evento do ServiÃ§o Social do Comercio SESC ChuÃ­ com a RecreArte. Toda a programaÃ§Ã£o estÃ¡ sendo divulgada atravÃ©s das mÃ­dias sociais de nossa rede social e do Sesc ChuÃ­.",,39
ChuÃ­,RS,Post,2022-08-11 16:04:22,prefeitura.chui,"VIVA CHUÃ CHUY ğŸ­ ğŸ‰ 

CaminhÃ£o RecreArte do SESC promove atividades gratuitas a comunidade do ChuÃ­. 

O caminhÃ£o Recrearte do ServiÃ§o Social do ComÃ©rcio (SESC) jÃ¡ estÃ¡ no municÃ­pio e inicia hoje, 11 de agosto, as atividades recreativas para as crianÃ§as com duas apresentaÃ§Ãµes de Teatro Infantil em dois horÃ¡rios; primeira sessÃ£o Ã s 14hs e a segunda Ã s 15h30.

No decorrer dos dias do evento, que acontecem nos dias 12, 13 e 14 de agosto, contam com muitas atraÃ§Ãµes musicais, brinquedos inflÃ¡veis entre diversas outras atividades oferecidas gratuitamente para a comunidade e, tambÃ©m a tradicional Circuito Costa do Mar MTB.ğŸš´â€â™€ï¸ğŸš´

A Iniciativa conta com a realizaÃ§Ã£o do SESC ChuÃ­ em parceria com a Prefeitura Municipal, Prefeitura de Chuy-UY.",,8
ChuÃ­,RS,Post,2022-08-10 21:01:06,prefeitura.chui,"MANUTENÃ‡ÃƒO URBANA ğŸšœ

Secretaria de Obras executa serviÃ§os de manutenÃ§Ã£o urbana com colocaÃ§Ã£o de bueiros em alguns pontos do municÃ­pio.",,21
ChuÃ­,RS,Comentario,2022-08-10 22:45:12,laurafernandezsampaio,,ğŸ‘ğŸ»ğŸ‘ğŸ»,
ChuÃ­,RS,Post,2022-08-10 20:49:20,prefeitura.chui,"Ã‰ amanhÃ£ ğŸ‰ğŸ‰ O RecreArte jÃ¡ estÃ¡ no municÃ­pio â€¼ï¸

AmanhÃ£ quinta-feira (11), iniciam as atividades da programaÃ§Ã£o do RecreArte no ChuÃ­ e, convidamos a todos para prestigiar conosco a companhia de Teatro Infantil VocÃª Sabe Quem - Com a "" PeÃ§a Infantil Monstro Monstruoso na Caverna Cavernosa ""ğŸ­ğŸ‰

O espetÃ¡culo serÃ¡ realizado em duas sessÃµes;
A primeira sessÃ£o Ã s 14hs e a segunda sessÃ£o a partir das 15h30, em frente ao Sesc ChuÃ­, na carreata do RecreArte.

ğŸ­A peÃ§a tem como proposta uma hibridizaÃ§Ã£o entre uma contaÃ§Ã£o de histÃ³ria e uma peÃ§a teatral. Voltada ao pÃºblico infantil, por intermÃ©dio da narraÃ§Ã£o, os personagens da histÃ³ria buscarÃ£o brincar com a imaginaÃ§Ã£o dos mesmos e da plateia, propondo a reflexÃ£o das crianÃ§as da importÃ¢ncia de aceitar e respeitar as diferenÃ§as, e sobre como podemos encontrar a felicidade quando nÃ³s aceitamos como somos.

NÃ£o vai perder nÃ© â“convide a famÃ­la e os amigos e venha prestigiar esse lindo espetÃ¡culo ğŸ­ğŸ‰",,49
ChuÃ­,RS,Comentario,2022-08-10 23:25:23,andre_minoru_chim_miki,,â¤ï¸ğŸ™Œvai ter cultura e lazer lÃ¡ no  @sescchui gratuitaâ€¦pareceria com a Prefeitura Municipal do ChuÃ­,
ChuÃ­,RS,Comentario,2022-08-11 13:41:33,waldir.darosa.14,,Excelente,
ChuÃ­,RS,Comentario,2022-08-11 20:09:28,pajarito1926,,ğŸ™Œ,
ChuÃ­,RS,Post,2022-08-10 18:48:30,prefeitura.chui,"REALIZADO O 2Âº WORKSHOP DE TURISMO BINACIONAL.ğŸ‡§ğŸ‡·ğŸ¤ğŸ‡ºğŸ‡¾

Realizou-se no dia de ontem, terÃ§a-feira (09), no Centro Cultural, o 2Âº Workshop que tratou sobre a definiÃ§Ã£o de aÃ§Ãµes futuras do Destino de Turismo Binacional entre;  ChuÃ­ - Chuy - Santa VitÃ³ria do Palmar.  A CapacitaÃ§Ã£o foi desenvolvida pelo MinistÃ©rio do Turismo do Uruguai, com o apoio da ComissÃ£o Binacional de Turismo e Cultura (CBTC), com autoridades e Ã³rgÃ£os representantes do Brasil e Uruguai. 

O 2Âº workshop tem por objetivo reunir as entidades que realizam aÃ§Ãµes e atuam representando o Turismo Binacional, entre eles; representantes do Departamento de Rocha, Consulado, do municÃ­pio do ChuÃ­, municÃ­pio de Chuy e municÃ­pio de Santa VitÃ³ria do Palmar. Na ocasiÃ£o foi apresentando palestras e aulas que visam aÃ§Ãµes conjuntas para o Turismo.",,20
ChuÃ­,RS,Post,2022-08-09 19:50:39,prefeitura.chui,"MANUTENÃ‡ÃƒO URBANA ğŸ”µğŸ›£ğŸŸ¢

Secretaria de Obras intensifica os serviÃ§os de limpeza e manutenÃ§Ã£o urbana.",,19
ChuÃ­,RS,Post,2022-08-09 15:51:46,prefeitura.chui,"AlÃ´ ChuÃ­â€¼ï¸ 
Em breve Kinha Conka agitando nossa fronteira mostrando o quanto que nossa cidade tem de melhor a oferecerâ£

Aqui tem cultura;
Aqui tem a mais diversificada e deliciosa  gastronomia local; 
Aqui tem histÃ³ria, muitas histÃ³rias;
Aqui tem o mais completo e variado Centro de compras; 
Aqui temos um povo alegre e receptivo;
Aqui tem Chuienses, Chuyenses e FronteiriÃ§os de CoraÃ§Ã£o! Aguardem... ğŸ’‹",,21
ChuÃ­,RS,Post,2022-08-09 14:58:09,prefeitura.chui,COMUNICADO DE UTILIDADE PÃšBLICA ğŸ—£ ğŸ“¢,,10
ChuÃ­,RS,Post,2022-08-09 12:59:39,prefeitura.chui,"Bom dia ChuÃ­â€¼ï¸AlÃ´, pai, mÃ£e ou responsÃ¡vel, as vacinas das crianÃ§as estÃ£o em diaâ“ğŸ¤”ğŸ’‰

Ontem, segunda-feira (08), a Secretaria de SaÃºde iniciou a Campanha Nacional contra a Poliomielite e MultivacinaÃ§Ã£o no municÃ­pio. 

CrianÃ§as e adolescentes de zero a 14 anos, com
vacinas em atraso, devem ir atÃ© o Posto de SaÃºde, acompanhados dos responsÃ¡veis legais, para atualizar a caderneta de vacinaÃ§Ã£o.
ğŸ“Lembrando que a atualizaÃ§Ã£o das vacinas ajudam a prevenir doenÃ§as. Quanto mais cedo a vacinaÃ§Ã£o ocorre, mais protegidas nossas crianÃ§as ficam. Atualize o esquema vacinal do seu filho!",,8
ChuÃ­,RS,Post,2022-08-08 20:43:30,prefeitura.chui,"OBRAS - SECRETARIA Ã€ TODO VAPOR ATUANDO EM VÃRIAS FRENTES NO MUNICÃPIO. 

Prefeitura por meio da Secretaria de Obras inicia a semana atuando  vÃ¡rias frentes de trabalho. 
Equipes de servidores executaram serviÃ§os de poda, corte de grama, limpeza de bocas de lobo, reposiÃ§Ã£o de bueiros e remoÃ§Ã£o de entulhos em diversos pontos da cidade.",,14
ChuÃ­,RS,Post,2022-08-08 20:17:44,prefeitura.chui,"Se teve arraiÃ¡ do Mundinhoâ“ Teve sim SinhÃ´â€¼ï¸ğŸ‰ Ã” festinha boa SÃ´ â—ğŸ¤ ğŸ‰ğŸŒ½ğŸ¿

Neste Ãºltimo domingo 07 de agosto, a Emei Mundo da CrianÃ§a realizou sua festa Junina no GinÃ¡sio da Escola Artigas. 

A festividade contou com uma tarde repleta de apresentaÃ§Ãµes dos alunos, brincadeiras, comidas tÃ­picas e bingo.  A AdministraÃ§Ã£o Escolar agradece a participaÃ§Ã£o das famÃ­lias e o engajamento de todos funcionÃ¡rios, pois sem isso nada seria possÃ­vel. Confira alguns registros dessa festa linda. ğŸ“· ğŸ‰",,21
ChuÃ­,RS,Post,2022-08-08 19:38:51,prefeitura.chui,"PREFEITO RECEBE VISITA DOS SRS. CÃ”NSULES DO BRASIL E URUGUAI. ğŸ‡§ğŸ‡·ğŸ¤ğŸ‡ºğŸ‡¾

Na tarde desta segunda-feira (08), o Prefeito Marco Antonio recebeu em seu gabinete os Senhores CÃ´nsules do Uruguai e Brasil.

Na ocasiÃ£o, o CÃ´nsul do Uruguai no ChuÃ­ - Sr. Daniel RÃ³tulo e o Vice-CÃ´nsul do Brasil no Chuy - Sr. Francisco Silva Lira, oficializaram o convite ao Prefeito para participar da ComissÃ£o de Fronteira ChuÃ­ - Santa VitÃ³ria do Palmar e Chuy, que serÃ¡ realizada no dia 07 de novembro de 2022.
AlÃ©m do convite, os mesmos conversaram sobre diversos assuntos binacionais pertinentes Ã  fronteira. 

Na oportunidade, o prefeito presenteou-os com um Mini Totem, recordaÃ§Ã£o simbÃ³lica de nosso MunicÃ­pio.",,21
ChuÃ­,RS,Post,2022-08-08 16:30:27,prefeitura.chui,"ğŸ’‰ CALENDÃRIO SEMANAL DE VACINAÃ‡ÃƒO CONTRA A COVID-19 ğŸ’‰

ğŸ“… â€¢TERÃ‡A-FEIRAâ€¢

ğŸ’‰ 1Âª DOSE  para adolescentes de 12 anos completos ou +
ğŸ’‰ 2Âª DOSE para quem estiver no aprazamento da vacina.
ğŸ’‰ 3Âª DOSE para 12 anos ou + que tenha 4 meses de intervalo da segunda Dose.
ğŸ’‰  4Âª DOSE para pessoas a partir de 40 anos 

â°HorÃ¡rio 10hs Ã s 16hs
ğŸ¥Local: Posto de SaÃºde

ğŸ“… â€¢QUARTA-FEIRAâ€¢

ğŸ’‰ 1Âª DOSE  para adolescentes de 12 anos completos ou +
ğŸ’‰ 2Âª DOSE para quem estiver no aprazamento da vacina.
ğŸ’‰ 3Âª DOSE para 12 anos ou + que tenha 4 meses de intervalo da segunda Dose.
ğŸ’‰  4Âª DOSE para pessoas a partir de 40 anos 

â°HorÃ¡rio 09hs Ã s 12hs
ğŸ¥Local: Posto de SaÃºde

ğŸ“ATENÃ‡ÃƒO;
VacinaÃ§Ã£o da 1Âª e 2Âª  DOSE para crianÃ§as de 03 a 11 anos de idade, serÃ£o realizadas mediante a agendamento prÃ©vio;
Pais ou responsÃ¡veis devem realizar agendamento  no posto de saÃºde ou ligar atravÃ©s do telefone ğŸ“²99906-8960, de segunda Ã  quinta-feira das 09h Ã s 17.

ğŸ“Œ No ato da VacinaÃ§Ã£o portar documentos e carteira de vacinaÃ§Ã£o.",,4
ChuÃ­,RS,Post,2022-08-06 20:15:49,prefeitura.chui,"ğŸ“† 06 DE AGOSTO -  DIA NACIONAL DOS PROFISSIONAIS DA EDUCAÃ‡ÃƒOğŸ‘©â€ğŸ«ğŸ§‘â€ğŸ«

O Dia Nacional dos Profissionais da EducaÃ§Ã£o Ã© comemorado em 6 de agosto, data criada para homenagear, reconhecer e valorizar os profissionais que atuam no Ã¢mbito escolar. 

A Prefeitura Municipal parabeniza e exalta a esses trabalhadores que tanto se dedicam e sÃ£o fundamentais para a formaÃ§Ã£o das novas geraÃ§Ãµes e para o desenvolvimento social do paÃ­s.

â„¹ï¸A data de comemoraÃ§Ã£o foi criada em 2014 e se refere Ã  sanÃ§Ã£o da Lei 12.014/2009, que alterou a Lei de Diretrizes e Bases da EducaÃ§Ã£o (LDB), reconhecendo os funcionÃ¡rios de escola como profissionais de educaÃ§Ã£o. A mudanÃ§a da Lei Nacional da EducaÃ§Ã£o insere os funcionÃ¡rios de escola habilitados na categoria de profissionais da educaÃ§Ã£o escolar bÃ¡sica, juntamente com os professores e pedagogos, e beneficiou cerca de um milhÃ£o de trabalhadores que atuam nas escolas de ensino bÃ¡sico: educadores que passaram a ser valorizados e reconhecidos como profissionais de educaÃ§Ã£o em todos os municÃ­pios brasileiros.",,10
ChuÃ­,RS,Post,2022-08-05 22:27:15,prefeitura.chui,"Boletim EpidemiolÃ³gico periÃ³dico referente aos dias  30 de julho Ã  05 de agosto.

O MunicÃ­pio do ChuÃ­ conta com 02 casos positivos ativo para o Covid-19. Computando os nÃºmeros de 923 casos positivo, 914 jÃ¡ recuperados e 07 Ã“bitos.

â€¢ Realizado um teste de antÃ­geno em paciente que realizou consulta mÃ©dica, o mesmo resultou positivo para o Covid-19, paciente orientado e isolado. 

â€¢ Foram liberados seis pacientes por tÃ©rmino de perÃ­odo de isolamento, pacientes recuperados.

Portanto, computamos o nÃºmero de 02 pacientes sendo monitorado pela Equipe EpidemiolÃ³gica; 

Desta forma, reforÃ§amos o apelo Ã  populaÃ§Ã£o para que sigam as prevenÃ§Ãµes nos cuidados em prol a saÃºde coletiva. Lembrando que a prevenÃ§Ã£o Ã© a melhor forma de proteÃ§Ã£o.",,6
