CÃ©u Azul,PR,Post,2022-09-20 18:35:52,ceuazulprefeitura,AtualizaÃ§Ã£o Boletim,,1
CÃ©u Azul,PR,Post,2022-09-20 14:54:58,ceuazulprefeitura,"Vem aÃ­ o Campeonato de Futebol Sete Interfimas 
Informe-se na Secretaria de Esporte",,2
CÃ©u Azul,PR,Post,2022-09-20 12:54:03,ceuazulprefeitura,"ğ—¤ğ˜‚ğ—®ğ—±ğ—¿ğ—® ğ—˜ğ˜€ğ—½ğ—¼ğ—¿ğ˜ğ—¶ğ˜ƒğ—® ğ—±ğ—¼ ğ—•ğ—®ğ—¶ğ—¿ğ—¿ğ—¼ ğ—¨ğ—»ğ—¶ğ—®Ìƒğ—¼
O prefeito Laurindo Sperotto esteve acompanhado do secretÃ¡rio de Cultura, Esporte, Lazer e RecreaÃ§Ã£o, JoÃ£o Gilberto Correia em visita ao ginÃ¡sio de esportes do Bairro UniÃ£o.
A quadra esportiva recebeu investimentos de R$ 30 mil reais da administraÃ§Ã£o municipal na nova pintura do piso e mureta para fechamento da lateral. 

Na oportunidade o prefeito e o secretÃ¡rio conversaram sobre as condiÃ§Ãµes do espaÃ§o esportivo com as atletas que participavam de atividades. 
A melhoria foi significativa e um novo projeto com novas aÃ§Ãµes naquele local jÃ¡ estÃ£o sendo implementadas pela administraÃ§Ã£o.",,43
CÃ©u Azul,PR,Comentario,2022-09-20 13:46:49,jefeoliveeira,,"A famosa â€œFacâ€ kk pra crianÃ§ada de antigamente esse lugar era como um famoso estÃ¡dio de futebol kk , e muitos sonhos foram construÃ­dos aÃ­ , legal a atenÃ§Ã£o sendo dado a esse espaÃ§o !",
CÃ©u Azul,PR,Post,2022-09-17 14:08:19,ceuazulprefeitura,Segunda-feira na AgÃªncia do Trabalhador,,8
CÃ©u Azul,PR,Post,2022-09-17 13:34:57,ceuazulprefeitura,AtualizaÃ§Ã£o Boletim,,3
CÃ©u Azul,PR,Post,2022-09-16 18:29:59,ceuazulprefeitura,"ğ—¦ğ—®ğ—¹ğ—® ğ—±ğ—¼ ğ—˜ğ—ºğ—½ğ—¿ğ—²ğ—²ğ—»ğ—±ğ—²ğ—±ğ—¼ğ—¿ ğ—¿ğ—²ğ—®ğ—¹ğ—¶ğ˜‡ğ—® ğŸ®Â° ğ—¦ğ—²ğ—ºğ—¶ğ—»ğ—®Ìğ—¿ğ—¶ğ—¼ ğ—±ğ—² ğ—–ğ—¿ğ—²Ìğ—±ğ—¶ğ˜ğ—¼
No dia 15, a secretaria de Desenvolvimento EconÃ´mico e Turismo, por meio da Sala e do Banco do Empreendedor, em parceria com o Banco do Brasil, Sicoob, Sicredi e Fomento ParanÃ¡ realizou no AuditÃ³rio EcolÃ³gico do Bosque Municipal, o 2Â° SeminÃ¡rio de Micro CrÃ©dito da Sala do Empreendedor de CÃ©u Azul.

Na oportunidade, as instituiÃ§Ãµes puderam explanar suas linhas de micro crÃ©dito, as condiÃ§Ãµes para acesso ao crÃ©dito, taxas de juros, documentaÃ§Ã£o necessÃ¡ria, disponibilizaÃ§Ã£o de material de apoio e demais informaÃ§Ãµes aos micro empreendedores. O objetivo do seminÃ¡rio Ã© que sejam apresentados formas de crÃ©ditos aos MEIs de maneira a incrementar o desenvolvimento social e econÃ´mico no municÃ­pio.

A convite do Banco do Empreendedor de CÃ©u Azul, uma equipe do Banco do Empreendedor de Foz do IguaÃ§u, que se destaca no ParanÃ¡ em linhas de crÃ©dito aos empreendedores, veio explanar sobre as possibilidades de financiamento para empreendedores nos mais variados tamanhos de empresas, sejam MEIs ou atÃ© grandes empresas. 

As instituiÃ§Ãµes financeiras parceiras apresentaram suas linhas de crÃ©dito e condiÃ§Ãµes para financiamento, taxas de juros e formas de acesso ao crÃ©dito. Ao final as cooperativas de crÃ©dito realizaram sorteio de brindes aos presentes.

Representando as instituiÃ§Ãµes parceiras estiveram presentes: Banco do Brasil - Adriana Lopes Prado gerente de negÃ³cios e o gerente geral da agÃªncia de CÃ©u Azul Anderson Luiz Gehlen; Cooperativa Sicoob â€“ Juliana Vargas Freire gerente de contas de empresas e Levi da Silva assistente pessoa jurÃ­dica;  Cooperativa Sicredi - Tatiane Maria Baggio da Costa gerente da agÃªncia e Edson Storchio gerente de negÃ³cios pessoa jurÃ­dica; Fomento ParanÃ¡ â€“ Volnei Lampert coordenador do Banco do Empreendedor de Foz do IguaÃ§u e Danilo Jesus dos Santos agente de crÃ©dito em Foz do IguaÃ§u.",,59
CÃ©u Azul,PR,Comentario,2022-09-16 19:28:30,leonardopereiramenezes,,Obrigado pelo apoio de sempre ğŸ‘ğŸ‘ğŸ‘,
CÃ©u Azul,PR,Post,2022-09-16 16:33:07,ceuazulprefeitura,AtualizaÃ§Ã£o Boletim,,3
CÃ©u Azul,PR,Post,2022-09-15 13:15:36,ceuazulprefeitura,AtualizaÃ§Ã£o Boletim,,4
CÃ©u Azul,PR,Post,2022-09-15 10:30:10,ceuazulprefeitura,"ğ—œğ—ºğ—½ğ—¼ğ—¿ğ˜ğ—®ğ—»ğ˜ğ—² ğ—¦ğ—²ğ—ºğ—¶ğ—»ğ—®Ìğ—¿ğ—¶ğ—¼ ğ—›ğ—¢ğ—ğ—˜ ğ—®Ì€ğ˜€ ğŸ­ğŸµğ—µ
Participe do 2Â° SeminÃ¡rio de Micro CrÃ©dito da Sala do Empreendedor de CÃ©u Azul. O evento trata de oferta de microcrÃ©dito aos Microempreendedores Individuais atendidos pela Sala do Empreendedor de CÃ©u Azul, parceria entre o MunicÃ­pio de CÃ©u Azul e o SEBRAE.

Informamos que o referido seminÃ¡rio Ã© uma oportunidade de oferta de crÃ©dito a ser contratado diretamente pelo MEI junto Ã s instituiÃ§Ãµes financeiras com objetivo de implementar o desenvolvimento social e econÃ´mico de nosso MunicÃ­pio.",,5
CÃ©u Azul,PR,Comentario,2022-09-16 17:46:10,sala.empreendedor.ceuazul,,Obrigado pela parceria de sempre ğŸ‘ğŸ‘ğŸ‘,
CÃ©u Azul,PR,Post,2022-09-14 19:13:26,ceuazulprefeitura,AtualizaÃ§Ã£o Boletim,,7
CÃ©u Azul,PR,Post,2022-09-14 16:08:33,ceuazulprefeitura,"ğ—–ğ—®ğ—½ğ—²ğ—¹ğ—® ğ— ğ—¼ğ—¿ğ˜ğ˜‚ğ—®Ìğ—¿ğ—¶ğ—® ğ—±ğ—¼ ğ—•ğ—®ğ—¶ğ—¿ğ—¿ğ—¼ ğ—¨ğ—»ğ—¶ğ—®Ìƒğ—¼
JÃ¡ foi entregue a obra de revitalizaÃ§Ã£o da Capela MortuÃ¡ria do Bairro UniÃ£o. A AdministraÃ§Ã£o Municipal investiu R$ 30.345,50 de recursos prÃ³prios na melhoria da edificaÃ§Ã£o que foi entregue apÃ³s dois meses de trabalho.",,33
CÃ©u Azul,PR,Post,2022-09-14 14:32:10,ceuazulprefeitura,AtenÃ§Ã£o para vagas de trabalho,,6
CÃ©u Azul,PR,Post,2022-09-14 13:58:37,ceuazulprefeitura,"ğ—¥ğ˜‚ğ—® ğ—šğ—¼ğ—¶ğ—®Ì‚ğ—»ğ—¶ğ—®
Nesta quarta-feira teve inÃ­cio o serviÃ§o de asfaltamento da Rua GoiÃ¢nia no Bairro UniÃ£o. A equipe da secretaria de ViaÃ§Ã£o e Obras e o CIDERSOP estÃ£o trabalhando na aplicaÃ§Ã£o da pedra graduada. Com a melhora do clima o serviÃ§o de pavimentaÃ§Ã£o em TST deve ganhar celeridade.",,18
CÃ©u Azul,PR,Comentario,2022-09-14 14:48:39,josedutradacosta,,"espero prÃ³ximo  seja nossa travessa dos sÃ¡bias que segundo secretario obras era para junho. e  espero que instalem quebra molas com essa melhoria, antes asfalto ta uma pista corrida ninguÃ©m respeita passam auto velocidade .",
CÃ©u Azul,PR,Post,2022-09-13 16:39:11,ceuazulprefeitura,"ğ—˜ğ—º ğ—–ğ˜‚ğ—¿ğ—¶ğ˜ğ—¶ğ—¯ğ—®
O prefeito Laurindo Sperotto estÃ¡ em viagem Ã  capital do estado acompanhado do secretÃ¡rio de Planejamento Eliazar JosÃ© Brizolla. Na agenda de hoje, uma visita a COHAPAR e conversa com o presidente da Companhia de HabitaÃ§Ã£o, Jorge Lange. TambÃ©m no perÃ­odo da manhÃ£ o prefeito acompanhou os protocolos do municÃ­pio na secretaria de Esporte.",,16
CÃ©u Azul,PR,Post,2022-09-13 14:55:09,ceuazulprefeitura,AtualizaÃ§Ã£o Boletim,,1
CÃ©u Azul,PR,Post,2022-09-13 13:14:03,ceuazulprefeitura,VacinaÃ§Ã£o prossegue atÃ© o dia 30 de setembro,,2
CÃ©u Azul,PR,Post,2022-09-12 14:52:06,ceuazulprefeitura,Nesta quinta-feira tem vacinaÃ§Ã£o,,3
CÃ©u Azul,PR,Post,2022-09-12 11:08:36,ceuazulprefeitura,AtualizaÃ§Ã£o Boletim,,2
CÃ©u Azul,PR,Post,2022-09-09 14:50:08,ceuazulprefeitura,"ğ—¢ğ˜‚ğ˜ƒğ—¶ğ—±ğ—¼ğ—¿ğ—¶ğ—® ğ—šğ—²ğ—¿ğ—®ğ—¹
O MunicÃ­pio de CÃ©u Azul disponibiliza mais uma ferramenta democrÃ¡tica para acesso ao cidadÃ£o, que Ã© a Ouvidoria Geral. DisponÃ­vel para vÃ¡rias atividades, entre elas: Elogios, reclamaÃ§Ãµes, denÃºncias, sugestÃµes, solicitaÃ§Ã£o de serviÃ§os. 
Todos eles estÃ£o disponÃ­veis no site, podendo ser acessados pelo link: 
 https://falabr.cgu.gov.br/publico/PR/ceuazul/Manifestacao/RegistrarManifestacao

Ou ainda atravÃ©s do telefone/Whatsapp 45 9 8802 0656",,8
CÃ©u Azul,PR,Post,2022-09-09 13:48:05,ceuazulprefeitura,AtualizaÃ§Ã£o Boletim,,3
CÃ©u Azul,PR,Post,2022-09-09 12:27:57,ceuazulprefeitura,"ğŸ”°ğŸ”°ğ—”ğ—½ğ—¿ğ—²ğ˜€ğ—²ğ—»ğ˜ğ—®ğ—°Ì§ğ—¼Ìƒğ—²ğ˜€ ğ—»ğ—® ğ—¦ğ—²ğ—ºğ—®ğ—»ğ—® ğ—±ğ—® ğ—£ğ—®Ìğ˜ğ—¿ğ—¶ğ—® ğŸ“·
As comemoraÃ§Ãµes alusivas Ã  Semana da PÃ¡tria, promovida pela secretaria de EducaÃ§Ã£o, reuniu Escolas e CEMEIs em belas apresentaÃ§Ãµes. 

As solenidades contaram com a presenÃ§a de autoridades municipais, funcionÃ¡rios pÃºblicos, pais e alunos das escolas LeÃ´ncio Correia, SÃ£o CristÃ³vÃ£o, Tancredo Neves, Escola Estadual Boa Vista, Olavo Bilac, JosÃ© BonifÃ¡cio, Elemar Adams e dos CEMEIs, Arco Ãris, Raio de Sol, SÃ£o Francisco de Assis e Santa Clara. Confira algumas fotografias dos dias de apresentaÃ§Ã£o ğŸ“¸",,47
CÃ©u Azul,PR,Post,2022-09-08 22:00:12,ceuazulprefeitura,"ğ—£ğ—®ğ˜€ğ˜€ğ—²ğ—¶ğ—¼ ğ—–ğ—¶ğ—°ğ—¹ğ—¶Ìğ˜€ğ˜ğ—¶ğ—°ğ—¼ ğ—±ğ—® ğ—£ğ—®Ìğ˜ğ—¿ğ—¶ğ—®
Nem mesmo o tempo chuvoso afastou os ciclistas de CÃ©u Azul da homenagem ao Dia da PÃ¡tria. Na manhÃ£ deste Ãºltimo 7 de setembro, quando comemorÃ¡vamos os 200 anos da IndependÃªncia, o Passeio CiclÃ­stico promovido pela secretaria de Cultura, Esporte, Lazer e RecreaÃ§Ã£o, reuniu crianÃ§as, jovens e adultos que pedalaram pelas ruas de CÃ©u Azul. VÃ¡rios participantes foram premiados com medalhas e uma bicicleta tambÃ©m foi sorteada entre os participantes, oferecimento da Movel MÃ³veis. O ganhador foi o jovem Enzo Scottini. A secretaria de Cultura, Esporte, Lazer e RecreaÃ§Ã£o parabenizou  todos os participantes.",,93
CÃ©u Azul,PR,Comentario,2022-09-08 23:51:35,marlenecdecastro,,ParabÃ©ns!ğŸ˜ğŸ˜ğŸ˜ğŸ˜ğŸ˜ğŸ˜ğŸ˜ğŸ‘ğŸ‘ğŸ‘ğŸ‘ğŸ‘ğŸ‘ğŸ‘,
CÃ©u Azul,PR,Post,2022-09-08 20:25:08,ceuazulprefeitura,AtualizaÃ§Ã£o Boletim,,7
CÃ©u Azul,PR,Post,2022-09-08 19:47:00,ceuazulprefeitura,"EDITAL DE CONVOCAÃ‡ÃƒO PARA AUDIÃŠNCIA PÃšBLICA NÂ°002/2022.

OBJETO: AudiÃªncia PÃºblica relativa Ã  instalaÃ§Ã£o de parquinho infantil no Bairro UniÃ£o do MunicÃ­pio
de CÃ©u Azul/PR.
O MunicÃ­pio de CÃ©u Azul, Estado do ParanÃ¡, em cumprimento ao parÃ¡grafo Ãºnico, do art. 193 da
ConstituiÃ§Ã£o da RepÃºblica Federativa do Brasil de 1988, convida os cidadÃ£os e as instituiÃ§Ãµes pÃºblicas
e privadas e representativas dos diversos segmentos da sociedade localizadas no Bairro UniÃ£o, para
AudiÃªncia PÃºblica que deverÃ¡ apresentar as condiÃ§Ãµes gerais sobre a possibilidade de construÃ§Ã£o de
um parquinho infantil a ser realizado no lugar da academia ao ar livre localizada prÃ³xima ao Centro
ComunitÃ¡rio do Bairro UniÃ£o.

Data: 9 de setembro de 2022 (sexta-feira)
HorÃ¡rio: 19h â€“ 1Âª chamada
19h30 â€“ 2Âª chamada
Local: Centro ComunitÃ¡rio do Bairro UniÃ£o
Pauta: Abertura Oficial pela Autoridade Municipal
â€¢ ApresentaÃ§Ã£o das condiÃ§Ãµes gerais.
â€¢ Debates.
â€¢ Encerramento.
â€¢ Leitura de Ata.",,5
CÃ©u Azul,PR,Post,2022-09-08 19:33:43,ceuazulprefeitura,"https://ceuazul.1doc.com.br/b.php?pg=wp/detalhes&itd=6
ğ—”ğ—°ğ—²ğ˜€ğ˜€ğ—¼ ğ—®Ì€ ğ—œğ—»ğ—³ğ—¼ğ—¿ğ—ºğ—®ğ—°Ì§ğ—®Ìƒğ—¼
O MunicÃ­pio de CÃ©u Azul possui em seu site, o Acesso Ã  InformaÃ§Ã£o disponÃ­vel ao cidadÃ£o, sendo essa uma ferramenta disponibilizada para requerimentos online de informaÃ§Ãµes, acesso Ã  documentos, atos normativos. 

A publicaÃ§Ã£o da Lei de Acesso a InformaÃ§Ãµes, significa um importante passo para a consolidaÃ§Ã£o democrÃ¡tica do Brasil e torna possÃ­vel uma maior participaÃ§Ã£o popular e o controle social das aÃ§Ãµes governamentais. O acesso da sociedade Ã s informaÃ§Ãµes pÃºblicas permite que ocorra uma melhoria na gestÃ£o pÃºblica.",,1
CÃ©u Azul,PR,Post,2022-09-07 11:07:46,ceuazulprefeitura,"ParabÃ©ns Brasileiros neste 7 de Setembro
200 Anos da IndependÃªncia do Brasil",,3
CÃ©u Azul,PR,Post,2022-09-06 13:50:35,ceuazulprefeitura,AtualizaÃ§Ã£o Boletim,,2
CÃ©u Azul,PR,Post,2022-09-05 16:00:07,ceuazulprefeitura,"ğ—œğ—»ğ—³ğ—¿ğ—®ğ—²ğ˜€ğ˜ğ—¿ğ˜‚ğ˜ğ˜‚ğ—¿ğ—®
Novos pontos de Ã´nibus seguem sendo implantados em CÃ©u Azul.
Nesta etapa, mais dois locais foram beneficiados, o Bairro Industrial e o Bairro IguaÃ§u nas proximidades do EstÃ¡dio Municipal.
A secretaria de Planejamento estÃ¡ avaliando as condiÃ§Ãµes dos principais pontos de Ã´nibus no interior e na cidade e gradativamente as substituiÃ§Ãµes estÃ£o sendo feitas.",,43
CÃ©u Azul,PR,Post,2022-09-05 14:31:36,ceuazulprefeitura,"ğ—” ğ—¦ğ—®ğ—¹ğ—® ğ—±ğ—¼ ğ—˜ğ—ºğ—½ğ—¿ğ—²ğ—²ğ—»ğ—±ğ—²ğ—±ğ—¼ğ—¿ ğ˜ğ—²ğ—º ğ˜‚ğ—º ğ—°ğ—¼ğ—»ğ˜ƒğ—¶ğ˜ğ—²
Participe do 2Â° SeminÃ¡rio de Micro CrÃ©dito da Sala do Empreendedor de CÃ©u Azul. O evento trata de oferta de microcrÃ©dito aos Microempreendedores Individuais atendidos pela Sala do Empreendedor de CÃ©u Azul, parceria entre o MunicÃ­pio de CÃ©u Azul e o SEBRAE.

Informamos que o referido seminÃ¡rio Ã© uma oportunidade de oferta de crÃ©dito a ser contratado diretamente pelo MEI junto Ã s instituiÃ§Ãµes financeiras com objetivo de implementar o desenvolvimento social e econÃ´mico de nosso MunicÃ­pio.",,8
CÃ©u Azul,PR,Post,2022-09-05 11:30:25,ceuazulprefeitura,"Nesta quarta-feira
Passeio CiclÃ­stico da PÃ¡tria",,8
CÃ©u Azul,PR,Post,2022-09-04 13:00:08,ceuazulprefeitura,ProgramaÃ§Ã£o para esta segunda-feira,,5
CÃ©u Azul,PR,Post,2022-09-03 11:48:28,ceuazulprefeitura,AtualizaÃ§Ã£o Boletim,,6
CÃ©u Azul,PR,Post,2022-09-02 13:56:33,ceuazulprefeitura,AtualizaÃ§Ã£o Boletim,,3
CÃ©u Azul,PR,Post,2022-09-01 22:00:18,ceuazulprefeitura,ProgramaÃ§Ã£o para esta sexta-feira,,6
CÃ©u Azul,PR,Post,2022-09-01 19:55:08,ceuazulprefeitura,AtualizaÃ§Ã£o Boletim,,6
CÃ©u Azul,PR,Post,2022-09-01 14:16:45,ceuazulprefeitura,"ğŸ®ğŸ¬ğŸ¬ ğ—®ğ—»ğ—¼ğ˜€ ğ—±ğ—² ğ—œğ—»ğ—±ğ—²ğ—½ğ—²ğ—»ğ—±ğ—²Ì‚ğ—»ğ—°ğ—¶ğ—® ğŸ­ğŸ´ğŸ®ğŸ®-ğŸ®ğŸ¬ğŸ®ğŸ®
ğ—–ğ—¼ğ—ºğ—²ğ—ºğ—¼ğ—¿ğ—®ğ—°Ì§ğ—¼Ìƒğ—²ğ˜€ ğ—±ğ—® ğ—¦ğ—²ğ—ºğ—®ğ—»ğ—® ğ—±ğ—® ğ—£ğ—®Ìğ˜ğ—¿ğ—¶ğ—® ğ—³ğ—¼ğ—¿ğ—®ğ—º ğ—®ğ—¯ğ—²ğ—¿ğ˜ğ—®ğ˜€ ğ—»ğ—® ğ—ºğ—®ğ—»ğ—µğ—®Ìƒ ğ—±ğ—² ğ—µğ—¼ğ—·ğ—² ğ—²ğ—º ğ—–ğ—²Ìğ˜‚ ğ—”ğ˜‡ğ˜‚ğ—¹
A AdministraÃ§Ã£o Municipal abriu as comemoraÃ§Ãµes da Semana da PÃ¡tria 2022 na manhÃ£ desta quinta-feira em frente ao PaÃ§o Municipal.

Participaram da solenidade, alunos da Escola LeÃ´ncio Correia e CEMEI Arco Ãris, responsÃ¡veis pelas apresentaÃ§Ãµes da manhÃ£. O prefeito Laurindo Sperotto esteve acompanhado da secretÃ¡ria de EducaÃ§Ã£o Josiane InÃªs Hoger e do vereador Jairo Alairso Heinemann no hasteamento dos PavilhÃµes.

TambÃ©m estiveram presentes na programaÃ§Ã£o desenvolvida pela secretaria municipal de EducaÃ§Ã£o, vereadores, vice-prefeito, professores, secretÃ¡rios municipais, funcionÃ¡rios pÃºblicos, polÃ­cia militar e demais membros da comunidade. 

ğ—™ğ—¼ğ—´ğ—¼ ğ—¦ğ—¶ğ—ºğ—¯ğ—¼Ìğ—¹ğ—¶ğ—°ğ—¼
O Fogo SimbÃ³lico percorreu as ruas do municÃ­pio atÃ© sua chegada em frente ao PaÃ§o Municipal. Em seu trajeto, ele foi conduzido pelas atletas da equipe de voleibol feminino categoria 12 Ã  14 anos, escoltado pela PolÃ­cia Militar, atÃ© o acendimento da Pira da PÃ¡tria pela atleta Luiza Vicente. 

A equipe de vÃ´lei tem no currÃ­culo os primeiros lugares na Copa IntegraÃ§Ã£o, etapa de Formosa do Oeste, Jogos Escolares, fase regional Catanduvas e Jogos Escolares, fase macrorregional Medianeira. A equipe ficou com o terceiro lugar na Fase Final dos Jogos Escolares do ParanÃ¡. Atualmente a equipe que Ã© comandada pelo tÃ©cnico Ademir Martelli estÃ¡ classificada para as finais do Campeonato Regional de Palotina.

No perÃ­odo da tarde o arriamento dos pavilhÃµes acontecerÃ¡ Ã s 16:30h com a presenÃ§a de autoridades municipais e da escola SÃ£o CristÃ³vÃ£o.",,116
CÃ©u Azul,PR,Post,2022-08-31 16:55:12,ceuazulprefeitura,"Brasil - Semana da PÃ¡tria 2022
200 Anos da IndependÃªncia
ProgramaÃ§Ã£o para esta quinta-feira",,2
CÃ©u Azul,PR,Post,2022-08-31 14:19:22,ceuazulprefeitura,"Servidores e SecretÃ¡rios Municipais participaram de capacitaÃ§Ã£o sobre avaliaÃ§Ã£o no estÃ¡gio probatÃ³rio.
O estÃ¡gio probatÃ³rio Ã© o perÃ­odo em que o novo servidor pÃºblico serÃ¡ avaliado em relaÃ§Ã£o Ã  sua capacidade, assiduidade, responsabilidade e aptidÃ£o para o cargo.
Esse estÃ¡gio se estende pelos 3 primeiros anos de atividade, e Ã© iniciado logo na entrada do cargo pÃºblico.",,18
CÃ©u Azul,PR,Post,2022-08-31 13:05:09,ceuazulprefeitura,"ğ—˜ğ˜€ğ˜ğ—¿ğ—®ğ—±ğ—®ğ˜€ ğ—¥ğ˜‚ğ—¿ğ—®ğ—¶ğ˜€
Durante esta semana a equipe da secretaria de ViaÃ§Ã£o e Obras estÃ¡ trabalhando nas estradas da localidade de Marca Eva. O prefeito Laurindo Sperotto esteve acompanhando os trabalhos que permanecerÃ£o na regiÃ£o de Nova UniÃ£o percorrendo os principais trechos.",,12
CÃ©u Azul,PR,Post,2022-08-31 12:58:37,ceuazulprefeitura,AtualizaÃ§Ã£o Boletim,,3
CÃ©u Azul,PR,Post,2022-08-30 16:01:43,ceuazulprefeitura,"EDITAL DE CONVOCAÃ‡ÃƒO PARA AUDIÃŠNCIA PÃšBLICA

O MunicÃ­pio de CÃ©u Azul, Estado do ParanÃ¡, pessoa jurÃ­dica de direito pÃºblico interno, inscrito no CNPJ/MF sob o nÂº 76.206.473/0001-01, com sede na Avenida Nilo Umberto Deitos, 1426, Centro, neste ato representado pelo Senhor Laurindo Sperotto, Prefeito Municipal, no uso das atribuiÃ§Ãµes que lhe confere o cargo e invocando os princÃ­pios da transparÃªncia e da publicidade que regem a administraÃ§Ã£o pÃºblica, torna pÃºblico que serÃ¡ realizada AudiÃªncia PÃºblica para tratar sobre a cobranÃ§a de â€œContribuiÃ§Ãµes de Melhoriasâ€ referente a implantaÃ§Ã£o de pavimentaÃ§Ã£o asfÃ¡ltica nos seguintes logradouros:

I â€“ Rua Belo Horizonte (entre a Rua Colombo atÃ© a Rua Bento GonÃ§alves) â€“ SÃ£o CristÃ³vÃ£o;
II â€“ Rua Bento GonÃ§alves (entre a Rua IrmÃ£ Carmelita Maria Cecilia de Jesus atÃ© o final da Rua) â€“ SÃ£o CristÃ³vÃ£o;
III â€“ Rua Colombo (entre a Rua NiterÃ³i e Rua SÃ£o Salvador) â€“ SÃ£o CristÃ³vÃ£o;
IV â€“ Rua Edvina Salete Zaura (entre a Rua dos Imigrantes e Rua BarÃ£o do Rio Branco) â€“ Bairro IguaÃ§u;
V â€“ Rua SÃ£o Salvador (entre a Rua BarÃ£o do Rio Branco e Rua Martin Lutero) â€“ SÃ£o CristÃ³vÃ£o.

A AudiÃªncia serÃ¡ realizada no dia 8 de setembro de 2022, Ã s 18h30min, no Anfiteatro Municipal do GinÃ¡sio de Esportes Ivar Ranzi.

Atendendo aos princÃ­pios da administraÃ§Ã£o pÃºblica, destacados em textos legais, fazemos a CONVOCAÃ‡ÃƒO pÃºblica de todos os munÃ­cipes, para participarem desta audiÃªncia, em especial os munÃ­cipes proprietÃ¡rios de terrenos da Ã¡rea de intervenÃ§Ã£o.

Laurindo Sperotto
Prefeito do MunicÃ­pio de CÃ©u azul",,7
CÃ©u Azul,PR,Post,2022-08-30 14:31:08,ceuazulprefeitura,AtualizaÃ§Ã£o Boletim,,5
CÃ©u Azul,PR,Post,2022-08-30 12:22:16,ceuazulprefeitura,"ğ—¤ğ˜‚ğ—®ğ—±ğ—¿ğ—® ğ—±ğ—² ğ—²ğ˜€ğ—½ğ—¼ğ—¿ğ˜ğ—²ğ˜€ ğ—®ğ—¯ğ—²ğ—¿ğ˜ğ—®
A nova quadra sintÃ©tica no Bairro Parque Verde jÃ¡ estÃ¡ aberta Ã  prÃ¡tica de atividades esportivas. Na semana que passou o secretÃ¡rio de Cultura, Esporte, Lazer e RecreaÃ§Ã£o, JoÃ£o Gilberto CorrÃªa esteve participando de um jogo de futebol com os pequenos atletas do bairro. 

O prefeito Laurindo Sperotto afirma que a administraÃ§Ã£o municipal seguirÃ¡ com os investimentos na estrutura fÃ­sica dos espaÃ§os esportivos, como incentivo a prÃ¡tica de esportes para crianÃ§as e adultos.",,75
CÃ©u Azul,PR,Post,2022-08-29 14:16:24,ceuazulprefeitura,"ğŸ®ğŸ¬ğŸ¬ ğ—®ğ—»ğ—¼ğ˜€ ğ—±ğ—² ğ—œğ—»ğ—±ğ—²ğ—½ğ—²ğ—»ğ—±ğ—²Ì‚ğ—»ğ—°ğ—¶ğ—® ğŸ­ğŸ´ğŸ®ğŸ®-ğŸ®ğŸ¬ğŸ®ğŸ®
ğ—”ğ—¯ğ—²ğ—¿ğ˜ğ˜‚ğ—¿ğ—® ğ—±ğ—® ğ—¦ğ—²ğ—ºğ—®ğ—»ğ—® ğ—±ğ—® ğ—£ğ—®Ìğ˜ğ—¿ğ—¶ğ—® ğ—»ğ—²ğ˜€ğ˜ğ—® ğ—¾ğ˜‚ğ—¶ğ—»ğ˜ğ—®-ğ—³ğ—²ğ—¶ğ—¿ğ—® ğ—®Ì€ğ˜€ ğŸ­ğŸ¬ğ—µ ğ—±ğ—® ğ—ºğ—®ğ—»ğ—µğ—®Ìƒ 

Neste dia 1 de setembro a AdministraÃ§Ã£o Municipal abre as comemoraÃ§Ãµes da Semana da PÃ¡tria 2022. Nesta quinta-feira a solenidade acontece em frente a Prefeitura Municipal, Ã s 10h da manhÃ£, com a chegada do Fogo SimbÃ³lico e o Hasteamento das Bandeiras. Ã€s 16:30h Ã© realizada a solenidade de Arriamento.

A programaÃ§Ã£o acontecerÃ¡ diariamente no mesmo local com a participaÃ§Ã£o das Escolas e CEMEIs de CÃ©u Azul.

No dia 7 de setembro, feriado da IndependÃªncia, apÃ³s a solenidade de Hasteamento dos PavilhÃµes, acontecerÃ¡ a largada do Passeio CiclÃ­stico da PÃ¡tria. 

Toda a comunidade estÃ¡ convidada a participar dos Momentos CÃ­vicos.",,17
CÃ©u Azul,PR,Post,2022-08-29 12:13:45,ceuazulprefeitura,AtualizaÃ§Ã£o Boletim,,2
CÃ©u Azul,PR,Post,2022-08-28 12:00:05,ceuazulprefeitura,"ğŸ”°Dia 7 de Setembro ğŸš´
Inscreva-se na Secretaria de Cultura, Esporte, Lazer e RecreaÃ§Ã£o ğŸ™‹",,15
CÃ©u Azul,PR,Post,2022-08-27 12:03:08,ceuazulprefeitura,"ğ—£ğ—¿ğ—¶ğ—ºğ—²ğ—¶ğ—¿ğ—®-ğ—±ğ—®ğ—ºğ—® ğ—±ğ—² ğ—¦ğ—®ğ—»ğ˜ğ—® ğ—§ğ—²ğ—¿ğ—²ğ˜‡ğ—® ğ—±ğ—¼ ğ—¢ğ—²ğ˜€ğ˜ğ—² ğ—®ğ˜€ğ˜€ğ˜‚ğ—ºğ—² ğ—½ğ—¿ğ—²ğ˜€ğ—¶ğ—±ğ—²Ì‚ğ—»ğ—°ğ—¶ğ—® ğ—±ğ—® ğ—”ğ——ğ—”ğ— ğ—¢ğ—£
A primeira-dama de Santa Tereza do Oeste, Sandra Bressiani Marciniak, foi eleita e empossada presidente da ADAMOP (AssociaÃ§Ã£o das Primeiras-Damas do Oeste do ParanÃ¡.

CompÃµem a nova diretoria as seguintes primeiras-damas: Angela de Azevedo Shanoski (de MaripÃ¡), Noeli Maria Amorin (de Toledo), a primeira como vice-presidente e a segunda como tesoureira da chapa de consenso.  JÃ¡ o Conselho Fiscal Ã© composto pelas titulares: Luciane Munhos Dâ€™Alecio (de UbiratÃ£), Miriam Elena Souto de Giacometti (de Palotina) e Izabel Cristina Pereira Claro (de Assis Chateaubriand). As suplentes do novo Conselho Fiscal sÃ£o: Debora Vilas Boas Talga Weiller (de JesuÃ­tas), Josiane Laborde Rauber (de Marechal C. Rondon) e Iolanda Sperotto (de CÃ©u Azul). 

ğ™ğ™¤ğ™—ğ™§ğ™š ğ™– ğ˜¼ğ˜¿ğ˜¼ğ™ˆğ™Šğ™‹
A ADAMOP foi criada em 2 de abril de 1993, pela entÃ£o primeira-dama de CÃ©u Azul, Margarida Casalli Beto, tendo como vice-presidente Rosangela Bodanese, de TrÃªs Barras do ParanÃ¡. 

Tal qual a AMOP, a ADAMOP abrange 56 municÃ­pios da regiÃ£o oeste, tendo como objetivo e missÃ£o a luta em prol de uma sociedade mais justa e igualitÃ¡ria e a divulgaÃ§Ã£o dos trabalhos e projetos sociais realizados pelos municÃ­pios associados.",,5
CÃ©u Azul,PR,Post,2022-08-26 22:00:10,ceuazulprefeitura,"ğ—¢ğ—¯ğ—¿ğ—®ğ˜€ ğ—»ğ—¼ ğ—¶ğ—»ğ˜ğ—²ğ—¿ğ—¶ğ—¼ğ—¿ ğ—² ğ—»ğ—® ğ—°ğ—¶ğ—±ğ—®ğ—±ğ—²
Esta semana o prefeito Laurindo Sperotto esteve visitando obras que estÃ£o sendo finalizadas e tambÃ©m iniciadas no municÃ­pio.

A quadra esportiva do Bairro Parque Verde ganhou revestimento com grama sintÃ©tica, oferecendo agora melhores condiÃ§Ãµes de uso aos moradores do Bairro. 

A Capela MortuÃ¡ria do Bairro UniÃ£o foi revitalizada e estÃ¡ recebendo os Ãºltimos retoques na pintura. 

Na localidade de Nova UniÃ£o o antigo Posto de SaÃºde darÃ¡ lugar a uma Capela MortuÃ¡ria e ao Clube de MÃ£es. A atual Unidade BÃ¡sica de SaÃºde tambÃ©m estÃ¡ sendo completamente reformada. 

Diversas aÃ§Ãµes da AdministraÃ§Ã£o Municipal estÃ£o sendo executadas tanto no interior quanto na cidade. Um grande serviÃ§o de pavimentaÃ§Ã£o em TST, parceria com o CIDERSOP, acontece na localidade de Tatu Jupi e Nova UniÃ£o e os serviÃ§os em breve chegarÃ£o Ã  cidade.",,58
CÃ©u Azul,PR,Post,2022-08-26 15:45:11,ceuazulprefeitura,"ğ—¦ğ—²ğ—´ğ˜‚ğ—¿ğ—®ğ—»ğ—°Ì§ğ—® ğ—»ğ—® ğ—¥ğ—²ğ—´ğ—¶ğ—®Ìƒğ—¼ ğ—±ğ—² ğ—™ğ—¿ğ—¼ğ—»ğ˜ğ—²ğ—¶ğ—¿ğ—®
Prefeito Laurindo Sperotto recebeu no Gabinete nesta manhÃ£ de sexta-feira o Chefe da 5Âº Delegacia da PolÃ­cia RodoviÃ¡ria Federal de Foz do IguaÃ§u, Marcos Pierre Carvalho.

Pierre apresentou ao prefeito as aÃ§Ãµes da PRF na regiÃ£o de fronteira, o serviÃ§o de monitoramento por cÃ¢meras nos pontos de entrada e saÃ­da do municÃ­pio de CÃ©u Azul, e tambÃ©m detalhou o projeto da nova unidade da PolÃ­cia RodoviÃ¡ria que serÃ¡ instalada em SÃ£o Miguel do IguaÃ§u.

A nova unidade terÃ¡ cobertura da pista na BR-277, com trabalho sendo realizado 24 horas por dia, serÃ¡ uma unidade blindada, com estrutura de apoio ao usuÃ¡rio, inclusive com atendimento prÃ©-hospitalar, heliponto para pouso de decolagem de aeronaves policiais e de atendimento aero mÃ©dico, alÃ©m da instalaÃ§Ã£o de equipamentos de alta tecnologia, que permitirÃ£o um trabalho conjunto com outras forÃ§as de seguranÃ§a federais, estaduais e municipais.",,73
CÃ©u Azul,PR,Post,2022-08-26 14:39:44,ceuazulprefeitura,AtualizaÃ§Ã£o Boletim,,2
CÃ©u Azul,PR,Post,2022-08-25 22:06:08,ceuazulprefeitura,"ğ—˜ğ˜€ğ˜ğ—¿ğ—®ğ—±ğ—® ğ—™ğ—²ğ—°ğ—µğ—®ğ—±ğ—® 
ğ—”ğ˜ğ—²ğ—»ğ—°Ì§ğ—®Ìƒğ—¼ ğ—£ğ—¶ğ—°ğ—®ğ—±ğ—® ğ—•ğ—²ğ—»ğ—·ğ—®ğ—ºğ—¶ğ—º
Neste sÃ¡bado e domingo, dias 27 e 28 de agosto, o trecho da estrada na localidade da Picada Benjamim onde acontecem as obras de calÃ§amento poliÃ©drico, serÃ£o totalmente fechadas para a finalizaÃ§Ã£o dos serviÃ§os. 
Na segunda-feira o transito jÃ¡ estarÃ¡ normalizado.",,17
CÃ©u Azul,PR,Post,2022-08-25 21:19:12,ceuazulprefeitura,"ğ—˜ğ—±ğ˜‚ğ—°ğ—®ğ—°Ì§ğ—®Ìƒğ—¼ ğ—”ğ—ºğ—¯ğ—¶ğ—²ğ—»ğ˜ğ—®ğ—¹
ğ—¦ğ—²ğ—°ğ—¿ğ—²ğ˜ğ—®ğ—¿ğ—¶ğ—® ğ—±ğ—² ğ—˜ğ—±ğ˜‚ğ—°ğ—®ğ—°Ì§ğ—®Ìƒğ—¼ ğ—½ğ—®ğ—¿ğ˜ğ—¶ğ—°ğ—¶ğ—½ğ—® ğ—±ğ—² ğ—®ğ—°Ì§ğ—¼Ìƒğ—²ğ˜€ ğ—°ğ—¼ğ—º ğ—® ğ—œğ—§ğ—”ğ—œğ—£ğ—¨ ğ—•ğ—¶ğ—»ğ—®ğ—°ğ—¶ğ—¼ğ—»ğ—®ğ—¹
No inÃ­cio deste mÃªs de agosto a Prefeitura de CÃ©u Azul por meio do convÃªnio Linha EcolÃ³gica, realizou quatro aÃ§Ãµes: 2 Hortas ComunitÃ¡rias nos CEMEIs Raio de Sol e Santa Clara e 2 Cisternas no CEMEI SÃ£o Francisco de Assis e na Escola Olavo Bilac. 

O ConvÃªnio Linha EcolÃ³gica Ã© uma parceria com a Itaipu Binacional e o Conselho de Desenvolvimento dos MunicÃ­pios Lindeiros ao Lago de Itaipu e tem o objetivo de desenvolver aÃ§Ãµes relevantes para o desenvolvimento e proteÃ§Ã£o do meio ambiente no territÃ³rio. EducaÃ§Ã£o Ambiental Ã© parte inerente do compromisso da Itaipu com a promoÃ§Ã£o de valores para a sustentabilidade.

As atividades tÃªm por objetivo acrescentar e despertar nas crianÃ§as e jovens mais iniciativa, educaÃ§Ã£o nutricional e socioambiental, criatividade e embelezamento dos espaÃ§os pÃºblicos.

Ainda no mÃªs de junho os alunos do 2Âº ao 5Âº ano do ensino fundamental das escolas pÃºblicas do municÃ­pio receberam um lÃ¡pis-semente e aprendendo como cuidar para que germine e possa se transformar numa Ã¡rvore. Os lÃ¡pis vÃªm com sementes de araÃ§Ã¡, goiabeira e embaÃºba. A aÃ§Ã£o de educaÃ§Ã£o ambiental da Itaipu Ã© alusiva ao Dia do Meio Ambiente (5 de junho), mas irÃ¡ se estender atÃ© setembro para atingir as escolas municipais de toda a regiÃ£o. 

No mÃªs de setembro estaremos realizando a entrega dos lÃ¡pis semente aos alunos de 1Â° ano da rede municipal juntamente com outras aÃ§Ãµes realizadas em parceria com a Itaipu Binacional. â€œTrata-se de uma campanha alinhada ao tema definido pela ONU para este Dia do Meio Ambiente, que Ã© â€˜somos um povo e temos uma sÃ³ Terraâ€™â€, afirmou Lucilei Rossasi, da DivisÃ£o de EducaÃ§Ã£o Ambiental da Itaipu. â€œA mensagem principal Ã© a importÃ¢ncia da vegetaÃ§Ã£o para o planeta, para a produÃ§Ã£o de Ã¡gua, para o cuidado com a biodiversidade, para o cuidado com as pessoas, estabelecendo essa conexÃ£oâ€.",,20
CÃ©u Azul,PR,Post,2022-08-25 19:50:34,ceuazulprefeitura,Inscreva-se na Secretaria de Esportes,,10
CÃ©u Azul,PR,Post,2022-08-25 14:41:49,ceuazulprefeitura,AtualizaÃ§Ã£o Boletim,,2
CÃ©u Azul,PR,Post,2022-08-24 16:33:20,ceuazulprefeitura,"ğ™“ğ™“ğ™„ğ™„ ğ™Šğ™¡ğ™ğ™¢ğ™¥ğ™Ìğ™–ğ™™ğ™–ğ™¨ ğ™€ğ™¨ğ™¥ğ™šğ™˜ğ™ğ™–ğ™ğ™¨ ğ™™ğ™–ğ™¨ ğ˜¼ğ™‹ğ˜¼ğ™€ğ™¨
CÃ©u Azul estÃ¡ participando dos jogos da XXII OlimpÃ­adas Especiais das APAEs do ParanÃ¡, que acontecem em Foz do IguaÃ§u.
SÃ£o 29 delegaÃ§Ãµes participando desta ediÃ§Ã£o das OlimpÃ­adas, mais de 1200 participantes!

Com a delegaÃ§Ã£o do Nre de Cascavel, representando a Escola Elemar Adams â€“ APAE de CÃ©u Azul, estÃ£o a Professora Claudenice AssunÃ§Ã£o e os alunos Amanda Cristina Rodrigues e JoÃ£o Lucas Cariolato. Sucesso aos competidores.",,41
CÃ©u Azul,PR,Post,2022-08-24 14:47:58,ceuazulprefeitura,AtualizaÃ§Ã£o Boletim,,5
CÃ©u Azul,PR,Post,2022-08-23 21:04:08,ceuazulprefeitura,"ğ—”ğ˜€ğ—³ğ—®ğ—¹ğ˜ğ—®ğ—ºğ—²ğ—»ğ˜ğ—¼ ğ—²ğ—º ğ—§ğ—¦ğ—§ 
ğ—¢ğ—¯ğ—¿ğ—®ğ˜€ ğ˜€ğ—®Ìƒğ—¼ ğ—¿ğ—²ğ˜ğ—¼ğ—ºğ—®ğ—±ğ—®ğ˜€ ğ—»ğ—¼ ğ—¶ğ—»ğ˜ğ—²ğ—¿ğ—¶ğ—¼ğ—¿ ğ—² ğ—»ğ—® ğ—°ğ—¶ğ—±ğ—®ğ—±ğ—²
Nesta terÃ§a-feira tiveram inÃ­cio os serviÃ§os de asfaltamento em TST na estrada que liga a BR 277 Ã  Fazenda IguaÃ§u em Nova UniÃ£o. No trecho de 4 quilÃ´metros serÃ£o investidos R$ 394.144 reais. Os recursos sÃ£o dos cofres da prefeitura. 

As obras estÃ£o a cargo da equipe do ConsÃ³rcio Intermunicipal para o Desenvolvimento Rural e SustentÃ¡vel da RegiÃ£o Oeste do Estado do ParanÃ¡ â€“ CIDERSOP, parceiros nessa aÃ§Ã£o. O prefeito Laurindo Sperotto esteve acompanhando o desenvolvimento dos trabalhos na regiÃ£o.

Assim que forem finalizados os serviÃ§os naquela localidade, a equipe estarÃ¡ iniciando o trabalho na rua GoiÃ¢nia no Bairro UniÃ£o.",,15
CÃ©u Azul,PR,Post,2022-08-23 16:55:18,ceuazulprefeitura,"ğ—©ğ—¶ğ—®ğ—°Ì§ğ—®Ìƒğ—¼ ğ—² ğ—¢ğ—¯ğ—¿ğ—®ğ˜€
Nesta terÃ§a-feira a equipe da secretaria de ViaÃ§Ã£o e Obras estÃ¡ trabalhando na estrada da Linha Dois de Maio. ReadequaÃ§Ã£o da via, cascalhamento e compactaÃ§Ã£o melhoram as condiÃ§Ãµes de trÃ¡fego na localidade.",,10
CÃ©u Azul,PR,Comentario,2022-08-23 17:20:48,josedutradacosta,,ğŸ‘ğŸ‘ğŸ‘ğŸ™,
CÃ©u Azul,PR,Comentario,2022-08-23 22:12:23,claudiomiralvesdelima,,ğŸ‘ğŸ‘ğŸ‘,
CÃ©u Azul,PR,Post,2022-08-23 14:42:11,ceuazulprefeitura,AtualizaÃ§Ã£o Boletim,,6
CÃ©u Azul,PR,Post,2022-08-23 11:48:46,ceuazulprefeitura,"ğ—©ğ—¶ğ˜€ğ—¶ğ˜ğ—® ğ˜ğ—²Ìğ—°ğ—»ğ—¶ğ—°ğ—®
O secretÃ¡rio municipal de Agricultura, Gilmar BaÃº, esteve em visita Ã  propriedade rural do agricultor Nesio Camana na Vila Panizzon em MatelÃ¢ndia, onde conheceu o sistema de cisternas com revestimento em geomembrana, utilizada no abastecimento de aviÃ¡rios e chiqueirÃµes.

A equipe da secretaria de Agricultura estÃ¡ recolhendo todas as informaÃ§Ãµes tÃ©cnicas para apresentar aos produtores de CÃ©u Azul esse sistema, que alÃ©m de economia, oferece tambÃ©m mais uma garantia de abastecimento em perÃ­odos de poucas chuvas.",,14
CÃ©u Azul,PR,Post,2022-08-22 22:00:12,ceuazulprefeitura,"ğ—¡ğ—¼ğ˜ƒğ—®ğ˜€ ğ—¼ğ—¯ğ—¿ğ—®ğ˜€ ğ—¯ğ—²ğ—»ğ—²ğ—³ğ—¶ğ—°ğ—¶ğ—®ğ—º ğ—°ğ—¼ğ—ºğ˜‚ğ—»ğ—¶ğ—±ğ—®ğ—±ğ—² ğ—±ğ—² ğ—¡ğ—¼ğ˜ƒğ—® ğ—¨ğ—»ğ—¶ğ—®Ìƒğ—¼
Nesta segunda-feira (22) no Gabinete, foram assinadas as ordens de serviÃ§o para as obras de reforma da Unidade BÃ¡sica de SaÃºde de Nova UniÃ£o e tambÃ©m a readequaÃ§Ã£o do antigo posto de saÃºde da localidade que agora ganharÃ¡ dois espaÃ§os: Clube de MÃ£es e Capela MortuÃ¡ria.

Os proprietÃ¡rios das empresas Esquadro Lages LTDA e J. Martins da Silva PavimentaÃ§Ãµes LTDA estiveram no Gabinete na assinatura dos documentos.

O prefeito Laurindo Sperotto tambÃ©m esteve acompanhado do secretÃ¡rio de Planejamento Eliazar JosÃ© Brizolla, secretÃ¡ria de SaÃºde Laise Sperotto do Prado, fiscal de obras MÃ¡rcio Antonio Gomez e da gestora da AssistÃªncia Social Fabiana Verdeiro Fachin.

Nas obras serÃ£o investidos mais de R$ 137 mil reais e o prazo de execuÃ§Ã£o serÃ¡ de 60 dias.
As obras iniciam esta semana.",,12
CÃ©u Azul,PR,Post,2022-08-22 20:35:07,ceuazulprefeitura,"ğŸ‡§ğŸ‡·Passeio CiclÃ­stico da PÃ¡tria
ğŸš´Inscreva-se e informe-se na secretaria de Cultura, Esporte, Lazer e RecreaÃ§Ã£o",,26
CÃ©u Azul,PR,Post,2022-08-22 18:00:09,ceuazulprefeitura,Semana de palestras AGOSTO DOURADO,,4
CÃ©u Azul,PR,Post,2022-08-22 14:32:09,ceuazulprefeitura,InformaÃ§Ãµes somente na AGÃŠNCIA DO TRABALHADOR,,7
CÃ©u Azul,PR,Post,2022-08-22 13:46:06,ceuazulprefeitura,"ğ—¢ ğ—–ğ—²ğ—»ğ˜€ğ—¼ ğ——ğ—²ğ—ºğ—¼ğ—´ğ—¿ğ—®Ìğ—³ğ—¶ğ—°ğ—¼ ğŸ®ğŸ¬ğŸ®ğŸ® estÃ¡ em andamento em CÃ©u Azul. Os agentes de pesquisa, denominados recenseadores, visitarÃ£o todos os domicÃ­lios do municÃ­pio para que os moradores forneÃ§am as respostas para as perguntas do questionÃ¡rio da pesquisa. 

Ã‰ muito importante a colaboraÃ§Ã£o de todos e tambÃ©m Ã© obrigatÃ³rio responder Ã s perguntas, pois os dados coletados devem retratar com a maior precisÃ£o possÃ­vel a realidade de nosso paÃ­s.

Mas Ã© importante se atentar a como identificar os profissionais para evitar cair em golpes.

A primeira caracterÃ­stica sÃ£o as roupas e o equipamento usado pelos recenseadores: colete azul-marinho que tÃªm a sigla do IBGE, com um crachÃ¡ com identificaÃ§Ã£o do profissional, nome completo, nÃºmero da matrÃ­cula no instituto, nÃºmero da carteira de identidade ou CPF e um QR code.

Veja em nossa pÃ¡gina os recenseadores que estÃ£o trabalhando em nossa cidade, e em caso de dÃºvidas, entre em contato com o Posto de Coleta do IBGE de CÃ©u Azul pelo nÃºmero de telefone ou whatsapp (45)99809-2871, ou confira mais informaÃ§Ãµes no site do IBGE https://www.ibge.gov.br/",,17
CÃ©u Azul,PR,Post,2022-08-22 12:49:22,ceuazulprefeitura,"Obras na Unidade de SaÃºde de Nova UniÃ£o Ã  partir desta terÃ§a-feira, alteram local de atendimento para os moradores",,7
CÃ©u Azul,PR,Post,2022-08-22 11:08:59,ceuazulprefeitura,AtualizaÃ§Ã£o Boletim,,4
CÃ©u Azul,PR,Post,2022-08-19 23:00:11,ceuazulprefeitura,"ğ—¡ğ—¼ğ˜ƒğ—¼ ğ˜‚ğ—»ğ—¶ğ—³ğ—¼ğ—¿ğ—ºğ—² ğ—²ğ˜€ğ—°ğ—¼ğ—¹ğ—®ğ—¿ ğ—°ğ—¼ğ—ºğ—²ğ—°Ì§ğ—®ğ—¿ğ—®Ì ğ—® ğ˜€ğ—²ğ—¿ ğ—²ğ—»ğ˜ğ—¿ğ—²ğ—´ğ˜‚ğ—²
A AdministraÃ§Ã£o Municipal, por meio da Secretaria Municipal de EducaÃ§Ã£o, recebeu nesta sexta-feira, 19 de agosto, as peÃ§as do uniforme escolar, que serÃ£o distribuÃ­dos para alunos de toda a rede municipal de ensino e contemplarÃ¡ aproximadamente 1.263 estudantes.
De acordo com a SecretÃ¡ria Municipal de EducaÃ§Ã£o, Josiane InÃªs Hoger, seguindo o disposto na Lei Municipal nÂº 2.065/2019, cada aluno (a) receberÃ¡, gratuitamente, um kit de uniforme composto por: 1 jaqueta, 1 calÃ§a ou 1 saia longa, 2 camisetas manga curta, 01 camiseta manga longa, 1 shorts (modelo masculino) ou 01 shorts saia (modelo feminino). 
A distribuiÃ§Ã£o do uniforme se darÃ¡ nas unidades escolares da rede municipal de ensino, seguindo o calendÃ¡rio de entrega, programado para acontecer no decorrer da prÃ³xima semana, onde os pais serÃ£o comunicados pelas escolas, o dia que deverÃ¡ comparecer para realizar a retirada do kit do uniforme. 
Os kits dos uniformes escolares foram adquiridos de forma a atender as necessidades de todos os alunos, com o objetivo de melhorar a qualidade da educaÃ§Ã£o pÃºblica municipal e trazer qualidade de vida para as crianÃ§as e suas famÃ­lias.",,91
CÃ©u Azul,PR,Comentario,2022-08-19 23:08:57,carolpisarro,,ğŸ‘ğŸ‘ğŸ‘,
CÃ©u Azul,PR,Comentario,2022-08-19 23:13:36,rosanynha_rodrigues,,@brunafaraom,
CÃ©u Azul,PR,Post,2022-08-19 20:12:08,ceuazulprefeitura,"ğ—£ğ—¿ğ—¼ğ—°ğ—²ğ˜€ğ˜€ğ—¼ ğ—±ğ—² ğ—²ğ˜€ğ—°ğ—¼ğ—¹ğ—µğ—® ğ—±ğ—² ğ—±ğ—¶ğ—¿ğ—²ğ˜ğ—¼ğ—¿ğ—²ğ˜€ ğ—±ğ—®ğ˜€ ğ˜‚ğ—»ğ—¶ğ—±ğ—®ğ—±ğ—²ğ˜€ ğ—²ğ˜€ğ—°ğ—¼ğ—¹ğ—®ğ—¿ğ—²ğ˜€ ğ˜ğ—²ğ—¿ğ—®Ì ğ—»ğ—¼ğ˜ƒğ—¼ğ˜€ ğ—°ğ—¿ğ—¶ğ˜ğ—²Ìğ—¿ğ—¶ğ—¼ğ˜€ ğ—±ğ—² ğ—®ğ˜ƒğ—®ğ—¹ğ—¶ğ—®ğ—°Ì§ğ—®Ìƒğ—¼
A Secretaria Municipal da EducaÃ§Ã£o vai encaminhar Ã  CÃ¢mara de Vereadores um projeto de lei que acrescenta dispositivos ao processo de escolha e exercÃ­cio do mandato dos diretores das unidades escolares da rede pÃºblica. O texto foi apresentado para ComissÃ£o de GestÃ£o do Plano de cargos, carreira e remuneraÃ§Ã£o do MagistÃ©rio pÃºblico municipal, Conselho Municipal de EducaÃ§Ã£o e FÃ³rum Municipal da EducaÃ§Ã£o e o CACS-FUNDEB. 

A proposta Ã© que os interessados passem por avaliaÃ§Ã£o de mÃ©rito e desempenho, de carÃ¡ter eliminatÃ³rio, antes da consulta pÃºblica, onde a comunidade escolar escolhe o gestor de determinada escola ou Cemei (Centro Municipal de EducaÃ§Ã£o Infantil). 

A avaliaÃ§Ã£o consiste na participaÃ§Ã£o de um curso de formaÃ§Ã£o de gestores, ofertado pela Secretaria da EducaÃ§Ã£o, na aprovaÃ§Ã£o em prova escrita de questÃµes objetivas e subjetivas com alcance da nota de corte, e na apresentaÃ§Ã£o de um plano de gestÃ£o. 

Os interessados que obtiverem frequÃªncia mÃ­nima de 80% no curso preparatÃ³rio e atingirem a pontuaÃ§Ã£o mÃ­nima de 70% na prova escrita, serÃ£o considerados aprovados e poderÃ£o concorrer ao cargo. A Secretaria da EducaÃ§Ã£o serÃ¡ responsÃ¡vel por divulgar a listagem de todos os candidatos aprovados. 

Os novos critÃ©rios para a escolha dos diretores consideram a Lei Federal nÂº 14.113/2020, que instituiu o FUNDEB. 

A regulamentaÃ§Ã£o proposta que serÃ¡ enviada Ã  CÃ¢mara de Vereadores Ã© necessÃ¡ria para garantir a plenitude no recebimento de recursos conforme prevÃª a norma legal nacional. Segundo a secretÃ¡ria de EducaÃ§Ã£o Josiane Hoger â€œPrecisamos cumprir essa condicionante para que o municÃ­pio passe a receber o valor aluno ano resultado (VAAR)â€.

O municÃ­pio terÃ¡ atÃ© 15 de setembro para enviar a lei aprovada ao SIMEC, Sistema Integrado de Monitoramento, ExecuÃ§Ã£o e Controle do MinistÃ©rio da EducaÃ§Ã£o.",,20
CÃ©u Azul,PR,Post,2022-08-19 17:55:05,ceuazulprefeitura,"ğ—¡ğ—¼ ğ—šğ—®ğ—¯ğ—¶ğ—»ğ—²ğ˜ğ—²
O prefeito Laurindo Sperotto recebeu no Gabinete nesta tarde de sexta-feira o diretor-presidente da Lar Cooperativa Irineo da Costa Rodrigues.
Na visita de cortesia diversos assuntos de interesse da Cooperativa e MunicÃ­pio foram discutidos.",,14
CÃ©u Azul,PR,Post,2022-08-19 17:21:20,ceuazulprefeitura,AtualizaÃ§Ã£o Boletim,,3
CÃ©u Azul,PR,Post,2022-08-18 19:17:36,ceuazulprefeitura,AtualizaÃ§Ã£o Boletim,,3
CÃ©u Azul,PR,Post,2022-08-18 13:00:05,ceuazulprefeitura,"ğ—–ğ—²Ìğ˜‚ ğ—”ğ˜‡ğ˜‚ğ—¹ ğ—²Ì ğ—±ğ—²ğ˜€ğ˜ğ—®ğ—¾ğ˜‚ğ—² ğ—»ğ—® ğ—°ğ—¼ğ—¹ğ—²ğ˜ğ—® ğ—±ğ—² ğ—¿ğ—²ğ—°ğ—¶ğ—°ğ—¹ğ—®Ìğ˜ƒğ—²ğ—¶ğ˜€
No Ãºltimo dia 10 de agosto aconteceu no auditÃ³rio da UNIVEL em Cascavel, o Encontro de FormaÃ§Ã£o de TÃ©cnicos dos BarracÃµes de Unidades de Valores de Reciclados (UVR).

CÃ©u Azul esteve representado pelo tÃ©cnico da UVR, Ãlvaro Rodrigues. 
Na oportunidade, a equipe de GestÃ£o de ResÃ­duos da ITAIPU, fez um panorama do serviÃ§o de gestÃ£o de resÃ­duos da regiÃ£o e os novos desafios a serem alcanÃ§ados.

CÃ©u Azul ficou em 3Âº lugar no potencial de geraÃ§Ã£o de resÃ­duos reciclÃ¡veis do municÃ­pio (PTG), e em 2Âº Lugar de produtividade referente a quantas toneladas cada catador tria por mÃªs. O municÃ­pio de CÃ©u Azul atingiu mais de 100% de produtividade, se destacando entre um dos melhores da regiÃ£o.

Nosso potencial de reciclagem Ã© de 57,35 toneladas por mÃªs e dessa meta reciclamos e comercializamos 55,23 toneladas. Em um ano foram comercializadas 828,38 toneladas, chegando a 96,29% do potencial de reciclagem. 

No evento, o TÃ©cnico Ãlvaro Rodrigues da Secretaria de Agricultura recebeu os cumprimentos da equipe da ITAIPU Binacional.

A participaÃ§Ã£o dos cidadÃ£os na separaÃ§Ã£o domiciliar do material reciclÃ¡vel do lixo orgÃ¢nico Ã© fundamental para melhorarmos ainda mais estes nÃºmeros, e seguirmos avanÃ§ando na correta destinaÃ§Ã£o de resÃ­duos.",,25
CÃ©u Azul,PR,Post,2022-08-17 14:23:17,ceuazulprefeitura,AtualizaÃ§Ã£o Boletim,,2
CÃ©u Azul,PR,Post,2022-08-16 21:00:07,ceuazulprefeitura,"COLETA DE RESÃDUOS ORGÃ‚NICOS TERÃ NOVA ESCALA DE TRABALHO

A partir do mÃªs de setembro o serviÃ§o de coleta de lixo orgÃ¢nico estarÃ¡ passando por novo sistema de rodÃ­zio em CÃ©u Azul.
O centro da cidade compreendido entre as ruas Terezina e BarÃ£o do Rio Branco e Avenida Nilo Bazzo e Rua Arnaldo Busato, terÃ¡ o recolhimento sendo feito diariamente, visando atender principalmente os restaurantes e comÃ©rcio.
Os demais pontos do centro e bairros passarÃ£o a ter a recolha do lixo orgÃ¢nico acontecendo dia sim, dia nÃ£o.",,12
CÃ©u Azul,PR,Comentario,2022-08-18 03:57:32,claudiomiralvesdelima,,ğŸ‘,
CÃ©u Azul,PR,Post,2022-08-16 19:37:08,ceuazulprefeitura,AtualizaÃ§Ã£o Boletim,,5
CÃ©u Azul,PR,Post,2022-08-16 18:00:49,ceuazulprefeitura,"ğ—–ğ—¼ğ—¼ğ—½ğ—®ğ˜ƒğ—²ğ—¹ ğ—·ğ—®Ì ğ—½ğ—¿ğ—²ğ—½ğ—®ğ—¿ğ—® ğ—® ğ—²ğ—±ğ—¶ğ—°Ì§ğ—®Ìƒğ—¼ ğ—±ğ—² ğŸ®ğŸ¬ğŸ®ğŸ® ğ—±ğ—¼ ğ—¦ğ—µğ—¼ğ˜„ ğ—¥ğ˜‚ğ—¿ğ—®ğ—¹ ğ—±ğ—² ğ—œğ—»ğ˜ƒğ—²ğ—¿ğ—»ğ—¼
O gerente da Coopavel de CÃ©u Azul Cleverton Galon e a sub-gerente Fabiana Kaninoski estiveram no Gabinete na manhÃ£ desta terÃ§a-feira, entregando nas mÃ£os do prefeito Laurindo Sperotto o convite para o Show Rural Coopavel de Inverno.

O evento acontecerÃ¡ de 23 a 25 de agosto, com abertura de visitaÃ§Ãµes diariamente Ã s 9h30. Grupos de cooperados e produtores rurais conhecerÃ£o novidades Ã s culturas de inverno em visitas dirigidas de manhÃ£ e Ã  tarde.
â€œEmbora jovem, a ediÃ§Ã£o de inverno mostra o potencial das culturas agrÃ­colas indicadas para os meses mais frios do ano. A tecnologia e a pesquisa avanÃ§aram muito nos Ãºltimos tempos e investir nessas alternativas se transforma em um bom negÃ³cio ao produtor ruralâ€, destaca o presidente da Coopavel, Dilvo Grolli.
Quinze empresas vÃ£o participar da ediÃ§Ã£o de inverno. â€œSÃ£o companhias referÃªncias em cultivares e insumos para esses plantios, que a cada ano ganham mais espaÃ§o e destaque nas mais diferentes regiÃµes do ParanÃ¡â€, segundo o coordenador geral o evento o engenheiro agrÃ´nomo RogÃ©rio Rizzardi. â€œEstamos animados porque os visitantes terÃ£o acesso ao melhor em tecnologias e em informaÃ§Ãµes para produzir mais, melhor e com o mÃ¡ximo em resultadosâ€.

ğ—–ğ˜‚ğ—¹ğ˜ğ—¶ğ˜ƒğ—®ğ—¿ğ—²ğ˜€
A grande atraÃ§Ã£o do Show Rural Coopavel de Inverno serÃ£o as cultivares de trigo, algumas com produtividade superior aos seis mil quilos por hectare. Quem visitar o parque de 23 a 25 de agosto tambÃ©m verÃ¡ o melhor em aveia, triticale e plantas de cobertura. A Coopavel farÃ¡, durante o evento, campanha especial de vendas para a safra de trigo de 2023.

Fonte: Ass. Coopavel",,60
CÃ©u Azul,PR,Post,2022-08-16 16:57:08,ceuazulprefeitura,"ğŸ®ğŸ¯Âª ğ—–ğ—¼ğ—½ğ—® ğ—¢ğ—²ğ˜€ğ˜ğ—² ğ—±ğ—² ğ—©ğ—¼ğ—¹ğ—²ğ—¶ğ—¯ğ—¼ğ—¹ ğ— ğ—®ğ˜€ğ—°ğ˜‚ğ—¹ğ—¶ğ—»ğ—¼
A Copa Oeste de Voleibol Masculino movimentou o Ivar Ranzi no Ãºltimo final de semana. CÃ©u azul respirou Voleibol de 12 a 14 de agosto, na 3Âª etapa da 23Âª Copa Oeste de Voleibol Masculino, com jogos de alto nÃ­vel tÃ©cnico e com fortes equipes que atuam no cenÃ¡rio estadual! 

De acordo com o Professor Juliano Franceschini, tÃ©cnico da equipe de CÃ©u Azul e coordenador na etapa, foram jogos muito disputados, onde recebemos equipes fortes e experientes!
""Nossa meta nessa competiÃ§Ã£o Ã© preparar a equipe para os jogos oficiais do ParanÃ¡, sabemos da dificuldade de enfrentar equipes desse porte, mas a nossa prioridade Ã© a bagagem e ritmo de jogo que a copa nos proporciona"", afirmou. 

A Equipe de CÃ©u azul/Sicredi ficou em 5Âº lugar na etapa. A equipe realizou jogos brilhantes, apresentando muito volume de jogo e empolgando quem estava na torcida.

Franceschini tambÃ©m lembra que a participaÃ§Ã£o nessa competiÃ§Ã£o sÃ³ Ã© possÃ­vel pelo apoio voltado ao esporte da nossa administraÃ§Ã£o municipal, atravÃ©s do prefeito Laurindo Sperotto e gestores da Secretaria de Esporte JoÃ£o Gilberto CorrÃªa e Tiago de Barba, que sempre incentivam a prÃ¡tica de esportes em nosso municÃ­pio. 

â€œTambÃ©m agradecer aos Pais dos atletas que fizeram-se presentes nos jogos vibrando e torcendo juntos, e finalizando, agradecer ao nosso patrocinador Sicredi, sempre acreditando no poder transformador do esporteâ€.

Na primeira colocaÃ§Ã£o ficou Foz do IguaÃ§u, na segunda colocaÃ§Ã£o Cascavel e na terceira colocaÃ§Ã£o Toledo.",,46
CÃ©u Azul,PR,Post,2022-08-16 14:27:13,ceuazulprefeitura,"ğ—©ğ—¼ğ—¹ğ—²ğ—¶ğ—¯ğ—¼ğ—¹ ğ—³ğ—²ğ—ºğ—¶ğ—»ğ—¶ğ—»ğ—¼
ğ–¯ğ–ºğ—ğ—‹ğ—ˆğ–¼ğ—‚ğ—‡ğ–ºğ–½ğ—ˆğ—‹ğ–º ğ–½ğ–º ğ–¢ğ—ˆğ—‰ğ–º ğ–¨ğ—‡ğ—ğ–¾ğ—€ğ—‹ğ–ºğ–¼Ì§ğ–ºÌƒğ—ˆ, ğ–¾ğ—‡ğ—ğ—‹ğ–¾ğ—€ğ–º ğ—ğ—‡ğ—‚ğ–¿ğ—ˆğ—‹ğ—†ğ–¾ğ—Œ de passeio ğ—‰ğ–ºğ—‹ğ–º ğ–¾ğ—Šğ—ğ—‚ğ—‰ğ–¾ ğ–½e ğ–¢ğ–¾Ìğ— ğ– ğ—“ğ—ğ—…

A equipe de voleibol feminino de CÃ©u Azul recebeu nesta segunda-feira (15), seu uniforme de passeio oferecido pela COPEL, patrocinadora da 26Âª Copa IntegraÃ§Ã£o. As camisetas foram entregues pelo professor Ademir Martelli, tÃ©cnico da equipe. Todas as demais equipes participantes tambÃ©m foram presenteadas. 

CÃ©u Azul estÃ¡ participando da Copa IntegraÃ§Ã£o de Voleibol Feminino que acontece a 26 anos e este, Ã© o primeiro ano com o apoio da Companhia Paranaense de Energia, por meio do Programa Estadual de Fomento e Incentivo ao Esporte (Proesporte) do Governo do ParanÃ¡.

Neste Ãºltimo final de semana CÃ©u Azul sediou a 4Âª etapa da Copa IntegraÃ§Ã£o. O voleibol feminino venceu duas disputas das quatro que participou. 

O tÃ©cnico Ademir Martelli, coordenador da etapa, que foi organizada pela Secretaria de Esportes de CÃ©u Azul, em parceria com AssociaÃ§Ã£o Ceuazulense de Voleibol (ACV), destacou o equilÃ­brio da etapa, somada a boa participaÃ§Ã£o de pÃºblico no ginÃ¡sio do ColÃ©gio Monteiro Lobato. 
â€œTivemos Ã³timos confrontos e isso tudo foi abrilhantado pela presenÃ§a dos alunos do colÃ©gio na sexta-feira e pela comunidade em geral no sÃ¡bado e domingo. Ã‰ importante destacar tambÃ©m os esforÃ§os da diretora do ColÃ©gio Monteiro Lobato, Liliane Blauth BaÃº, do SecretÃ¡rio de Esportes JoÃ£o Gilberto CorrÃªa, do diretor de esportes Tiago de Barba, bem como do prefeito Laurindo Sperotto, que Ã© um grande incentivador do esporte local e ao nosso parceiro/patrocinador Sicredi por estar sempre apoiando o nosso voleibolâ€, destaca o treinador.",,114
CÃ©u Azul,PR,Post,2022-08-16 11:13:48,ceuazulprefeitura,SÃ¡bado Ã© o dia D da VacinaÃ§Ã£o,,3
CÃ©u Azul,PR,Post,2022-08-15 19:14:58,ceuazulprefeitura,Prossegue a Campanha de VacinaÃ§Ã£o,,5
CÃ©u Azul,PR,Post,2022-08-15 13:54:52,ceuazulprefeitura,"ğ—£ğ—®ğ˜ƒğ—¶ğ—ºğ—²ğ—»ğ˜ğ—®ğ—°Ì§ğ—®Ìƒğ—¼
Na manhÃ£ desta segunda-feira o prefeito Laurindo Sperotto esteve acompanhado do secretÃ¡rio de Agricultura Gilmar BaÃº, em visita Ã s obras de pavimentaÃ§Ã£o poliÃ©drica na localidade da Picada Benjamim. O trecho terÃ¡ 3.504 m2 de pavimento e investimento de R$ 167.188,16.",,22
CÃ©u Azul,PR,Post,2022-08-15 11:12:17,ceuazulprefeitura,AtualizaÃ§Ã£o Boletim,,5
CÃ©u Azul,PR,Post,2022-08-14 09:00:09,ceuazulprefeitura,"A AdministraÃ§Ã£o Municipal em nome do prefeito Laurindo Sperotto, deseja a todos os pais, um feliz e abenÃ§oado dia ğŸ™",,2
CÃ©u Azul,PR,Post,2022-08-12 14:54:05,ceuazulprefeitura,AtualizaÃ§Ã£o Boletim,,5
CÃ©u Azul,PR,Post,2022-08-12 13:34:47,ceuazulprefeitura,"LÍEÍDÍ
Nova iluminaÃ§Ã£o LED segue sendo instalada em CÃ©u Azul. A diferenÃ§a de luminosidade nos setores jÃ¡ implantados chama a atenÃ§Ã£o.",,91
CÃ©u Azul,PR,Comentario,2022-08-12 15:56:21,micheliadriantunes,,"ParabÃ©ns prefeito e administraÃ§Ã£o Municipal pela iniciativa, a nossa cidade merece.ğŸ‘ğŸ‘ğŸ‘",
CÃ©u Azul,PR,Comentario,2022-08-12 16:57:49,josedutradacosta,,"muito bom melhorou muito iluminaÃ§Ã£o vai ficar bom naquele rua bolÃ£o muito escuro la ,talvez  precisava tambÃ©m mais uns postes ğŸ™ŒğŸ‘ğŸ‘",
CÃ©u Azul,PR,Comentario,2022-08-12 18:42:25,carolpisarro,,ğŸ‘ğŸ‘ğŸ‘,
CÃ©u Azul,PR,Comentario,2022-08-13 02:56:06,jonimarjung,,ParabÃ©ns Prefeito! Laurindo! iluminaÃ§Ã£o PÃºblica Ã© Custeio  com arrecadaÃ§Ã£o e assim fazer melhorias e economias  para populaÃ§Ã£o em geral ğŸ‘ğŸ‘ğŸ‘ğŸ‘,
CÃ©u Azul,PR,Post,2022-08-11 17:23:29,ceuazulprefeitura,AtualizaÃ§Ã£o Boletim,,3
CÃ©u Azul,PR,Post,2022-08-11 11:47:06,ceuazulprefeitura,HOJE VacinaÃ§Ã£o COVID-19,,4
CÃ©u Azul,PR,Post,2022-08-10 19:26:02,ceuazulprefeitura,"ğ—§ğ—¥ğ—˜ğ—œğ—¡ğ—”ğ— ğ—˜ğ—¡ğ—§ğ—¢ 
ğ—¡ğ—¼ğ˜ƒğ—¼ ğ˜€ğ—¶ğ˜€ğ˜ğ—²ğ—ºğ—® ğ—±ğ—² ğ—¿ğ—®ğ˜€ğ˜ğ—¿ğ—²ğ—®ğ—ºğ—²ğ—»ğ˜ğ—¼ ğ—±ğ—® ğ—³ğ—¿ğ—¼ğ˜ğ—®
Promovido pela secretaria de AdministraÃ§Ã£o, aconteceu nesta quarta-feira (09) um treinamento dos servidores (um representante de cada secretaria), para conhecer as funcionalidades do novo sistema de rastreamento da frota municipal. 

O novo modelo Ã© oriundo dos serviÃ§os da licitaÃ§Ã£o nÂ° 077/2022, dentre os quais estÃ¡ a prestaÃ§Ã£o de serviÃ§os de rastreamento e monitoramento de veÃ­culos via satÃ©lite por GPS/GSM/GPRS, compreendendo a instalaÃ§Ã£o de mÃ³dulos (equipamentos) rastreadores e a disponibilizaÃ§Ã£o de software de gerenciamento com acesso via Web, em comodato, para gestÃ£o da frota da Prefeitura Municipal. 

TambÃ©m Ã© incluso no sistema o fornecimento de componentes e licenÃ§a de uso de software em comodato, e os respectivos serviÃ§os de instalaÃ§Ã£o, configuraÃ§Ã£o, capacitaÃ§Ã£o e suporte tÃ©cnico e garantia de funcionamento, alÃ©m de aquisiÃ§Ã£o de equipamentos de rastreamento veicular que atenderÃ¡ diversas secretarias municipais.",,9
CÃ©u Azul,PR,Post,2022-08-10 18:09:56,ceuazulprefeitura,AtualizaÃ§Ã£o Boletim,,5
CÃ©u Azul,PR,Post,2022-08-10 12:04:13,ceuazulprefeitura,"ğ—–ğ—®ğ—ºğ—½ğ—®ğ—»ğ—µğ—® ğ—¡ğ—®ğ—°ğ—¶ğ—¼ğ—»ğ—®ğ—¹ ğ—±ğ—² ğ—©ğ—®ğ—°ğ—¶ğ—»ğ—®ğ—°Ì§ğ—®Ìƒğ—¼
A Campanha Nacional de VacinaÃ§Ã£o contra a Poliomielite e MultivacinaÃ§Ã£o acontece atÃ© o dia 9 setembro nas salas de vacinas das Unidades de SaÃºde Central e do IguaÃ§u, das 07:30h Ã s 11:30h e das 13h Ã s 17h.
PopulaÃ§Ã£o-alvo da campanha contra a poliomielite e multivacinaÃ§Ã£o:
CrianÃ§as de 1 ano a menor que 5 anos - todas tomam a vacina da Poliomielite.
HaverÃ¡ tambÃ©m MultivacinaÃ§Ã£o para as crianÃ§as menores de um ano de idade (atÃ© 11 meses e 29 dias) e adolescentes menores de 15 anos. 
ğ—¢ğ—¯ğ—·ğ—²ğ˜ğ—¶ğ˜ƒğ—¼
AlcanÃ§ar cobertura vacinal igual ou maior que 95% para a vacina poliomielite na faixa etÃ¡ria de um a menores de 5 anos de idade, alÃ©m de reduzir o nÃºmero de nÃ£o vacinados de crianÃ§as e adolescentes menores de 15 anos de idade e melhorar as coberturas vacinais, conforme o CalendÃ¡rio Nacional de VacinaÃ§Ã£o.",,2
CÃ©u Azul,PR,Post,2022-08-09 16:49:54,ceuazulprefeitura,AtualizaÃ§Ã£o Boletim,,5
CÃ©u Azul,PR,Post,2022-08-08 17:26:26,ceuazulprefeitura,Vagas disponÃ­veis na AgÃªncia do Trabalhador,,10
CÃ©u Azul,PR,Post,2022-08-06 12:52:16,ceuazulprefeitura,AtualizaÃ§Ã£o Boletim,,2
CÃ©u Azul,PR,Post,2022-08-05 13:29:08,ceuazulprefeitura,AtualizaÃ§Ã£o Boletim,,0
CÃ©u Azul,PR,Post,2022-08-04 20:31:29,ceuazulprefeitura,Informe-se na escola LeÃ´ncio Correia,,2
CÃ©u Azul,PR,Post,2022-08-04 18:50:08,ceuazulprefeitura,"ğ—¢ğ—³ğ—¶ğ—°ğ—¶ğ—»ğ—®ğ˜€ ğ—±ğ—² ğ—”ğ—¿ğ˜ğ—² ğ—–ğ—¶ğ—¿ğ—°ğ—²ğ—»ğ˜€ğ—²
Fazendo parte dos serviÃ§os de convivÃªncia e fortalecimento de vÃ­nculos desenvolvido pelo CRAS, todas as segundas-feiras acontecem as oficinas de artes circenses coordenadas pela professora Alice Carine Dias.
As aulas sÃ£o realizadas no pavilhÃ£o do Centro ComunitÃ¡rio do Bairro SÃ£o Lucas.

Mais informaÃ§Ãµes no CRAS pelos telefones: 3121-1088 / 98806-0304",,39
CÃ©u Azul,PR,Comentario,2022-08-05 10:53:58,miriancrisromani,,@suelen.romani.7,
CÃ©u Azul,PR,Post,2022-08-04 17:30:05,ceuazulprefeitura,AtualizaÃ§Ã£o Boletim,,5
CÃ©u Azul,PR,Post,2022-08-04 16:48:30,ceuazulprefeitura,"ğ—”ğ—´ğ—¼ğ˜€ğ˜ğ—¼ ğ—Ÿğ—¶ğ—¹ğ—®Ìğ˜€: ğ—ºğ—²Ì‚ğ˜€ ğ—±ğ—² ğ—°ğ—¼ğ—»ğ˜€ğ—°ğ—¶ğ—²ğ—»ğ˜ğ—¶ğ˜‡ğ—®ğ—°Ì§ğ—®Ìƒğ—¼ ğ—»ğ—®ğ—°ğ—¶ğ—¼ğ—»ğ—®ğ—¹ ğ—½ğ—²ğ—¹ğ—¼ ğ—³ğ—¶ğ—º ğ—±ğ—® ğ˜ƒğ—¶ğ—¼ğ—¹ğ—²Ì‚ğ—»ğ—°ğ—¶ğ—® ğ—°ğ—¼ğ—»ğ˜ğ—¿ğ—® ğ—® ğ—ºğ˜‚ğ—¹ğ—µğ—²ğ—¿
Com base na lei estadual 19.972/2019, aprovada na Assembleia Legislativa do ParanÃ¡, a primeira semana de agosto Ã© dedicada Ã s aÃ§Ãµes de prevenÃ§Ã£o, conscientizaÃ§Ã£o e enfrentamento Ã  violÃªncia contra a mulher. As estatÃ­sticas poderiam ser ainda mais preocupantes, nÃ£o fosse a Lei Maria da Penha, em vigor desde 2006.

Em todo o ParanÃ¡, sÃ£o perto de 30 mil mulheres com medidas protetivas de urgÃªncia aplicadas pela JustiÃ§a. JÃ¡ no Brasil, a cada hora 500 mulheres sÃ£o alvo de algum tipo de abuso. Os dados revelam a necessidade e importÃ¢ncia de intensificar as aÃ§Ãµes para mitigar esses nÃºmeros. 

ğ—–ğ—²Ìğ˜‚ ğ—”ğ˜‡ğ˜‚ğ—¹
Criada pela resoluÃ§Ã£o nÂº 002/2022, a Procuradoria da Mulher em CÃ©u Azul, Ã© representada pela Procuradora Especial, Maria Margareth Alves.

#ğ—¦ğ—¶ğ—´ğ—»ğ—®ğ—¹ğ—™ğ—¼ğ—¿ğ—›ğ—²ğ—¹ğ—½ (ğ—£ğ—¿ğ—²ğ—°ğ—¶ğ˜€ğ—¼ ğ—±ğ—² ğ—®ğ—·ğ˜‚ğ—±ğ—®)
Um gesto tÃ£o simples como abrir a palma da mÃ£o e esconder o polegar sob os dedos pode salvar uma vida.  Ele foi criado por uma ONG de proteÃ§Ã£o a mulheres no CanadÃ¡. O gesto Ã© feito em trÃªs etapas: a vÃ­tima levanta a mÃ£o com a palma voltada para fora, depois dobra o polegar e, por fim, fecha os outros dedos sobre ele, encapsulando-o para se referir a â€œsentir-se preso ou confinadoâ€.
A palma da mÃ£o deve apontar para a pessoa a quem se pede ajuda.",,7
CÃ©u Azul,PR,Post,2022-08-03 14:26:07,ceuazulprefeitura,AtualizaÃ§Ã£o Boletim,,4
