Ijui,RS,Post,2022-09-16 12:02:41,prefeituradeijui,"Ponto Facultativo!
Segunda-feira, 19, √≥rg√£os p√∫blicos municipais ter√£o ponto facultativo

Na pr√≥xima segunda-feira, 19, ser√° de ponto facultativo nos √≥rg√£os p√∫blicos municipais. N√£o haver√° atendimento na Prefeitura, Secretarias e Postos de Sa√∫de. O atendimento ser√° retomado normalmente na quarta-feira, 21, ap√≥s o Feriado Farroupilha. A UPA e o CT ter√£o atendimento normal.",,22
Ijui,RS,Post,2022-09-16 12:01:01,prefeituradeijui,"Evento Regional
Feira da Primavera acontece neste final de semana

Acontece neste final de semana a Feira Regional da Primavera, na Pra√ßa da Rep√∫blica, no centro de Iju√≠. O evento inicia √†s 9h de s√°bado e se estende at√© √†s 19h de domingo. Est√£o confirmados cerca de 100 feirantes de diversas cidades da regi√£o que ir√£o participar do evento. A Feita da Primavera √© realizada em parceria da ABRIQ - Associa√ß√£o dos Artes√£os do Brique da Pra√ßa e SMECT.",,69
Ijui,RS,Post,2022-09-16 11:59:20,prefeituradeijui,"Oportunidade de qualifica√ß√£o profissional!
Curso de Mec√¢nica de Refrigera√ß√£o Dom√©stica inicia na pr√≥xima semana

Na pr√≥xima semana inicia o primeiro curso em parceria do Qualifica+Iju√≠ em parceria com o SENAI. No dia 21 inicia o curso de Mec√¢nica de Refrigera√ß√£o dom√©stica, com dura√ß√£o de 40 horas, com aulas de ter√ßa, quarta e quinta feiras, das 13h30 √†s 17h30, com dura√ß√£o total de 40h. Para se inscrever os interessados devem procurar o setor de Desenvolvimento Econ√¥mico, junto ao Sine. Para mais informa√ß√µes os interessados podem ligar para o telefone 3332 7555.",,4
Ijui,RS,Post,2022-09-16 11:58:21,prefeituradeijui,"Drenagem no Osvaldo Aranha!
Servi√ßo de cal√ßamento ser√° iniciado ap√≥s finaliza√ß√£o da etapa de drenagem.

A Secretaria de Obras, atrav√©s da equipe de saneamento finalizou o servi√ßo de drenagem no bairro Osvaldo Aranha. A partir de agora ser√° iniciada a recomposi√ß√£o de cal√ßamento e entregue a via pronta para a comunidade. ‚ÄúEstamos com v√°rias frentes de servi√ßo, a popula√ß√£o j√° come√ßa a notar a diferen√ßa. ""Temos consci√™ncia dos transtornos principalmente no transito em decorr√™ncia das obras‚Äù, comentou F√°bio Franzen, secret√°rio da SMODUTRAN.",,8
Ijui,RS,Post,2022-09-16 11:56:54,prefeituradeijui,"Tecnologia para a sa√∫de!
UBS e agentes comunit√°rios recebem aparelhos celulares

Em evento realizado na tarde de quinta-feira, 15, foram entregues aparelhos celulares para as Unidades B√°sicas de Sa√∫de e agentes comunit√°rios de Iju√≠. A cerim√¥nia ocorreu no Sal√£o Farroupilha com a presen√ßa do prefeito Andrei Cossetin e o secret√°rio de Sa√∫de M√°rcio Strassburger, que realizaram a entrega dos aparelhos. ‚Äú√â um investimento que fizemos na sa√∫de p√∫blica, um instrumento de trabalho que vai melhorar e agilizar o atendimento para a popula√ß√£o‚Äù, explicou o prefeito.",,123
Ijui,RS,Post,2022-09-16 11:53:23,prefeituradeijui,"Farm√°cia vai √† escola!
Estudantes recebem orienta√ß√µes sobre uso racional e descarte correto de medicamentos
O Programa Farm√°cia Vai √† Escola desenvolvido pela assist√™ncia farmac√™utica do munic√≠pio com apoio da SMS e SMEd aborda o uso racional e descarte correto de medicamentos, assim como o acesso ao servi√ßo da assist√™ncia farmac√™utica. O projeto piloto foi desenvolvido com estudantes das escolas Amazonas e Eug√™nio Storch, do 8¬∫ e 5¬∫ ano, respectivamente. J√° foi realizado tamb√©m a capacita√ß√£o para os professores das escolas e, agora, a a√ß√£o com as crian√ßas. Ainda ser√° desenvolvido o projeto com toda comunidade escolar e a previs√£o √© de estender para as demais escolas do munic√≠pio",,19
Ijui,RS,Post,2022-09-15 13:49:58,prefeituradeijui,"Mutir√£o de limpeza!
Prefeito Andrei Cossetin acompanha trabalhos realizados no bairro Get√∫lio Vargas

O prefeito Andrei Cossetin esteve no bairro Get√∫lio Vargas na manh√£ desta quinta-feira, 15, acompanhando o Mutir√£o de Limpeza que est√° sendo realizado no bairro. O secret√°rio da Smodutran F√°bio Franzen coordenou os trabalhos realizados no local, onde diversas ruas, locais de passeio p√∫blico e terrenos receberam a limpeza e, na sequ√™ncia, ruas do bairro tamb√©m receber√£o asfaltamento. Na oportunidade, o prefeito tamb√©m conversou com os moradores do bairro. ‚ÄúEstamos realizando um belo trabalho aqui, vamos dar outra cara para o bairro com a limpeza e asfaltamento das vias, melhorando a qualidade de vida da popula√ß√£o e tamb√©m valorizando esta √°rea da cidade‚Äù, explicou Cossetin.",,112
Ijui,RS,Comentario,2022-09-15 14:03:15,alee_mews,,üëèüëè,
Ijui,RS,Post,2022-09-15 13:12:43,prefeituradeijui,"Bola na rede!
Domingo tem rodada do Campeonato Amador

Neste domingo, 18, ocorre mais uma rodada do Campeonato Amador de Futebol de Iju√≠. Os confrontos ocorrem a partir das 9h no campo do Rinc√£o dos G√≥i e a partir das 13h30 no campo da Imasa.
No Rinc√£o dos G√≥i se enfrentam √†s 9h, River e Vasco e a partir das 13h30, Juventude de Rinc√£o dos G√≥i contra Santa Cruz e na sequ√™ncia Botafogo e Amigos do Bairro S√£o Paulo. J√° no Campo da Imasa a partir das 13h30 jogam Flamengo da Linha 4 contra o Guarani e Resenha enfrenta o Amigos da Vila Nova.",,4
Ijui,RS,Post,2022-09-15 12:35:08,prefeituradeijui,"Letramento digital!
SMEd avan√ßa no uso de recursos tecnol√≥gicos

No ano de 2021 e no transcorrer de 2022 a Secretaria Municipal de Educa√ß√£o proporcionou um grande avan√ßo com recursos tecnol√≥gicos para complementar as t√©cnicas e as metodologias dos professores da Rede Municipal de Ensino. O Letramento Digital est√° dispon√≠vel no site da Secretaria Municipal de Educa√ß√£o, e no primeiro semestre de 2022 foi estabelecida uma agenda de Assessorias Tecnol√≥gicas com as escolas. A demanda e a procura das escolas pela Assessoria Tecnol√≥gica foi grande, a SMEd far√° a forma√ß√£o trilhas pedag√≥gicas para forma√ß√£o continuada em tecnologias de diferentes ferramentas tecnol√≥gicas aos professores no formato de webinar, que ser√° transmitido pelo canal da SMEd no Youtube para que os mesmos possam acompanhar e assistir novamente quantas vezes for necess√°rio, com chat ao vivo para responder √†s d√∫vidas dos professores. 

Para saber mais acesse:
https://www.smedijui.com/2021/02/trilhas-pedagogicas-para-formacao.html",,12
Ijui,RS,Post,2022-09-15 12:31:40,prefeituradeijui,"Estradas recuperadas!
Linhas 7 e 8 norte recebem melhorias nas estradas

A Secretaria de Desenvolvimento Rural est√° atuando nas estradas das Linhas 7 e 8 Norte. No local est√° sendo realizado trabalhos de patrolamento, cascalhamento e alargamento das vias, possibilitando aos agricultores melhorias no deslocamento entre as localidades e tamb√©m facilidade de tr√¢nsito de ve√≠culos pesados. ‚ÄúEstamos com v√°rias frentes de trabalho com as m√°quinas atendendo as demandas do interior, aproveitamos os dias de tempo bom para resolvermos os problemas de diversos pontos no interior‚Äù, explicou o secret√°rio da pasta, Daniel Claudy.",,22
Ijui,RS,Post,2022-09-14 12:51:35,prefeituradeijui,"Troca de Uniformes!
Uniformes poder√£o ser trocados no pr√©dio da SMEd.
A Secretaria Municipal de Educa√ß√£o ir√° atender a troca de uniformes no pr√©dio da secretaria a partir de segunda-feira (19). O atendimento estava sendo realizado no Quiosque da pra√ßa da Rep√∫blica. ‚ÄúN√£o h√° mais essa necessidade, pois o fluxo diminuiu bastante, conseguimos atender direto na secretaria a partir de agora‚Äù, informou Luciana Deutchmann, adjunta da pasta.",,35
Ijui,RS,Post,2022-09-14 12:36:52,prefeituradeijui,"Acesa a Chama!
Iniciada a Semana Farroupilha em Iju√≠

Em cerim√¥nia realizada na Pra√ßa da Rep√∫blica, ao final da tarde de ter√ßa, 13, foi acesa a Chama Crioula e iniciada a Semana Farroupilha em Iju√≠. O Tema dos festejos Farroupilha deste ano √© ‚ÄúEtnias do Ga√∫cho: Rio Grande, Terra de muitas Terras‚Äù. O desfile de 20 de setembro acontece na rua Benjamin Constant, √†s 9h.",,61
Ijui,RS,Post,2022-09-14 12:35:41,prefeituradeijui,"Inscri√ß√µes abertas!
Curso de Corte e Costura tem 12 vagas abertas

Nesta quinta-feira, 15, iniciam as inscri√ß√µes para Curso de Introdu√ß√£o ao Corte e Costura. Ser√£o disponibilizadas 12 vagas. O Curso ser√° realizado no CRAS Gl√≥ria, uma parceria do Qualifica+Iju√≠ com SENAR e Sindicato Rural e Patronal de Iju√≠. Interessados devem ter mais de 18 anos, possuir cadastro √∫nico, disponibilidade para o dia todo. Data do curso: 27 √° 30 setembro (manh√£ e tarde).",,6
Ijui,RS,Post,2022-09-14 12:34:45,prefeituradeijui,"Meia entrada!
Jovens de baixa renda podem se cadastrar no ID Jovem

A ID Jovem √© destinada √†s pessoas com idade entre 15 e 29 anos, pertencentes √† fam√≠lia com renda mensal de at√© dois sal√°rios m√≠nimos e inscritos no Cadastro √önico do Governo Federal, com informa√ß√µes atualizadas h√° pelo menos 24 meses. O benef√≠cio vale tamb√©m para n√£o estudantes. A emiss√£o do ID Jovem √© virtual, mas quem n√£o possui Cadastro √önico deve procurar a SMDS para realizar o procedimento.

P√∫blico-Alvo: Jovens entre 15 e 29 anos de baixa renda. 

Requisitos: - Ter entre 15 e 29 anos;

Estar inscrito no Cadastro √önico do Governo Federal; 

Estar com o Cadastro atualizado; 

Ter renda familiar de at√© dois sal√°rios m√≠nimos; 

Saber o NIS",,4
Ijui,RS,Post,2022-09-14 12:33:50,prefeituradeijui,"Profissionaliza√ß√£o!
Cursos Gratuitos Qualifica+Iju√≠ em parceria com SENAI

O Programa Qualifica+Iju√≠ e o SENAI est√£o oferecendo cursos de qualifica√ß√£o no munic√≠pio em diferentes √°reas. As inscri√ß√µes podem ser realizadas ainda esta semana no Setor de Desenvolvimento Econ√¥mico, junto ao Sine. Confira os cursos dispon√≠veis:
Mec√¢nica de Refrigera√ß√£o domestica -  inicia dia 21/09 at√© 07/10 s√£o 40 hras aula, ocorre das 13:30 as 17:30 - aulas de ter√ßa, quarta e quinta feiras.
Instala√ß√£o e manuten√ß√£o de AR SPLIT - inicio dia 11/10 at√© o dia 03/11 s√£o 40 horas, ocorre das 13:30 as 17:30 - aulas de ter√ßa, quarta e quinta feiras.
Refrigera√ß√£o Comercial e industrial - inicio dia 21/09 at√© 03/11 s√£o 72 horas, ocorre das 18:30 as 22:30 - aulas de ter√ßa, quarta e quinta feiras.
B√°sico de Mec√¢nica de Autom√≥veis - inicio 27/09 at√© 10/11 s√£o 100 horas aulas, ocorre das 13:30 as 17:30 - aulas de ter√ßas a sexta feira.
B√°sico para eletricidade automotiva -  inicio 26/09 at√© 09/11 s√£o 100 horas aula, ocorre das 18:30 as 22:30 - aulas de segunda a quintas.
Para mais informa√ß√µes: 3332.7555",,8
Ijui,RS,Post,2022-09-14 12:32:29,prefeituradeijui,"Dire√ß√£o!
SMEd realiza reuni√£o sobre processo de escolha de diretores

Aconteceu a reuni√£o na EMI Solange Ana Copetti a reuni√£o do processo de escolha diretores com a presen√ßa do secret√°rio da SMEd, Cl√°udio Souza. Tamb√©m foi discutido assuntos relacionados √† campanha do Rotary, Canto de Luz, projeto pol√≠tico pedag√≥gico, concurso de arte estudantil e mostra pedag√≥gica durante a feira do livro. A maior √™nfase da reuni√£o foi o processo de escolha de diretores.",,7
Ijui,RS,Post,2022-09-13 12:24:10,prefeituradeijui,"Mais a√ß√£o e menos latidos!
13 animais foram doados em mais uma feira de sucesso.

A Feira de Ado√ß√£o organizada no √∫ltimo final de semana pela Secretaria Municipal de Meio Ambiente, demonstra na pr√°tica mais uma a√ß√£o de governo em benef√≠cio dos animais. A SMMA faz o trabalho de vacina√ß√£o e castra√ß√£o antes da ado√ß√£o respons√°vel. Neta feira, 13 animais receberam novos lares. O prefeito Andrei Cossetin, parabenizou a equipe envolvida, incentivando a√ß√µes pr√°ticas e resolutivas para tratar o problema.",,12
Ijui,RS,Post,2022-09-13 12:17:22,prefeituradeijui,"Pronto Atendimento!
""Sempre fui bem atendida"", relata usu√°ria da UPA

Nos primeiros 11 dias de setembro, a Unidade de Pronto Atendimento - UPA de Iju√≠ foram atendidas1759 pessoas. De acordo com o relat√≥rio apresentado pela coordenador da UPA, Tiago Zientarski, o tempo m√©dio de espera da chegada do paciente at√© o primeiro atendimento √© de 12 minutos e o tempo at√© a consulta com o m√©dico √© de 19 minutos.  Do total de pacientes atendidos apenas 3 casos foram de emerg√™ncia, 216 de urg√™ncia, 1100 pouco urgente e 363 n√£o urgentes. O tempo de espera para atendimento cai drasticamente no caso de pacientes em estado de emerg√™ncia e urg√™ncia, quando o m√°ximo √© de 5 minutos.
De acordo com o coordenador da UPA, muitos atendimentos que chegam a UPA n√£o s√£o casos de emerg√™ncia, s√£o aquelas consultas que poderiam ser atendidas em postos de sa√∫de, por exemplo. Hoje a UPA est√° atuando com 2 m√©dicos 24 horas por dia e 3 m√©dicos no per√≠odo das 13h √†s 23h, al√©m do todos os demais profissionais de enfermagem e auxiliares. Conforme V√¢nia Michaelson, que √© parente de paciente da UPA e o acompanha nos atendimentos, o atendimento da UPA √© exemplar. ‚ÄúN√£o posso me queixar, sempre fui muito bem atendida e com atendimento r√°pido quando precisamos‚Äù, disse a moradora do bairro Gl√≥ria.",,9
Ijui,RS,Post,2022-09-13 12:16:16,prefeituradeijui,"De longa data!
Promessa de cal√ßamento virou tr√™s mandatos e n√£o acontecia segundo empres√°rio.

O empres√°rio Jeferson Gressler diz n√£o ter acreditado quando viu o in√≠cio das obras de cal√ßamento em frente √† sua oficina, na Rua Arthur Fuchs, segundo ele, a solicita√ß√£o j√° havia ‚Äúvirado tr√™s mandatos‚Äù e nada acontecia. O trecho de pouco mais de 100 metros est√° sendo finalizado pela administra√ß√£o municipal e ir√° acabar com o alto volume de p√≥ e barro vivenciado pelos usu√°rios da via.",,13
Ijui,RS,Post,2022-09-13 12:15:05,prefeituradeijui,"Vencedores!
Time do Iju√≠ Pr√≥-V√¥lei √© campe√£o da Liga Ga√∫cha

A equipe masculina principal do projeto Iju√≠ Pr√≥-V√¥lei foi campe√£ da etapa da Liga Ga√∫cha da Regi√£o 1, realizada no domingo dia, 11, no munic√≠pio de Carazinho/RS. O evento reuniu seis equipes de Iju√≠, Panambi, Tr√™s Arroios, N√£o-Me-Toque e Carazinho. Essa √© a segunda conquista da equipe ijuiense, que recentemente havia vencido em Santa Rosa. Em seis etapas disputadas no ano, essa foi a quarta final da Iju√≠ Pr√≥-V√¥lei. Com a pontua√ß√£o alcan√ßada nas etapas, os ijuienses assumiram a lideran√ßa da LRV-1, com 75 pontos.",,17
Ijui,RS,Post,2022-09-13 12:14:29,prefeituradeijui,"Abertura da Semana Farroupilha!
Iju√≠ realiza hoje a abertura das festividades do 20 de setembro.

Acontece hoje, 18:00h a abertura da Semana Farroupilha. O ato ser√° na Pra√ßa da Rep√∫blica com a distribui√ß√£o da Chama Crioula. As entidades tradicionalistas ter√£o programa√ß√µes di√°rias e o Desfile Cultural e Campeiro ocorre no dia 20 de setembro, √†s 9:00h. Na Pra√ßa da Rep√∫blica est√° instalado um galp√£o crioulo onde a popula√ß√£o poder√° obter informa√ß√µes da programa√ß√£o cultural.",,12
Ijui,RS,Post,2022-09-13 12:13:12,prefeituradeijui,"Parceria a favor da Natureza!
Pr√≥ximo de 2 toneladas de lixo eletr√¥nico foram recolhidos por a√ß√£o conjunta.

A Secretaria Municipal de Meio Ambiente, em parceria com a Eletr√¥nica Spitzer e Lions Clube, contabilizou a coleta de 1800 kg de lixo eletr√¥nico e 52 kg de Raio X. O material recolhido √© destinado para o descarte correto, visando o menor impacto ambiental. ‚ÄúS√£o parcerias como essa que viabilizam esses resultados. Agradecemos √† El√©tronica Spitzer e ao Lions pelo trabalho em conjunto‚Äù, proferiu Yuri Piliss√£o, secretario da SMMA.",,8
Ijui,RS,Post,2022-09-12 12:50:43,prefeituradeijui,"Campeonato Amador!
Rodada do final de semana foi marcada por goleadas
O Campeonato Amador de Futebol de Iju√≠ teve a realiza√ß√£o da 3¬™ rodada no final de semana e foi marcado por goleadas. O Boca Juniors venceu o Farroupilha por 3 a 1, j√° o Talento ganhou do Benfica por 4 a 2, o Barcelona aplicou 3 a 0 no Botafogo B, a Afumisa ganhou de 4 a 2 do Palmeiras do Herval e o Palestino aplicou 4 a 0 no Ouro Preto. O √∫nico empate da rodada foi entre S√£o Jos√© e Paris, em 1 a 1. A pr√≥xima rodada acontece no dia 18.",,6
Ijui,RS,Post,2022-09-12 12:24:37,prefeituradeijui,"Domingo em fam√≠lia!
Piquenique no Parque da Pedreira recebeu dezenas de fam√≠lias
Apesar do tempo nublado de domingo, um bom n√∫mero de pessoas compareceu ao Parque da Pedreira prestigiar o piquenique que ocorreu com in√≠cio √†s 15h. As fam√≠lias trouxeram lanches e passaram bons momentos no parque. Al√©m do gramado as fam√≠lias tamb√©m utilizaram √°reas dos quiosques e a avalia√ß√£o do evento foi positiva. Conforme Rosa Barbosa, coordenadora do Parque da Pedreira, ‚Äúfoi algo simples como compartilhar um lanche √© algo memor√°vel para as pessoas, que saem felizes daqui‚Äù, explicou.",,76
Ijui,RS,Post,2022-09-12 12:16:52,prefeituradeijui,"Regional de Tiro
Iju√≠ sediou a s√©tima etapa do Torneio Regional de Tiro Esportivo. O evento organizado pela SOGI contou com aproximadamente 100 participantes de toda a regi√£o. Dez categorias estavam concorrendo nas modalidades IPSC e Saque R√°pido.",,19
Ijui,RS,Comentario,2022-09-13 15:36:41,ane_doces_e_salgados,,‚ù§Ô∏è,
Ijui,RS,Post,2022-09-12 12:07:00,prefeituradeijui,"Artesanato!
Curso de confec√ß√£o de bonecas teve t√©rmino
No CRAS GL√ìRIA teve encerramento do Curso de confec√ß√£o de bonecas de panos. Parceria do Qualifica+Iju√≠ com SENAR. Estiveram presentes representantes do SENAR, do Sindicato Rural e Patronal, Secret√°rio de Desenvolvimento Social.",,9
Ijui,RS,Comentario,2022-09-12 16:42:54,bila.dutra16,,‚ù§Ô∏èüëè,
Ijui,RS,Post,2022-09-12 12:06:04,prefeituradeijui,"Documentado!
Mais um espa√ßo √© regularizado pela Administra√ß√£o Municipal.
Aos moldes da regulariza√ß√£o do Chaleira Preta, o prefeito Andrei Cossetin entregou o termo de Cess√£o para o Grupo Folcl√≥rico Fogo de Ch√£o. A entidade passa a ter seu espa√ßo regulamentado. O secretario de Planejamento e Regula√ß√£o Urbana, Chico Ortiz, acompanhou a cerim√¥nia de entrega do termo e explanou sobre a import√¢ncia da regularidade e profissionalismo nas atividades exercidas pelo Grupo Folcl√≥rico.",,55
Ijui,RS,Comentario,2022-09-12 12:08:53,dr.andrey_criminalista,,üëè,
Ijui,RS,Post,2022-09-12 12:05:04,prefeituradeijui,"Dignidade!
Instala√ß√µes da ACATA recebe melhorias do Poder P√∫blico Municipal.
O Governo Municipal, atrav√©s da Secretaria de Desenvolvimento Social e Secretaria de meio Ambiente, entregaram mais uma parte da obra para a Associa√ß√£o dos Catadores. A √°rea interna da ACATA, antes contava com piso de ch√£o batido, agora com intertravado. ‚ÄúS√£o melhorias importantes, que proporcionam na pr√°tica melhores condi√ß√µes de trabalho. Ainda teremos uma horta comunit√°ria no local‚Äù, comentou Zeca Busatto, secret√°rio da SMDS.",,46
Ijui,RS,Comentario,2022-09-12 12:13:00,anaceratti,,üëèüëèüëèüëè . Parab√©ns,
Ijui,RS,Post,2022-09-09 18:54:54,prefeituradeijui,"No canteiro de obras!
Prefeito Andrei Cossetin vistoria obras no bairro Get√∫lio Vargas
O prefeito Andrei Cossetin realizou na tarde desta sexta-feira, 9, vistorias em importantes obras que est√£o sendo realizadas em Iju√≠. Literalmente no canteiro de obras, o prefeito pode observar de perto os trabalhos realizados no bairro Get√∫lio Vargas, onde est√° sendo executado obra de drenagem pluvial que vai acabar com problemas de anos com o qual a comunidade enfrentava a cada chuva. Cossetin tamb√©m foi at√© as obras da rua Guilherme Timm, onde a rua est√° sendo preparada para receber pavimenta√ß√£o. Tamb√©m receber√£o asfaltamento as ruas Vendelin Boniacowski, Wilson Barnewitz, Padre Ludwik Gazda, Ligia Regina Schneider, Frida Seidler, Helmuth Culik e Wilson Roni Teixeira. Durante a visita √†s obras o prefeito tamb√©m conversou com a popula√ß√£o do bairro. ‚ÄúS√£o obras importantes, estamos atendendo demandas antigas, beneficiando a comunidade e melhorando a nossa cidade‚Äù, disse Cossetin.",,172
Ijui,RS,Comentario,2022-09-09 19:53:11,marcoaureliosikacz,,üëèüëèüëèüëèüëè,
Ijui,RS,Comentario,2022-09-09 21:24:17,lorenicarneiro,,Parab√©ns üëèüëèüëè,
Ijui,RS,Comentario,2022-09-09 22:19:09,nildafidencio,,üëèüëèüôåüòç,
Ijui,RS,Comentario,2022-09-10 00:26:27,rafaelcorrea.s8,,Obras em todo lugar üëèüëèüëè top .a√≠ sim,
Ijui,RS,Comentario,2022-09-12 03:44:24,dr.andrey_criminalista,,üëè,
Ijui,RS,Post,2022-09-09 12:25:06,prefeituradeijui,"Coleta de Lixo Eletr√¥nico
SMMA realiza mais uma coleta de lixo eletr√¥nico.
A Secretaria Municipal de Meio Ambiente, em parceria com a Eletr√¥nica Spitzer, SINDILOJAS e Lions Clube, realizar√° no s√°bado (10), a coleta de lixo eletr√¥nico. O ponto ser√° a Prefeitura Municipal entre 8:30h e 11:30h.",,9
Ijui,RS,Post,2022-09-09 12:14:52,prefeituradeijui,"Futuro da comunidade!
Obras do bairro Gl√≥ria ir√£o atender a demanda de diversos bairros
As obras que est√£o sendo realizadas junto ao campo do Gl√≥ria √© uma antiga demanda da comunidade. O local est√° recebendo cal√ßada nos passeios p√∫blicos com piso intertravado, melhorias no campo e na sede do local. O campo √© utilizado por pelo menos tr√™s times amadores da cidade. A estrutura atender√° a comunidade n√£o s√≥ do Gl√≥ria como dos bairros adjacentes. ‚Äúest√° ficando muito bom, teremos um campo de futebol bem estruturado e local para lazer perto de casa‚Äù, contou Carlos Santos, que reside no bairro.",,20
Ijui,RS,Post,2022-09-09 12:13:34,prefeituradeijui,"Tiro Esportivo
Domingo ocorre a regional de Tiro Esportivo em Iju√≠.
A SOGI sediar√° em Iju√≠-RS, no pr√≥ximo domingo (11), na sua sede de tiro, a 7a etapa do Regional de Tiro Esportivo, modalidade IPSC e Saque R√°pido. Para participar da prova os interessados devem possuir o CR (CAC) e fazer a inscri√ß√£o pelo e-mail administracao@sogiijui.com.br",,4
Ijui,RS,Post,2022-09-09 12:12:13,prefeituradeijui,"Piquenique da Primavera!
Evento ocorre no domingo no Parque da Pedreira

No domingo, 11, ser√° realizado o Piquenique da Primavera, a partir das 15, na ala norte do Parque da Pedreira. Toda a comunidade est√° convidada a prestigiar o evento em fam√≠lia. Os interessados devem levar o ‚Äúkit‚Äù piquenique e escolher seu lugar ao parque para passar a tarde. Todos os finais de semana o Parque da Pedreira vem recebendo um √≥timo p√∫blico que adotaram o local como uma das principais √°reas de lazer da cidade.",,86
Ijui,RS,Post,2022-09-09 12:10:45,prefeituradeijui,"Velocross em Iju√≠!
Etapa de Iju√≠ da Copa Yucum√£ ocorre no domingo
Neste domingo, dia 11, ocorre o 7¬∫ Velocross - Copa Yucum√£ de Motocross, etapa de Iju√≠. As provas iniciam no domingo pela manh√£. Os ingressos est√£o a venda na EuroMotos. O evento acontece na pista do Moto Clube Iju√≠, ao lado do Parque de Exposi√ß√µes Wanderley Burmmann.",,3
Ijui,RS,Post,2022-09-08 12:28:27,prefeituradeijui,"Outubro Rosa 2022!
Rede Municipal de Sa√∫de j√° est√° organizada para atender as mulheres em outubro.

O Secret√°rio Municipal de Sa√∫de, M√°rcio Strassburger, confirmou que o Outubro Rosa j√° est√° organizado com as equipes de sa√∫de do munic√≠pio. As mulheres poder√£o realizar atendimentos todas as ter√ßas-feiras dias 04, 11, 18 e 25 de outubro, das 17h √†s 20h, em todas as Unidades de Sa√∫de. O atendimento ser√° realizado mediante agendamento pr√©vio para os seguintes √≠tens:

1. Preventivos

2. Consultas m√©dicas

3. Consultas Odontol√≥gicas

4. Consultas com Nutricionista - Aux√≠lio Brasil

5. Testes R√°pidos 

6. Vacinas",,5
Ijui,RS,Post,2022-09-08 12:27:38,prefeituradeijui,"Pela mesma causa!
CRRTEA recebe visita de representante da TEAmor.
O Centro Regional de Refer√™ncia em Transtorno do Espectro Autista de Iju√≠- CRRTEA recebeu a m√£e e volunt√°ria do TEAmor de Iju√≠ Cledi de Moraes para conhecer a sala do CRRTEA junto ao pr√©dio do CAPS II e fazer a entrega de cerca de  70 quilos de alimentos arrecadados no evento ""Saberes e Pr√°ticas: Um olhar sobre o TEA na Educa√ß√£o Infantil""  realizado pelo Centro na √∫ltima semana. O TEAmor √© a Associa√ß√£o dos Familiares, Amigos e Autistas que al√©m de desenvolver importante trabalho de acolhimento, articula√ß√£o e conscientiza√ß√£o sobre o TEA na sociedade, desenvolve projetos de apoio  as fam√≠lias de autistas em situa√ß√£o de vulnerabilidade social, pois muitas vezes a gravidade do transtorno dificulta ou impede a atividade laboral dos pais, em especial das m√£es, e muitas fam√≠lias contam apenas com o BPC como fonte de renda. Ao saber de uma campanha de arrecada√ß√£o de alimentos n√£o perec√≠veis, o CRRTEA se uniu a causa e prop√¥s a doa√ß√£o espont√¢nea de 1kg de alimento aos participante do evento, proposta que foi bem aceita pelo p√∫blico e ser√° repetida nas pr√≥ximas a√ß√µes. O CRRTEA busca sempre a aproxima√ß√£o e o di√°logo  com as fam√≠lias e entidades do controle social como forma de unir esfor√ßos em prol da inclus√£o da pessoa autista na sociedade.",,17
Ijui,RS,Post,2022-09-08 12:21:31,prefeituradeijui,"Para ficar na hist√≥ria!
Desfile de 7 de Setembro teve participa√ß√£o de milhares de pessoas
O Desfile de 7 de Setembro realizado em Iju√≠ na quarta-feira, foi considerado o maior de todos os tempos j√° realizado na cidade, com a participa√ß√£o de mais de 6 mil pessoas desfilando entre civis e militares. Foram 23 escolas e grupos de escoteiros, 14 bandas marciais, 27¬∫ GAC, Brigada Militar, PRF e Bombeiros que passaram em desfile pela Benjamin Constant. Um grande p√∫blico tamb√©m esteve presente prestigiando o evento que comemorou os 200 anos de Independ√™ncia do Brasil.",,201
Ijui,RS,Comentario,2022-09-08 13:44:31,nanda_arend94,,A enfermagem tbm participou se pra vcs n√£o samos importante para Iju√≠ n√≥s samos ‚Ä¶.,
Ijui,RS,Comentario,2022-09-08 14:47:20,prefeituradeijui,,Parab√©ns! Bem organizados. üëçüèª,
Ijui,RS,Comentario,2022-09-08 19:52:11,dr.andrey_criminalista,,üôåüôåüî•üî•üëèüëè,
Ijui,RS,Post,2022-09-08 12:19:47,prefeituradeijui,"Futebol Amador
Campeonato Amador teve in√≠cio em Iju√≠
O Campeonato Municipal de Futebol Amador de Iju√≠ iniciou na noite do dia 6. Os jogos de abertura da competi√ß√£o aconteceram no Est√°dio da Montanha durante √† noite e contou com a presen√ßa de um bom p√∫blico. Na estreia se enfrentaram Palmeiras e Amigos da Vila Nova que empataram em 2 a 2 e na sequ√™ncia a Afumisa goleou o Ouro Preto por 5 a 1. A pr√≥xima rodada acontece durante o final de semana.",,11
Ijui,RS,Post,2022-09-08 12:19:05,prefeituradeijui,"√â muito Importante!
Vacina√ß√£o contra a poliomielite √© estendida at√© 30 de setembro.
Considerando as baixas coberturas alcan√ßadas na Campanha de vacina√ß√£o contra poliomielite e Multivacina√ß√£o para atualiza√ß√£o das cadernetas de vacinas das crian√ßas e adolescentes menores de 15 anos, o Minist√©rio da Sa√∫de autorizou a prorroga√ß√£o da campanha at√© o dia 30 de setembro. Desta forma, continuamos vacinando contra polio, as crian√ßas de 1 a 4 anos, em todas as salas de vacinas, nos hor√°rios 7:30 √†s 11:00 horas e 13:30 √†s 16:30 horas, e tamb√©m atendendo crian√ßas e adolescentes menores de 15 anos para a Multivacina√ß√£o e atualiza√ß√£o das cadernetas de vacinas. A popula√ß√£o deve procurar a sala de vacinas de sua refer√™ncia com a caderneta de vacinas da crian√ßa ou adolescente. O Programa Nacional de Imuniza√ß√£o alerta sobre a import√¢ncia da vacina√ß√£o para manuten√ß√£o e elimina√ß√£o da Poliomielite, e a necessidade para alcan√ßar melhores coberturas vacinais.",,53
Ijui,RS,Post,2022-09-08 12:15:44,prefeituradeijui,"Cursos voltados a √°rea de Turismo
Ainda h√° vagas dispon√≠veis para inscri√ß√µes

Cursos voltados a √°rea de Turismo
Aconteceu segunda-feira, 5, na Esta√ß√£o de Cultura e Lazer, a aula inaugural dos Cursos da Trilha de Qualifica√ß√£o em Turismo, oferecidos de forma gratuita √† comunidade Ijuiense, pelo Poder Executivo, atrav√©s da Secretaria de Cultura Esporte e Turismo - SMCET.

Os Cursos ser√£o ministrados pelo SENAC Iju√≠, com apoio do SINDILOJAS. 
Mesmo que oferecidos de forma gratuita, ainda h√° vagas dispon√≠veis.

A iniciativa partiu da Secretaria, como forma de proporcionar a qualifica√ß√£o de agentes para atuar no Setor do Turismo, por entender a necessidade da profissionaliza√ß√£o das atividades tur√≠sticas para o melhor acolhimento aos visitantes e turistas √† Capital Nacional das Etnias.

Os Cursos ofertados que ainda DISP√ïE VAGAS s√£o:
1) Recepcionista de eventos - 80h
2) Organizador de eventos - 90h
3) T√©cnicas de Servi√ßo em recep√ß√£o de hotelaria - 44h
4) Excel√™ncia em atendimento ao turista - 44h
5) Ingl√™s para servi√ßos de bar e restaurante - 120h
6) Espanhol para servi√ßos de bar e restaurante - 120h

Nova chamada para inscri√ß√µes est√° acontecendo, e vai at√© o dia11/09 (domingo).

Para se inscrever:
1) PRESENCIALMENTE:
Local: Escola SENAC - Rua 24 de fevereiro, 315- Centro, Iju√≠/RS.
Das 13h √†s 17h30 - Seg √† Sex (tarde)

2) VIRTUALMENTE:
Pelo formul√°rio online: https://bit.ly/3zImUTj",,5
Ijui,RS,Post,2022-09-07 13:23:39,prefeituradeijui,O Desfile do Bicenten√°rio da Independ√™ncia contou com 6.000 participantes entre civis e militares.,,283
Ijui,RS,Comentario,2022-09-07 14:07:34,bila.dutra16,,Estava lindo. üëèüëèüëè,
Ijui,RS,Comentario,2022-09-07 15:36:08,douglasdiverio,,Super top,
Ijui,RS,Comentario,2022-09-07 17:13:41,jordadine,,Parab√©ns a todos üëèüëèestava lindo e super organizado üëèüëèüëè,
Ijui,RS,Comentario,2022-09-08 19:51:50,dr.andrey_criminalista,,üôåüôåüôåüëèüëèüëè,
Ijui,RS,Post,2022-09-06 12:35:37,prefeituradeijui,"O Desfile de 7 de Setembro que ocorre nesta quarta, a partir das 8h em Iju√≠, ter√° transmiss√£o ao vivo.
LIVE do Desfile 

No Facebook da SMED
https://www.facebook.com/smed.ijui

Prefeitura Municipal
https://www.facebook.com/prefeituradeijui

Youtube
https://www.youtube.com/channel/UCnl9PxO1hOD5G1mfWyd83rA",,69
Ijui,RS,Post,2022-09-06 12:30:10,prefeituradeijui,"Obra vai mudar a vida da comunidade!
Drenagem est√° sendo realizada no bairro Get√∫lio Vargas

As obras de drenagem pluvial j√° est√£o em pleno vapor no bairro Get√∫lio Vargas 2. O local tinha um problema hist√≥rico de alagamento que prejudicava os moradores. 

De acordo com o secret√°rio da Smodutran F√°bio Franzen, ‚Äú√© um problema hist√≥rico que depois de um tempo, com projeto ambiental e de saneamento todo feito a empresa vencedora da licita√ß√£o j√° est√° executando a obra. Foram feitas todas as adequa√ß√µes necess√°rias, inclusive com a instala√ß√£o de tubos de 1 metro para o escoamento da √°gua‚Äù, explicou Franzen. 

Neste momento as obras est√£o sendo realizadas no fundo do bairro, na parte final da drenagem e com o passar dos dias passar√° pelas ruas que d√£o acesso at√© a avenida S√£o Luiz. Esta √© uma demanda que se arrastava por anos que agora est√° sendo solucionada pelo munic√≠pio beneficiando toda a comunidade que reside naquela √°rea da cidade. O projeto contempla canaliza√ß√£o pluvial com tubula√ß√£o de 80 e 100cm, duas caixas de passagem e 13 bocas de lobo no trecho da avenida S√£o Luiz at√© o arroio.",,11
Ijui,RS,Comentario,2022-09-07 03:06:28,adrianodemoura1453,,Parab√©ns.agora fazer um trabalho de tratamento no esgoto para nao polui√ß√£o dos arroio.,
Ijui,RS,Post,2022-09-06 12:27:05,prefeituradeijui,"Qualifica +!
Tem in√≠cio curso de confec√ß√£o de bonecas de pano
Na manh√£ de segunda-feira, 5,  teve in√≠cio mais um curso do Qualifica+Iju√≠, este em parceria com SENAR e Sindicato Rural e Patronal de Iju√≠, o Curso de Confec√ß√£o de Bonecas de Pano. Foram disponibilizadas 12 vagas, o curso est√° acontecendo no CRAS do Gl√≥ria. ‚ÄúUm momento √∫nico, para as mulheres se capacitarem, tendo a oportunidade de aprender algo novo, para algumas, uma nova profiss√£o‚Äù, afirmou Fab√≠ola Dutra ‚Äì Coordenadora do CRAS Gl√≥ria. O programa Qualifica+iju√≠,  √© uma parceria entre as Secretarias de Desenvolvimento Social e Desenvolvimento Econ√¥mico, que visa a qualifica√ß√£o atrav√©s de cursos nas mais diversas √°reas.",,6
Ijui,RS,Post,2022-09-06 12:25:11,prefeituradeijui,"100 anos!
Artilharia Division√°ria da 3¬∫ Divis√£o de Ex√©rcito - AD/3 - Brigadeiro Gurj√£o comemora seu centen√°rio.
Prefeito participa do lan√ßamento do v√≠deo, moeda e livro hist√≥rico da Hist√≥ria da Artilharia Division√°ria da 3¬∫ Divis√£o de Ex√©rcito - AD/3 - Brigadeiro Gurj√£o, em Cruz Alta. Este ano, o Quartel-General da AD/3 comemora 100 anos de presen√ßa na regi√£o. O quartel foi constru√≠do entre 1921 e 1922, quando o Presidente da Rep√∫blica era Epit√°cio Pessoa. ‚ÄúTrata-se de um espa√ßo que merece todo nosso respeito, uma institui√ß√£o centen√°ria, que sempre buscou a preserva√ß√£o da seguran√ßa e soberania do pa√≠s‚Äù, declarou o chefe do executivo iju√≠ense, Andrei Cossetin.",,29
Ijui,RS,Post,2022-09-06 12:22:21,prefeituradeijui,"200 Anos!
Mais de 6.000 dever√£o desfilar no 7 de setembro.
O Bicenten√°rio da Independ√™ncia ser√° marcado por um grande desfile. A abertura ser√° por conta da UETI, marcando Iju√≠ como Capital Nacional das Etnias, seguido pela Banda Carlos Gomes e 21 escolas, sendo 9 municipais, 8 estaduais e 4 privadas. Os escoteiros finalizam a participa√ß√£o civil, dando in√≠cio ao desfile militar com a presen√ßa do Col√©gio Tiradentes, 27¬∫ GAC, Bombeiros, Brigada Militar e Policia Rodovi√°ria Federal. ‚ÄúEstimamos cerca de 6 mil participantes entre professores, estudantes, militares e comunidade. Ser√° um grande desfile‚Äù, comentou Cl√°udio Souza, secret√°rio da pasta da educa√ß√£o, um dos organizadores do desfile.",,111
Ijui,RS,Post,2022-09-06 12:20:56,prefeituradeijui,"7 de Setembro!
Tudo organizado para aguardar o p√∫blico nos 200 anos de Independ√™ncia do Brasil.
A Prefeitura Municipal, atrav√©s da SMODUTRAN j√° realizou a marca√ß√£o do trecho em que ocorrer√° o desfile c√≠vico em comemora√ß√£o ao Bicenten√°rio da Independ√™ncia do Brasil. A Rua Benjamin Constant ser√° fechada da √Ålvaro Chaves at√© a 21 de abril, a partir das 4:00h do dia 07/09. A Coordenadoria de Tr√¢nsito solicita aos motoristas que n√£o deixem seus ve√≠culos no trajeto do desfile para que o mesmo ocorra dentro da normalidade. A previs√£o do tempo n√£o registra chuva para a data e o evento est√° marcado para iniciar 8:00h, em caso de chuva neste hor√°rio, a comiss√£o organizadora dever√° adiar para 13:30h, da mesma data.",,105
Ijui,RS,Comentario,2022-09-07 01:06:06,marcia.dasilva.9279807,,Muita saudade dos desfiles na pra√ßa tras muitas boas lembran√ßas principalmente do meu saudoso irm√£o que desfilou por escolas e pelo quartel üò¢üò¢,
Ijui,RS,Post,2022-09-06 12:19:32,prefeituradeijui,"Capit√£o do bem!
Prefeito Cossetin participa de homenagem ao Dunga
O prefeito Andrei Cossetin participou na tarde de segunda-feira, 5, da homenagem ao capit√£o do tetra campeonato mundial de futebol, Carlos Caetano Bledorn Verry, o ijuiense Dunga. A cerim√¥nia ocorreu nas depend√™ncias do Sesc, com o qual Dunga desenvolve a a√ß√£o solid√°ria ‚ÄúSele√ß√£o do Bem 8‚Äù, que distribui alimentos para fam√≠lias carentes, inclusive em Iju√≠. O prefeito Cossetin evidenciou o trabalho desenvolvido por Dunga e o esp√≠rito solid√°rio que ele tem. Iju√≠ tamb√©m ter√° uma est√°tua em homenagem ao Dunga, √∫nico ijuiense campe√£o do mundo.",,24
Ijui,RS,Post,2022-09-05 23:52:23,prefeituradeijui,"Estudante da Escola Joaquim Nabuco, da Comunidade do Mau√° entrega lembran√ßa do Desfile da P√°tria ao Prefeito @andreiijui . A pureza e sinceridade das crian√ßas nos fazem acreditar em um mundo melhor.",,59
Ijui,RS,Comentario,2022-09-07 02:40:09,cabo_da_boa_esperanca_2022,,"S√≥ as crian√ßas mesmo. Pois quem √© experiente, j√° n√£o compra de novo.",
Ijui,RS,Post,2022-09-05 12:28:56,prefeituradeijui,"Ainda h√° vagas
Em virtude das vagas para os cursos de qualifica√ß√£o ainda n√£o terem sido preenchidas em sua totalidade, as inscri√ß√µes continuam abertas at√© a pr√≥xima sexta, mesmo com o in√≠cio das aulas que ocorre hoje √† noite.
Para se inscrever:

1)PRESENCIALMENTE:
Local: Escola SENAC - Rua 24 de fevereiro, 315- Centro, Iju√≠/RS.
Das 13h √†s 17h30.

2) VIRTUALMENTE:
Pelo formul√°rio online: https://bit.ly/3zImUTj

Os cursos s√£o nas √°reas de:
Recepcionista de eventos - 80h
Organizador de eventos - 90h
T√©cnicas de Servi√ßo em recep√ß√£o de hotelaria - 44h
Excel√™ncia em atendimento ao turista - 44h
Ingl√™s para servi√ßos de bar e restaurante - 120h
Espanhol para servi√ßos de bar e restaurante - 120h",,3
Ijui,RS,Post,2022-09-05 12:26:22,prefeituradeijui,"Espet√°culo!
Enart reuniu centenas de pessoas no final de semana
o 2¬∫ Inter-Regional do Enart, realizado em Iju√≠, nas depend√™ncias do Gin√°sio Wilson M√¢nica e adjac√™ncias, reuniu centenas de pessoas vindas de diversas localidade no final de semana. O prefeito Andrei Cossetin prestigiou o evento, destacando a import√¢ncia das tradi√ß√µes ga√∫chas mantidas vivas junto a popula√ß√£o ga√∫cha. Tamb√©m participaram do evento demais autoridades municipais. No evento al√©m do palco principal montado no Ginasi√£o foram utilizadas estruturas de mais seis palcos.",,39
Ijui,RS,Comentario,2022-09-05 20:54:12,marcoaureliosikacz,,üëèüëèüëè,
Ijui,RS,Post,2022-09-05 12:24:13,prefeituradeijui,"‚ÄúAgora √© minha de verdade‚Äù
Escrituras s√£o entregues √† 23 fam√≠lias do Parque da Pedreira.
A frase √© da senhora Noemia Neli Canheski, moradora que recebeu sua escritura com mais de duas dezenas de fam√≠lias do Parque da Pedreira. As escrituras garantem agora a regulariza√ß√£o de suas casas e terrenos. ‚ÄúUm trabalho de muitas m√£os, de muitos anos e que temos a alegria em entregar √†s fam√≠lias desse lugar que est√° melhor, com uma realidade verdadeiramente mudada‚Äù, explanou o prefeito, Andrei Cossetin.",,35
Ijui,RS,Post,2022-09-05 12:23:26,prefeituradeijui,"Coruj√£o atento em setembro!
Coruj√£o da Sa√∫de ir√° funcionar at√© 20:00h em setembro.
A Secretaria Municipal de Sa√∫de ir√° manter no m√™s de setembro o Coruj√£o da Sa√∫de -  m√≥dulo Doen√ßas de Inverno. A √∫nica altera√ß√£o ser√° no hor√°rio de atendimento que, partir de hoje (05/09), passa a ser das 17:00 √†s 20:00. ‚ÄúOs n√∫meros est√£o caindo de forma gradativa, mas sabemos que tradicionalmente setembro √© um m√™s com recorr√™ncia das doen√ßas de inverno, por isso manteremos o atendimento‚Äù, esclareceu M√°rcio Strassburger, secret√°rio da pasta.",,6
Ijui,RS,Post,2022-09-05 12:17:24,prefeituradeijui,"√â campe√£o!
Chor√£o vence o Campeonato Municipal de Futebol Distrital
O Chor√£o sagrou-se campe√£o do Campeonato Municipal de Futebol Distrital ao bater o Juventude de Rinc√£o dos G√≥i no domingo. A partida foi disputado em jogo √∫nico no campo do Chor√£o e contou com a presen√ßa de um grande p√∫blico que prestigiou o evento. A partida terminou empatada sem gols, mas nos p√™naltis, o Chor√£o venceu, ficando com o t√≠tulo.",,27
Ijui,RS,Post,2022-09-05 12:15:47,prefeituradeijui,"Popula√ß√£o elogia obras de asfaltamento nos bairros
Obras embelezam a cidade, desafogam o tr√¢nsito e encurtam caminhos

As obras de asfaltamento e melhorias nas ruas dos bairros de Iju√≠ al√©m de melhorar a qualidade de vida da popula√ß√£o, tamb√©m embelezam as √°reas da cidade que por muitos anos ficaram desassistidas. 
O asfaltamento em ruas de bairros auxilia no fluxo de ve√≠culos, encurtam caminhos e principalmente acabam com sujeira de barro em dias chuvosos, tendo em vista que todo o munic√≠pio de Iju√≠ tem o solo com a terra vermelha. O asfalto em vias estrat√©gicas de liga√ß√£o entre bairros tamb√©m ajuda no deslocamento de trabalhadores, estudantes e desafoga as vias de maior fluxo.
Com o asfaltamento da rua Tenente Ananias de Barros, no bairro S√£o Jos√©, via que liga o bairro Elizabeth ao Ferrovi√°rio, al√©m dos moradores locais que se beneficiaram com o asfalto em frente as suas casas, valorizando os im√≥veis e deixando o local mais limpo, os moradores das adjac√™ncias tamb√©m aprovaram a obra, como √© o caso de Andr√© Lima que est√° utilizando a via para o deslocamento at√© o trabalho. ‚ÄúAntes para ir do Boa Vista at√© as imedia√ß√µes da Cotriju√≠ eu fazia a volta pela 19 de Outubro ou pela Em√≠lio Glitz, agora com esse asfalto, vou por aqui, levo menos tempo, tem menos movimento, ficou muito boa a obra e encurtou o caminho‚Äù, contou.",,15
Ijui,RS,Post,2022-09-05 12:14:12,prefeituradeijui,"Tela Vil√£
Uso excessivo de celular potencializa problemas oftalmol√≥gicos em crian√ßas e adolescentes.
No √∫ltimo s√°bado a Secretaria Municipal de Sa√∫de organizou um mutir√£o de atendimento oftalmol√≥gico. Foram 56 pacientes atendidos pelo oftalmologista Cl√©vio Tosseto. A a√ß√£o visa diminuir o tempo de espera nas filas da especialidade. O doutor aproveitou o momento para explicar que uso prolongado da tela dos celulares, tem potencializado os casos de estrabismo e miopia nas crian√ßas. ‚Äú√â importante que os pais estejam atentos com rela√ß√£o ao tempo interrupto em frente √†s telas‚Äù, observou o especialista.",,6
Ijui,RS,Comentario,2022-09-07 03:08:12,adrianodemoura1453,,Qual seria o tempo m√°ximo permitido?,
Ijui,RS,Post,2022-09-02 17:39:00,prefeituradeijui,,,2
Ijui,RS,Post,2022-09-02 13:49:14,prefeituradeijui,"Torneio Divas do Voleibol, no Gin√°sio Did√°tico, junto ao Complexo Poliesportivo",,4
Ijui,RS,Post,2022-09-02 13:47:07,prefeituradeijui,Domingo Cultural no Parque da Pedreira em Iju√≠,,22
Ijui,RS,Post,2022-09-02 13:36:49,prefeituradeijui,"Final do distrital!
Em jogo √∫nico se conhecer√° o campe√£o neste final de semana

A partida ser√° realizada no Campo do Chor√£o, domingo, 4, √†s 15h. A final ser√° em jogo √∫nico, j√° que a partida anterior, de ida, foi anulada em fun√ß√£o de irregularidades por parte de uma das equipes. Quem vencer a partida ser√° declarado o Campe√£o do Campeonato Distrital de Futebol 2022. O jogo √© aberto ao p√∫blico.",,4
Ijui,RS,Post,2022-09-02 13:35:54,prefeituradeijui,"Empresariado!
Prefeito recebe convite para conhecer novas instala√ß√µes da FECOM√âRCIO.
A diretoria do SINDILOJAS convidou o prefeito municipal para visita √†s novas instala√ß√µes da FECOM√âRCIO, em Porto Alegre. Na oportunidade, o prefeito exp√¥s aos empres√°rios as a√ß√µes que est√£o realizadas em Iju√≠, bem como o planejamento de obras e atividades que ser√£o desenvolvidas no munic√≠pio.",,7
Ijui,RS,Post,2022-09-02 13:34:23,prefeituradeijui,"Regulariza√ß√£o!
Escrituras ser√£o entregues neste s√°bado
Acontece na manh√£ de s√°bado, 3, √†s 11h, nas depend√™ncias do Parque Popular da Pedreira, a entrega de t√≠tulo da propriedade. A escritura ser√° destinada para 21 casas que foram constru√≠das junto ao PPP. A entrega ser√° realizada pela secretaria de Habita√ß√£o e Governo Municipal para as fam√≠lias que residem no local.",,7
Ijui,RS,Post,2022-09-02 13:02:02,prefeituradeijui,"Tradi√ß√µes Ga√∫chas!
Enart inicia neste s√°bado, 3
O Enart - 2¬∫ Encontro Inter-Regional 2022, inicia nesta s√°bado √†s 9h no Gin√°sio Wilson M√¢nica. A solenidade de abertura oficial ocorre √†s 13h do s√°bado. O evento se estende com ampla programa√ß√£o durante todo o s√°bado e tamb√©m no domingo. Entre as in√∫meras atividades da programa√ß√£o est√£o as apresenta√ß√µes de dan√ßas, solistas, gaitas, trovas campeiras entre outras.",,83
Ijui,RS,Post,2022-09-02 12:43:16,prefeituradeijui,"Foco na Final!
Adiado o in√≠cio do Campeonato Amador para popula√ß√£o prestigiar a final do distrital.
Todas as rodadas do Campeonato Municipal de Futebol Amador foi cancelada em fun√ß√£o da Final do Campeonato Distrital. Os jogos do amador que ocorreriam no pr√≥ximo domingo foram distribu√≠dos para ocorrerem durante a pr√≥xima semana no per√≠odo noturno. ‚ÄúFizemos essa altera√ß√£o para que a final possa ser acompanhada pela popula√ß√£o, bem pelos pr√≥prios participantes do amador‚Äù, esclareceu Silmar Prestes, da coordena√ß√£o do esporte do munic√≠pio.",,3
Ijui,RS,Post,2022-09-02 12:41:31,prefeituradeijui,"Visita!
Prendas e Pe√µes de todo o Rio Grande do Sul estar√£o em Iju√≠
A 3¬™ prenda do RS, Daiana Dal R√≥s, juntamente com Orione Rodrigues, presidente do Comit√™ Executivo do 2¬∫ Inter-Regional do Enart, estiveram realizando visita ao prefeito Andrei Cossetin. Na oportunidade divulgaram ao prefeito o evento que ser√° realizado junto ao Enart, no s√°bado, √†s 18h30, na sede da UETI, onde estar√£o presentes 18 integrantes da gest√£o de prendas e pe√µes do RS 2022/23 de diversas cidades do estado e o diretor do MTG Ga√∫cho. Tamb√©m acompanhou a visita o secret√°rio da Seplan Chico Ortiz, que √© vice-patr√£o do Fogo de Ch√£o.",,17
Ijui,RS,Post,2022-09-01 14:11:59,prefeituradeijui,"TEA na Educa√ß√£o Infantil!
Evento foi destinado aos professores e funcion√°rios da educa√ß√£o infantil
Na tarde do  dia 31 de agosto a equipe do Centro Regional de Referencia em Transtorno do Espectro Autista de Iju√≠ realizou uma forma√ß√£o para professores e funcion√°rios da Educa√ß√£o Infantil.
Cerca de 220 pessoas de escolas p√∫blicas e privadas de  Iju√≠, Augusto Pestana, Santo Augusto, Joia, Condor,  Ajuricaba,  Bozano , Coronel Barros e Catu√≠pe  estiveram no Sesc escutando a fala ""Saberes e Pr√°ticas : Um olhar sobre o TEA na Educa√ß√£o Infantil"" proferida pela Psic√≥loga, Mestre em Psicologia e Doutoranda em Educa√ß√£o Fernanda Szareski Pezzi .
Acreditamos na uni√£o de esfor√ßos e no trabalho intersetorial na constru√ß√£o de pol√≠tica p√∫blicas e de cuidado adequado  para as pessoas com TEA.",,14
Ijui,RS,Post,2022-09-01 13:11:04,prefeituradeijui,"Contra a Polio!
SMS estende hor√°rio para gotinha contra a poliomielite.

A SMS estar√° atendendo pais e respons√°veis por crian√ßas entre 1 e 4 anos em hor√°rio estendido para vacina√ß√£o contra a poliomielite. A imuniza√ß√£o estar√° acontecendo no Posto Central, entre 17:00h e 20:00h, nos dias:

02/09 sexta 

05/09 - segunda

06/09 - ter√ßa

08/09 - quinta

09/09 - sexta 

Levar carteirada de vacina√ß√£o da crian√ßa.",,11
Ijui,RS,Post,2022-09-01 13:09:52,prefeituradeijui,"De olho no Combust√≠vel!
ANP e PROCON finalizam an√°lises de combust√≠veis em postos de Iju√≠.
A Ag√™ncia Nacional de Petr√≥leo em conjunto com o PROCON de Iju√≠, finalizou as an√°lises de combust√≠vel em todos os estabelecimentos que vendem o produto em Iju√≠. Nenhuma amostra realizada apresentou desconformidade com o regulamentado. ‚ÄúPrecisamos parabenizar os empres√°rios do ramo de combust√≠veis de Iju√≠, por oferecerem produtos dentro das normas estabelecidas‚Äù, comentou a diretora executiva do PROCON, Luana Borchardt.",,1
Ijui,RS,Post,2022-09-01 13:08:27,prefeituradeijui,"Ponte Nova!
SMDR reforma mais uma ponte na √°rea rural.
A Secretaria de Desenvolvimento Rural est√° reformando a ponte da Linha 5 - Oeste. O servi√ßo faz parte de um grande projeto de revitaliza√ß√£o de pontes, bueiros, cascalhamento e cal√ßamento do interior. A SMDR conseguiu avan√ßar nos trabalhos de cascalhamento nos √∫ltimos dias, devido ao tempo seco. ‚ÄúAinda aguardamos as m√°quinas j√° adquiridas pelo governo Andrei e Barriquello, por√©m, as equipes est√£o utilizando nossa capacidade m√°xima de atua√ß√£o no interior‚Äù, esclareceu Daniel Claudy, secret√°rio da pasta rural.",,9
Ijui,RS,Post,2022-09-01 13:05:34,prefeituradeijui,"Amor √† P√°tria!
Prefeito Andrei Cossetin declara aberta oficialmente a Semana da P√°tria
Em solenidade realizada na Pra√ßa da Rep√∫blica na manh√£ desta quinta, 1¬∫, o prefeito Andrei Cossetin declarou oficialmente aberta a Semana da P√°tria. Estiveram presentes no evento autoridades c√≠vico e militares que prestigiaram o acendimento da Chama da P√°tria. A Pra√ßa da Rep√∫blica, a rua Benjamin Constant e o pr√©dio da prefeitura de Iju√≠ j√° est√£o ornamentados com os temas da P√°tria. ‚ÄúEstamos vivendo o amor a p√°tria, ao pa√≠s livre, a uma na√ß√£o que temos orgulho de viver, e aqui em Iju√≠ n√£o √© diferente, n√≥s embelezamos os patrim√¥nios p√∫blicos e n√≥s faremos o maior desfile c√≠vico que j√° tivemos nesse munic√≠pio, ser√£o praticamente 8 mil alunos todos uniformizados, 21 escolas, 14 bandas marciais e mais as for√ßas c√≠vico-militares que estar√£o presentes‚Äù, disse o prefeito Cossetin.",,275
Ijui,RS,Comentario,2022-09-01 13:27:33,schirleikristoschek,,Que lindo tudo isso ‚ù§Ô∏è,
Ijui,RS,Comentario,2022-09-01 13:58:32,gianicevalle,,Parab√©ns a todos! üáßüá∑üáßüá∑precisamos resgatar esse amor a nossa p√°tria!,
Ijui,RS,Comentario,2022-09-01 15:18:44,marcelorigoli,,Faltou o agradecimento aos Avengers que salvaram ele na semana passada,
Ijui,RS,Post,2022-08-31 22:57:38,prefeituradeijui,ANP e PROCON finalizam confer√™ncia da qualidade do combust√≠vel em todos os postos de Iju√≠. Zero notifica√ß√£o. Parab√©ns aos nossos empres√°rios!,,145
Ijui,RS,Comentario,2022-09-01 01:35:19,tfalmeida22,,üëèüëèüëèüëèüëèüëèüëè,
Ijui,RS,Comentario,2022-09-01 02:49:58,michellrichard2021,,Show!!! Mas o ideal seria publicar qual poderia ser escolhida a melhor gasolina,
Ijui,RS,Comentario,2022-09-01 11:30:52,wendtalexandre,,Parabensüëèüëèüëè,
Ijui,RS,Post,2022-08-31 18:13:09,prefeituradeijui,"Dia 1¬∫ de setembro, 9h, na Pra√ßa da Rep√∫blica em Iju√≠ acontece a abertura da Semana da P√°tria",,7
Ijui,RS,Post,2022-08-31 17:21:23,prefeituradeijui,"Cursos de Qualifica√ß√£o - Inscri√ß√µes prorrogadas at√© amanh√£
O prazo pra se inscrever nos CURSOS GRATUITOS que ser√£o ofertados pelo SENAC Iju√≠, iniciativa do Poder Executivo, por meio da Secretaria de Turismo, termina nesta quinta-feira, 1¬∫ de Outubro.
Pra se inscrever: 

1)PRESENCIALMENTE:
Local: Escola SENAC - Rua 24 de fevereiro, 315- Centro, Iju√≠/RS.
Das 13h √†s 17h30.

2) VIRTUALMENTE:
Pelo formul√°rio online: https://bit.ly/3zImUTj

Os cursos s√£o nas √°reas de:
Recepcionista de eventos - 80h
Organizador de eventos - 90h
T√©cnicas de Servi√ßo em recep√ß√£o de hotelaria - 44h
Excel√™ncia em atendimento ao turista - 44h
Ingl√™s para servi√ßos de bar e restaurante - 120h
Espanhol para servi√ßos de bar e restaurante - 120h",,7
Ijui,RS,Comentario,2022-09-02 03:38:25,adrianodemoura1453,,Quero,
Ijui,RS,Post,2022-08-31 13:37:11,prefeituradeijui,"Prazo encerra hoje!
√öltimos dias para inscri√ß√£o em vagas de est√°gio em Iju√≠
Encerra hoje √†s 16h, as inscri√ß√µes para vagas de est√°gios no munic√≠pio de Iju√≠. As inscri√ß√µes podem ser feitas na Secretaria de Administra√ß√£o - SMA, na esquina das ruas 15 de Novembro com a 20 de Setembro, 593, 4¬∫ andar. Os documentos necess√°rios s√£o atestado de matr√≠cula escolar e frequ√™ncia, RG, ficha de inscri√ß√£o e comprovante de atividades, certificados e cursos. As vagas s√£o para: T√©cnico de Enfermagem, Engenharia e Arquitetura, Veterin√°rio, Psicologia, Inform√°tica, Jornalismo, Marketing Digital, Publicidade e Propaganda, Administra√ß√£o, Cont√°beis, Farm√°cia, Enfermagem, Direito e Pedagogia.",,26
Ijui,RS,Post,2022-08-31 13:24:36,prefeituradeijui,"Bin√°rias!
SMODUTRAN realiza encontro com representantes locais.
O Governo Municipal, atrav√©s da SMODUTRAN organizou no gabinete do prefeito um encontro com representantes dos Bombeiros, Medianeira Transportes, SAMU, Policia Civil, SUSEPE e Seplan. Na reuni√£o, foi apresentado um plano de altera√ß√£o no tr√¢nsito envolvendo 80 quarteir√µes. ‚ÄúEstamos abrindo a discuss√£o e explicando o que envolve as altera√ß√µes, conscientes do transtorno inicial, bem como dos benef√≠cios para usu√°rios das nossas vias‚Äù, comentou F√°bio Franzen, secret√°rio da SMODUTRAN.",,12
Ijui,RS,Post,2022-08-31 12:58:27,prefeituradeijui,"Pra√ßa do Get√∫lio Vargas!
SMCET realiza melhorias na Pra√ßa do Get√∫lio Vargas.
A Secretaria Municipal de Cultura, Esporte e Turismo est√° √† frente das melhorias que est√£o sendo realizadas na Pra√ßa do Get√∫lio Vargas. As melhorias ir√£o beneficiar os usu√°rios do local com mais comodidade e seguran√ßa. ‚ÄúEstamos atentos para quest√µes de manuten√ß√£o e melhorias, temos muitas pra√ßas, locais esportivos e o parque para atender. Sempre pensando no melhor para a popula√ß√£o‚Äù, comentou Noel Torquatto, secretario da SMCET.",,20
Ijui,RS,Post,2022-08-31 12:24:05,prefeituradeijui,"Secretaria Municipal de Educa√ß√£o de Iju√≠ lan√ßa o 2¬∫ Concurso de Arte Estudantil

O Munic√≠pio de Iju√≠, por meio da Secretaria Municipal de Educa√ß√£o, com a finalidade de evidenciar a criatividade, a leitura e a escrita, institui o edital que regulamenta o 2¬∫ Concurso de Arte Estudantil para o ano de 2022, tendo como p√∫blico alvo  crian√ßas da Educa√ß√£o Infantil - Pr√©-escola, estudantes do Ensino Fundamental I e II, da Educa√ß√£o de Jovens e Adultos e do Ensino M√©dio,  com o tema ‚ÄúBicenten√°rio da Independ√™ncia do Brasil‚Äù. Para saber mais clique no link:SMEd Iju√≠",,4
Ijui,RS,Post,2022-08-31 12:22:50,prefeituradeijui,"Tradicionalismo!
2¬∫ Inter-Regional do Enart acontece nos pr√≥ximos dias em Iju√≠
Ocorreu ontem a apresenta√ß√£o oficial de lan√ßamento do 2¬∫ Inter-Regional do Enart, que ser√° realizado nos dias 2 e 3 de setembro em Iju√≠, no Gin√°sio Wilson M√¢nica. A Cerim√¥nia ocorreu no CTG Farroupilha com a presen√ßa do secret√°rio de Cultura, Esporte e Turismo, Noel Torquatto, do Secret√°rio da Seplan, Chico Ortiz e membros da organiza√ß√£o do Enart e representantes das entidades tradicionalistas envolvidas e imprensa. O piso do Ginasi√£o est√° sendo removido para implanta√ß√£o do tablado e a ilumina√ß√£o tamb√©m recebeu melhorias.",,7
Ijui,RS,Post,2022-08-31 12:21:19,prefeituradeijui,"""S√≥ tenho a agradecer!""
Comunidade do interior destaca as melhorias nas estradas rurais
Com uma malha vi√°ria de mais de 2,4 mil quil√¥metros de estradas rurais, a Secret√°ria de Desenvolvimento Rural vem realizando melhorias di√°rias nas vias do interior do munic√≠pio. O agricultor Elio Martens, morador da Linha 4 Oeste, no distrito de Barreiro, elogiou o trabalho de melhorias desenvolvidos na localidade. ‚ÄúO trabalho est√° muito bom, h√° muito tempo n√£o haviam obras aqui, t√≠nhamos dificuldades at√© para sair de casa e como precisamos nos deslocar frequentemente para cidade, at√© por problemas de sa√∫de, estava muito complicado. Agrade√ßo a toda equipe que trabalhou aqui para abrir as estradas novamente e realizar o cascalhamento e tamb√©m ao prefeito Andrei Cossetin. Que bom que estamos tendo as mudan√ßas que quer√≠amos‚Äù, contou Elio.",,13
Ijui,RS,Post,2022-08-30 12:18:42,prefeituradeijui,"Pra√ßa Verde Amarela!
Inicia preparativos na Pra√ßa da Rep√∫blica para evento de 7 de setembro.
A SMODUTRAN, que participa da organiza√ß√£o da Semana da P√°tria, iniciou os preparativos para o evento que ir√° comemorar o Bicenten√°rio da Independ√™ncia do Brasil. A popula√ß√£o que cruzar pela Pra√ßa da Rep√∫blica j√° ir√° se deparar com os cord√µes pintados em verde e amarelo.",,145
Ijui,RS,Comentario,2022-08-30 14:53:13,leoclaudyy,,üôåüôåüëèüëè Viva a na√ß√£o BRASILEIRA üôå,
Ijui,RS,Post,2022-08-30 12:05:47,prefeituradeijui,"Hipertensos e Diab√©ticos!
Encontro ser√° realizado na Primeira Igreja Batista de Iju√≠.
O Posto Central convida a comunidade pertencente ao ESF 18 para o encontro dos hipertensos e diab√©ticos dia 01 de Setembro √†s 14h na Primeira Igreja Batista de Iju√≠. O encontro j√° √© tradicional e tem a fun√ß√£o de esclarecer sobre tem√°ticas relacionadas √† sa√∫de.",,11
Ijui,RS,Comentario,2022-08-30 16:32:41,regishozer,,@g_aarouca,
Ijui,RS,Post,2022-08-30 12:04:15,prefeituradeijui,"Aten√ß√£o alistados!
Junta de Servi√ßo Militar comunica sele√ß√£o deste ano
A JSM de Iju√≠ comunica aos alistados em 2022 que a sele√ß√£o desse ano j√° est√° acontecendo. Quem n√£o souber seu dia de comparecer consulte no site: alistamento.eb.mil.br ou entre em contato com a Junta pessoalmente ou pelo fone 55 3331 8201. N√£o deixa de comparecer pois √© um Passo decisivo para definir sua situa√ß√£o Militar.",,13
Ijui,RS,Post,2022-08-30 12:03:17,prefeituradeijui,"Sem Desculpa!
SMS realiza hor√°rio estendido para pais que ainda n√£o levaram seus filhos para vacina√ß√£o contra poliomielite.

Sem Desculpa!
A Secretaria Municipal de Sa√∫de est√° oferecendo hor√°rio estendido de atendimento para a vacina√ß√£o contra a poliomielite. Na pr√≥xima quinta-feira (01/09), no pr√©dio da SMS, entre 17:00h e 20:00h servidores estar√£o dispon√≠veis para dar a gotinha √†s crian√ßas de 1 a 4 anos de idade. Al√©m disso, estar√£o realizando a multivacina√ß√£o para atualiza√ß√£o de vacinas em menores de 15 anos. Pede-se para respons√°veis levarem caderneta de vacinas e cart√£o SUS da crian√ßa.",,6
Ijui,RS,Post,2022-08-30 12:02:09,prefeituradeijui,"Oportunidade In√©dita!
Curso de Torno CNC √© oferecido pela primeira vez pelo Poder P√∫blico Municipal.

Oportunidade In√©dita!
Curso de Torno CNC √© oferecido pela primeira vez pelo Poder P√∫blico Municipal.
Atrav√©s do Programa Qualifica + Iju√≠, organizado pela SMDEC e SMDS, 32 alunos far√£o o curso Torno CNC oferecido pelo Governo Municipal. Oferecido pela primeira vez de forma gratuita, o curso de 50 horas est√° sendo realizado na carreta do SENAI estacionada na Pra√ßa da Rep√∫blica. ‚ÄúAproveitem! Esta √© uma oportunidade excelente de qualifica√ß√£o. Os melhores certamente saem com a entrevista de emprego garantida‚Äù, anunciou o prefeito em seu discurso de inaugura√ß√£o. Estavam presentes no lan√ßamentos os secret√°rios das pastas de obras, planejamento, desenvolvimento social e desenvolvimento econ√¥mico. Chico Noronha, adjunto da pasta de desenvolvimento econ√¥mico salientou sobre a import√¢ncia dos inscritos finalizarem o curso e, em caso de desist√™ncia, avisarem a secretaria que conta com fila de espera para a realiza√ß√£o do mesmo.",,8
Ijui,RS,Post,2022-08-29 14:20:43,prefeituradeijui,"Comunicado!
Mensagens falsas est√£o sendo enviadas pelo WhatsApp
O munic√≠pio de Iju√≠ comunica que n√£o envia nenhum tipo de mensagem por aplicativo para popula√ß√£o realizar o cadastramento no Cadastro √önico para receber o Aux√≠lio Brasil. Nos √∫ltimos dias pessoas receberam mensagem por WhatsApp para realizar tal cadastramento para receber o aux√≠lio. O WhatsApp √© falso e a popula√ß√£o deve ignorar este tipo de mensagem.",,216
Ijui,RS,Comentario,2022-08-29 15:39:46,adrianodemoura1453,,üôåüò¢,
Ijui,RS,Post,2022-08-29 12:22:50,prefeituradeijui,"Super-her√≥is invadiram Iju√≠!
Evento foi considerado um sucesso pelo p√∫blico que esteve na Pra√ßa da Rep√∫blica

Os super-her√≥is invadiram Iju√≠ e salvaram o prefeito Andrei Cossetin das m√£os dos bandidos. A encena√ß√£o chamou a aten√ß√£o da crian√ßada que acompanhava atentamente o desfile pela rua 15 de Novembro no in√≠cio da tarde de domingo. Mesmo com o frio, a Pra√ßa ficou lotada para acompanhar o evento in√©dito, o 1¬∫ Geek Fest Iju√≠. O prefeito Andrei Cossetin destacou a import√¢ncia do evento para fomentar a cultura e lazer das crian√ßas e dos adolescentes. Al√©m da performance dos super-her√≥is o evento contou com tendas de produtos voltados ao p√∫blico Geek e presen√ßa de cosplay de diversos personagens de filmes e desenhos.",,152
Ijui,RS,Comentario,2022-08-29 17:31:53,a.dalsasso,,Parab√©ns a @prefeituradeijui pela iniciativa. Foi memor√°vel!,
Ijui,RS,Comentario,2022-08-30 00:43:41,fer.cosplay,,Foi incr√≠vel üòç,
Ijui,RS,Post,2022-08-29 12:19:51,prefeituradeijui,"Amanh√£ n√£o haver√° vacina√ß√£o contra Covid
Vacina√ß√£o ser√° retomada dia 31, no pr√©dio da SMS

A equipe da esta√ß√£o vacina estar√° em mudan√ßa neste dia 30 de agosto, organizando novo local para atendimento da vacina√ß√£o contra covid.

A partir de 31/8, quarta feira as vacinas contra covid ser√£o ofertadas √† popula√ß√£o, no pr√©dio da Secretaria municipal da sa√∫de, nos hor√°rios: a partir das 7:30 as 11 horas e 13:30 as 16:30 horas.

Importante que a popula√ß√£o apresente documento de identifica√ß√£o para a vacina√ß√£o, crian√ßas e adolescentes, al√©m do documento de identifica√ß√£o, apresentar tamb√©m a caderneta de vacinas.",,25
Ijui,RS,Comentario,2022-08-29 20:46:17,steurerfabiane,,que idade est√£o vacinando?,
Ijui,RS,Post,2022-08-29 12:17:13,prefeituradeijui,"Brincadeira S√©ria!
Z√© Gotinha estava entre os her√≥is vacinando contra a poliomielite.

No meio dos her√≥is do Festival Geek Iju√≠, o Z√© Gotinha tamb√©m fez muito sucesso. A Secretaria Municipal de Sa√∫de esteve presente no evento vacinando contra a poliomielite. Os pequenos puderam receber as duas gotinhas da vacina que previne s√©rias consequ√™ncia. ‚ÄúTivemos um bom p√∫blico presente e tamb√©m refor√ßamos sobre a import√¢ncia da vacina√ß√£o infantil estar em dia‚Äù, comentou M√°rcio Strassburger, secret√°rio da SMS. A vacina√ß√£o ainda est√° dispon√≠vel nas salas de vacina do munic√≠pio. Solicita-se que os respons√°veis levem a carteia de vacina√ß√£o da crian√ßa na hora da imuniza√ß√£o.",,11
Ijui,RS,Post,2022-08-29 12:15:40,prefeituradeijui,"Solidariedade!
Comerciante entrega brinquedos para serem doados √† crian√ßas do munic√≠pio.

A comerciante Mari Witczak Fran√ßa realizou a doa√ß√£o de brinquedos que ser√£o distribu√≠dos para crian√ßas do munic√≠pio. Mari, fez a doa√ß√£o para servidores do Gin√°sio Municipal, que a conduziram at√© o Ponto das Roupas, junto √† Secretaria de Desenvolvimento Social, local onde as doa√ß√µes s√£o separadas e destinadas. ‚ÄúSempre que recebemos doa√ß√µes aqui, acabamos encaminhando para a SMDS‚Äù, explicou Alisson Pizzoni, secret√°rio adjunto da SMCET de Iju√≠.",,12
Ijui,RS,Comentario,2022-08-31 22:46:20,rrosemacedo,,Parab√©ns pela atitude üëèüëèüëèüëè,
Ijui,RS,Post,2022-08-29 12:14:40,prefeituradeijui,"Valendo a Pena!
Trecho complicado da Avenida das Na√ß√µes entra em nova etapa.
Comerciantes e moradores da Rua do Com√©rcio, nas proximidades da sinaleira do Posto do Ganso presenciaram importante passo na constru√ß√£o da Avenida das Na√ß√µes. O fechamento dos buracos necess√°rios para a quest√£o do saneamento b√°sico foram realizados. A pr√≥xima etapa ser√° a coloca√ß√£o das paradas de √¥nibus, parklets e asfaltamento da via. ‚ÄúFoi um trecho que exigiu bastante paci√™ncia por parte dos usu√°rios, pois as interven√ß√µes foram de grande escala, por√©m, absolutamente necess√°rias‚Äù, explicou Chico Noronha, do N√∫cleo de Projetos da Prefeitura Municipal.",,53
Ijui,RS,Post,2022-08-29 12:13:30,prefeituradeijui,"Inscri√ß√µes abertas!
Canto de Luz j√° est√° recebendo inscri√ß√µes atrav√©s do site do evento.
O Canto de Luz 2022 est√° com inscri√ß√µes abertas at√© o dia 30 de setembro. O evento ocorre entre os dia 17 e 19 de novembro nas depend√™ncias da SOGI, em Iju√≠. Os interessados em participar, devem acessar o site www.cantodeluz.com.br . A decima primeira edi√ß√£o do evento tem como slogan ‚ÄúLuzes para um Novo Canto‚Äù.",,4
Ijui,RS,Post,2022-08-28 23:36:09,prefeituradeijui,,,679
Ijui,RS,Comentario,2022-08-29 07:29:04,veryvestenafotografia,,Infelizmente n√£o sabia. Perdi essa.,
Ijui,RS,Comentario,2022-08-28 23:54:39,patriciafuculo,,üëèüëèüëèüëè‚ù§Ô∏è,
Ijui,RS,Comentario,2022-08-29 01:16:41,jakeotavio2014,,üëèüëèüëèparab√©ns...estava show!,
Ijui,RS,Comentario,2022-08-29 14:45:18,edvanda_camargo,,‚ù§Ô∏è‚ù§Ô∏è,
Ijui,RS,Comentario,2022-08-29 01:44:48,rogereade,,üëèüëèüëèüëè,
Ijui,RS,Comentario,2022-08-29 12:54:29,eloaportolan,,Parab√©ns estava muito lindo üòçüòçüòç,
Ijui,RS,Comentario,2022-08-29 00:04:19,tere_escaio,,InfelizmenteN√£o sabia!,
Ijui,RS,Comentario,2022-08-29 00:04:56,tere_escaio,,Muito legal!üëèüëè,
Ijui,RS,Comentario,2022-08-29 01:26:01,fabriciocosta65,,Estou ansioso pro proximo,
Ijui,RS,Comentario,2022-08-28 23:51:32,vanessa.n.rodrigues,,Domingo topüëè,
Ijui,RS,Post,2022-08-28 18:24:23,prefeituradeijui,Her√≥is invadem Iju√≠!,,477
Ijui,RS,Comentario,2022-08-28 18:29:53,gasparotto.rs,,üôåüëèüëèüëè,
Ijui,RS,Comentario,2022-08-28 20:43:17,thieleteixeira,,"üëèüëèüëèüëè tava muito bom, parab√©ns",
Ijui,RS,Comentario,2022-08-28 21:34:31,marialosangelanunes,,üëèüëèüëèüëèque show,
Ijui,RS,Comentario,2022-08-28 22:23:54,fabemour,,üëèüëèüëè,
Ijui,RS,Comentario,2022-08-28 23:40:17,cristyannegross,,üëèüëèüëè,
Ijui,RS,Comentario,2022-08-29 12:55:19,eloaportolan,,üòçüòçüëèüëèüëèüëè,
Ijui,RS,Post,2022-08-28 13:02:52,prefeituradeijui,"As crian√ßas simbolizam o futuro da sociedade. A pureza, sinceridade e amor que distribuem, revitaliza o cora√ß√£o daqueles que fazem, pensam e trabalham por elas! @andreiijui @smed.ijui #trabalhandojuntos",,57
Ijui,RS,Comentario,2022-08-28 13:14:20,bernadete_za,,üëè‚ù§Ô∏è,
Ijui,RS,Post,2022-08-26 19:33:32,prefeituradeijui,"Lan√ßamos a marca de Iju√≠! üëèüèº

Em um evento emocionante e hist√≥rico para o nosso munic√≠pio, apresentamos oficialmente a nova cara de Iju√≠. Que tem o intuito de potencializar nossos diferenciais competitivos, aperfei√ßoar a comunica√ß√£o, melhorar a imagem e aumentar o valor percebido de nosso munic√≠pio üöÄ

Iniciativa volunt√°ria do N√∫cleo do Jovem Empreendedor, o projeto da Marca e Identidade visual do munic√≠pio foi desenvolvido pelo designer Jainel Jung, √© Lei Municipal e pertence √† cidade de Iju√≠.

Sem prop√≥sito partid√°rio, religioso, ideol√≥gico ou de g√™nero, mas sim, para representar a identidade e os valores do munic√≠pio, para que toda a comunidade possa fazer uso da marca, e assim, promover o senso de pertencimento. 

Iju√≠, uma marca para todos! ü§ùüèº

Parab√©ns N√∫cleo do Jovem Empreendedor. Parab√©ns Iju√≠. Temos orgulho de ser ijuienses! üí™üèº‚ú®",,182
Ijui,RS,Comentario,2022-08-26 19:35:33,simone.nicoletti.142,,üëèüëè,
Ijui,RS,Comentario,2022-08-26 19:47:07,nedissongessi,,Parab√©ns e sucesso,
Ijui,RS,Comentario,2022-08-26 19:59:55,davanti_store,,üëèüëèüëèüëèüëè,
Ijui,RS,Comentario,2022-08-26 20:00:54,bem_seguro,,üëèüëèüëèüëè,
Ijui,RS,Comentario,2022-08-26 22:16:53,by_raque,,"üëèüëèüëè minha terra natal linda! S√≥ desejo ben√ß√£os, alegrias do renovo e sucesso!üíê",
Ijui,RS,Comentario,2022-08-26 21:13:39,bbiancaely,,üëèüëèüëèüëè,
Ijui,RS,Comentario,2022-08-28 20:28:45,marcoaureliosikacz,,üëèüëèüëè,
Ijui,RS,Comentario,2022-08-26 22:15:23,bernadete_za,,üëèüôå‚ù§Ô∏è,
Ijui,RS,Comentario,2022-08-27 02:59:44,cma_ijui,,üëèüëèüëèüëèüëè,
Ijui,RS,Comentario,2022-08-27 10:58:56,mecautor,,üëèüëèüëè,
Ijui,RS,Comentario,2022-08-26 21:55:37,tatiwagner,,Que trabalho lindo! Que iniciativa maravilhosa! Fico at√© emocionada em ouvir uma reportagem assim! Parab√©ns Andrei Iju√≠ merece! √â s√≥ saber explorar! S√≥ vaiüöÄüöÄüöÄüöÄüîùüíØüíØüíØüíØ,
Ijui,RS,Post,2022-08-26 12:42:07,prefeituradeijui,"Projetando Iju√≠ para o futuro!
Apresentada nova identidade visual do munic√≠pio de Iju√≠

Em cerim√¥nia realizada nas depend√™ncias da  UETI na noite de quinta-feira, 25, foi apresentada a nova identidade visual do munic√≠pio de Iju√≠. ‚ÄúHoje come√ßamos a projetar Ijui para o futuro‚Äù, disse o prefeito Andrei Cossetin ao apresentar a nova logomarca que agora ser√° utilizada em diversos locais para identificar o munic√≠pio. A marca foi idealizada pelo designer Jainel Jung, em seu projeto de gradua√ß√£o. O projeto foi apresentado junto ao N√∫cleo de Jovens Empreendedores da ACI, ao prefeito Cossetin e foi aprovado pela C√¢mara, se tornando a nova identidade visual do munic√≠pio.
O ‚ÄúI‚Äù, estilizado remete a Colmeia do Trabalho, √†s Etnias, as √°guas minerais, ao rio Iju√≠ e a conex√£o entre os povos que colonizaram a cidade. O colorido da marca remete √†s etnias e o azul, √†s √°guas. ‚ÄúN√≥s queremos aqui transformar a cidade, fazer a comunidade ter o sentido de pertencimento, levando a nossa cidade e a nossa marca al√©m fronteiras, fazendo com que Iju√≠ volte a ser conhecida al√©m de Capital Nacional das Etnias, a Colmeia do Trabalho e essa cidade muito boa de se viver, morar e investir‚Äù, explicou o prefeito Andrei Cossetin.",,23
Ijui,RS,Post,2022-08-26 12:39:08,prefeituradeijui,"De olho no campo!
Prefeito visita obras realizada pela SMDR na Esquina Dutra.

O prefeito Andrei Cossetin visitou os trabalhos realizados pela Secretaria de Desenvolvimento Rural, na Esquina Dutra. Foram feitos 3,5 km de cascalhamento pela equipe da SMDR. O secret√°rio Daniel Claudy e o vereador Rodrigo Noronha acompanharam o chefe do executivo que agradeceu pessoalmente o empenho dos servidores e conversou com moradores da localidade. ‚ÄúEstamos trabalhando! Mais m√°quinas est√£o chegando e metro a metro chegamos a cada  local da nossa grande Iju√≠‚Äù, comentou Cossetin √† moradores.",,8
Ijui,RS,Post,2022-08-26 12:35:43,prefeituradeijui,"Iju√≠ + Segura!
Her√≥is dever√£o estar em peso na Pra√ßa da Rep√∫blica no pr√≥ximo domingo.
No pr√≥ximo domingo certamente Iju√≠ estar√° super protegida. Teremos a nobre presen√ßa de diversos her√≥is no Primeiro Primeiro Iju√≠ Geek Festival. A programa√ß√£o prev√™ desfile tem√°tico, tendas do meio nerd, games, RPG, concurso cosplay, concurso de desenho, brinquedos infl√°veis e muita m√∫sica. O evento est√° sendo organizado pela Liga dos Her√≥is com apoio da SMCET. O Geek Festival ocorre na Pra√ßa da Rep√∫blica com in√≠cio previsto para as 13:30h. Os organizadores estar√£o arrecadando alimentos, agasalhos e brinquedos que ser√£o doados √† entidades filantr√≥picas.",,137
Ijui,RS,Comentario,2022-08-26 17:44:58,jamaicasantos33,,Falto o Hulk  meu nene adora,
Ijui,RS,Post,2022-08-26 12:34:13,prefeituradeijui,"Conhecendo o campe√£o!
Domingo √© dia de final no Campeonato Distrital
Neste domingo, √†s 15h, Chor√£o e Juventude de Rinc√£o dos G√≥i se enfrentam no jogo de volta da final do Campeonato Municipal de Futebol Distrital. No primeiro jogo da final, disputado no campo do Rinc√£o dos G√≥i, o Juventude venceu o Chor√£o por 2 a 0. A partida que decide o campe√£o ter√° in√≠cio √†s 15h no campo do Chor√£o.",,10
Ijui,RS,Post,2022-08-26 12:32:24,prefeituradeijui,"""N√£o deixe pra √∫ltima hora!""
Fam√≠lias que receber√£o as escrituras precisam agilizar documenta√ß√£o para cadastro.
A frase do secret√°rio de habita√ß√£o, Marcelo Buss, √© um alerta para os moradores dos bairros Gl√≥ria, Colonial, 15 de Novembro e Get√∫lio Vargas. O chefe da pasta que ir√° regularizar 1400 terrenos em Iju√≠ lembra os beneficiados da necessidade de estar com o Cadastro √önico em dia. O Cad √önico √© requisitado pelo interessado junto √† Secretaria de Desenvolvimento Social e leva 48 horas para ficar pronto. ‚ÄúTemos impreterivelmente at√© o dia 16 de setembro para cadastrar todas as fam√≠lias no sistema. N√£o haver√° extens√£o de prazo, por isso recomendo: n√£o deixarem para √∫ltima hora‚Äù, alertou Buss.",,5
