Ãguas Frias,SC,Post,2019-12-14 11:56:26,municipiodeaguasfrias,"HOJE, dia 14 de dezembro, encerrando as comemoraÃ§Ãµes dos 28 anos de Ãguas Frias, o Governo Municipal inaugura obras importantes para o povo de Ãguas Frias, a *Escola do Campo em Tempo Integral de TarumÃ£zinho*, a partir das 10h da manhÃ£ e *barracÃµes e o calÃ§amento da Ã¡rea industrial* a partir das 17h. VocÃª Ã© convidado especial. 
Ãguas Frias 28 anos, valorizando as pessoas! ğŸ˜ƒ

#ÃguasFrias28Anos #CapitaldoAbraÃ§o
ğŸ†",,18
Ãguas Frias,SC,Post,2019-12-11 13:34:33,municipiodeaguasfrias,"SÃ¡bado, dia 14 de dezembro, o Governo Municipal inaugura, a partir das 17h, os novos barracÃµes e calÃ§amento da Ã¡rea industrial de Ãguas Frias. VocÃª Ã© convidado especial. Ãguas Frias 28 anos, valorizando as pessoas! ğŸ˜ƒ

#ÃguasFrias28Anos #CapitaldoAbraÃ§o ğŸ†",,15
Ãguas Frias,SC,Post,2019-12-10 14:44:25,municipiodeaguasfrias,"SÃ¡bado, dia 14 de dezembro, o Governo Municipal inaugura, a partir das 17h, os novos barracÃµes e calÃ§amento da Ã¡rea industrial de Ãguas Frias. VocÃª Ã© convidado especial. Ãguas Frias 28 anos, valorizando as pessoas! ğŸ˜ƒ

#ÃguasFrias28Anos #CapitaldoAbraÃ§o ğŸ†",,13
Ãguas Frias,SC,Post,2019-12-10 14:42:07,municipiodeaguasfrias,"SÃ¡bado, dia 14 de dezembro, encerrando as comemoraÃ§Ãµes dos 28 anos de Ãguas Frias, o Governo Municipal inaugura a Escola do Campo em Tempo Integral de TarumÃ£zinho, a partir das 10h da manhÃ£. VocÃª Ã© convidado especial. Ãguas Frias 28 anos, valorizando as pessoas! ğŸ˜ƒ

#ÃguasFrias28Anos #CapitaldoAbraÃ§o ğŸ†",,16
Ãguas Frias,SC,Post,2019-12-05 19:28:16,municipiodeaguasfrias,"ÃGUAS FRIAS 28 ANOS: SHOW GOSPEL E 1Âº CINEMA AO AR LIVRE

No Ãºltimo domingo (01), na sequÃªncia da programaÃ§Ã£o de festividades alusivas ao aniversÃ¡rio de 28 anos da Capital do AbraÃ§o, foi realizado na PraÃ§a Municipal Armando Zanella, show gospel com a dupla Thiago Lopes e Matheus, parceria do Governo Municipal e a Igreja Assembleia de Deus. ApÃ³s o show, as famÃ­lias aguasfrienses e visitantes prestigiaram o 1Âº Cinema na PraÃ§a, com a exibiÃ§Ã£o do filme ""O Rei LeÃ£o"". Mais fotos: https://bit.ly/34RQPI8 ğŸ“¸ 
#ÃguasFrias28Anos #CapitaldoAbraÃ§o #ValorizandoasPessoas ğŸ¼ğŸ¥ğŸ†",,35
Ãguas Frias,SC,Post,2019-12-05 12:53:39,municipiodeaguasfrias,"TÃ¡ chegando a hora! ğŸ’¥

Dia 12 de dezembro (quinta-feira), Ã© o dia do aniversÃ¡rio de 28 anos de emancipaÃ§Ã£o do MunicÃ­pio de Ãguas Frias. O nosso aniversÃ¡rio Ã© muito mais do que um marco na vida de cada cidadÃ£o, Ã© uma pÃ¡gina que viramos para conquistar novos sonhos, novas realizaÃ§Ãµes e continuar reescrevendo a histÃ³ria da Capital do AbraÃ§o. VocÃª Ã© nosso convidado especial para essa festa marcante! ğŸ‰ğŸ‚ğŸ’ƒğŸ” #ÃguasFrias28Anos #CapitaldoAbraÃ§o #ValorizandoasPessoas ğŸ†",,11
Ãguas Frias,SC,Post,2019-12-03 18:07:52,municipiodeaguasfrias,Ã‰ IMPERDÃVEL ğŸ‘ğŸ¤ğŸ”ğŸ’¥âœ”,,38
Ãguas Frias,SC,Post,2019-12-03 13:25:18,municipiodeaguasfrias,"ÃGUAS FRIAS 28 ANOS: FESTA NA LINHA VENCI

A Comunidade da Linha Venci realizou no Ãºltimo domingo (01), a festa da padroeira Santa BÃ¡rbara. O tradicional evento tambÃ©m fez parte das comemoraÃ§Ãµes do aniversÃ¡rio de 28 anos da Capital do AbraÃ§o.

#ÃguasFrias28Anos #CapitaldoAbraÃ§o ğŸ†",,40
Ãguas Frias,SC,Post,2019-12-02 19:48:22,municipiodeaguasfrias,"SÃ¡bado, dia 07 de dezembro, seguindo as comemoraÃ§Ãµes dos 28 anos de Ãguas Frias, vem aÃ­ o maior baile de chopp da RegiÃ£o, o 18Âº Baile do Chopp do Esporte Clube Ipiranga. Ã‰ imperdÃ­vel !! ğŸ’ƒğŸ»ğŸ¶ â¡ InformaÃ§Ãµes pelo 98839 1856

#ÃguasFrias28Anos #CapitaldoAbraÃ§o",,15
Ãguas Frias,SC,Post,2019-12-02 17:10:56,municipiodeaguasfrias,"ÃGUAS FRIAS 28 ANOS: NOITE CULTURAL E LANÃ‡AMENTO DO NATAL ILUMINADO

Na Ãºltima sexta-feira (29), a Capital do AbraÃ§o iniciou as comemoraÃ§Ãµes do aniversÃ¡rio de 28 anos com a Noite Cultural e o lanÃ§amento do Natal Iluminado. O evento realizado pelo Governo de Ãguas Frias atravÃ©s da Secretaria de EducaÃ§Ã£o, Cultura, Esportes e Turismo aconteceu pela primeira vez na PraÃ§a Municipal Armando Zanella. ApresentaÃ§Ãµes culturais, natalinas e musicais da Casa da Cultura AmÃ©rico Izoton, Escolas Municipais, APAE de Pinhalzinho e Grupos de DanÃ§a do MunicÃ­pio de Nova Erechim abrilhantaram a noite. O prefeito Ricardo Rolim de Moura, a vice-prefeita Janete Daga, vereadores, secretÃ¡rios e comissÃ£o organizadora participaram do ato junto da populaÃ§Ã£o. ğŸ¼ğŸ’ƒğŸ…ğŸ„ğŸ† Mais fotos no facebook ğŸ“¸

#ÃguasFrias28Anos #CapitaldoAbraÃ§o",,25
Ãguas Frias,SC,Post,2019-12-02 13:00:52,municipiodeaguasfrias,"JOGOS DOS IDOSOS DO MUNICÃPIO DE ÃGUAS FRIAS

Na Ãºltima sexta-feira (29), o Governo Municipal atravÃ©s da Secretaria de AssistÃªncia Social e Secretaria de EducaÃ§Ã£o, Cultura, Esportes e Turismo, realizou os Jogos dos Idosos do MunicÃ­pio de Ãguas Frias (JIMAS). A ediÃ§Ã£o deste ano aconteceu na Linha Alto TarumÃ£zinho e contou com a participaÃ§Ã£o do grupo anfitriÃ£o, alÃ©m da Sede, TarumÃ£zinho, Josefina, SÃ£o JoÃ£o e Santo AntÃ´nio do Pinhal. O JIMAS teve diversas modalidades, entre elas: cinquilho, canastra, bisca, 3/7, truco, bolÃ£ozinho, pÃªnalti e concurso de valsa e vanerÃ£o.

CLASSIFICAÃ‡ÃƒO FINAL:

CampeÃ£o: TarumÃ£zinho
Vice: Sede
3Âº: Josefina âš½ğŸƒğŸ† O prefeito Ricardo Rolim de Moura, a vice-prefeita Janete Daga, secretÃ¡rios municipais e vereadores prestigiaram o evento esportivo de integraÃ§Ã£o entre os grupos de idosos da Capital do AbraÃ§o.

#JIMAS #ÃguasFrias28Anos #CapitaldoAbraÃ§o",,39
Ãguas Frias,SC,Post,2019-12-01 13:05:48,municipiodeaguasfrias,"Ã‰ HOOOJE

Domingo, 1Â° de dezembro, seguindo as *comemoraÃ§Ãµes dos 28 anos de Ãguas Frias*, convidamos vocÃª e sua famÃ­lia para dois grandes eventos. ğŸ¼ğŸ¥ â¡ *Festa da Linha Venci* (ProgramaÃ§Ã£o costumeira) â¡ *Show Gospel e Cinema na PraÃ§a* (Entrada gratuita) *Ãguas Frias 28 anos, valorizando as pessoas!* ğŸ†

#ÃguasFrias #CapitaldoAbraÃ§o",,7
Ãguas Frias,SC,Post,2019-11-29 11:31:56,municipiodeaguasfrias,"O nosso primeiro evento em comemoraÃ§Ã£o aos 28 anos de Ãguas Frias Ã© HOJE, dia 29 de novembro, com a Noite Cultural e LanÃ§amento do Natal Iluminado 2019. Participe! ğŸ¼ğŸ’ƒğŸ…ğŸ„ Ãguas Frias 28 anos, valorizando as pessoas! ğŸ†

#ÃguasFrias #CapitaldoAbraÃ§o",,13
Ãguas Frias,SC,Comentario,2019-11-29 14:16:19,jefersonjefeds,,ğŸ‘ğŸ‘ğŸ‘ğŸ‘ @municipiodeaguasfrias,
Ãguas Frias,SC,Post,2019-11-28 18:54:04,municipiodeaguasfrias,"Venha comemorar o aniversÃ¡rio deste MunicÃ­pio hospitaleiro e acolhedor! ğŸ†

#ÃguasFrias28Anos #CapitaldoAbraÃ§o",,35
Ãguas Frias,SC,Post,2019-11-26 12:05:54,municipiodeaguasfrias,"Convite da dupla Thiago Lopes e Matheus para o Show neste domingo (01) na PraÃ§a Municipal.

Ãguas Frias 28 anos, valorizando as pessoas! ğŸ†

#ÃguasFrias #CapitaldoAbraÃ§o",,13
Ãguas Frias,SC,Post,2019-11-26 12:03:11,municipiodeaguasfrias,"Neste domingo, dia 01 de dezembro, seguindo as comemoraÃ§Ãµes dos 28 anos de Ãguas Frias, convidamos vocÃª e sua famÃ­lia para dois grandes eventos. ğŸ¼ğŸ¥ â¡ Festa de Linha Venci (ProgramaÃ§Ã£o costumeira) â¡ Show Gospel e Cinema na PraÃ§a (Entrada gratuita)

Ãguas Frias 28 anos, valorizando as pessoas! ğŸ†

#ÃguasFrias #CapitaldoAbraÃ§o",,11
Ãguas Frias,SC,Post,2019-11-25 18:18:07,municipiodeaguasfrias,"PREFEITURA DE ÃGUAS FRIAS REALIZA LEILÃƒO PÃšBLICO

Acontece no dia 05 de dezembro, Ã¡s 10h da manhÃ£, no Centro Administrativo, o leilÃ£o pÃºblico presencial para a venda de bens mÃ³veis do MunicÃ­pio de Ãguas Frias. AlÃ©m de presencial, o leilÃ£o estarÃ¡ disponÃ­vel online no site: www.superbid.net.

A descriÃ§Ã£o dos bens mÃ³veis diversos, informaÃ§Ãµes e outros detalhes poderÃ£o ser obtidos no prÃ³prio site ou na Prefeitura de Ãguas Frias atravÃ©s do fone: (49) 3332-0019.",,11
Ãguas Frias,SC,Post,2019-11-25 12:02:05,municipiodeaguasfrias,"O nosso primeiro evento em comemoraÃ§Ã£o aos 28 anos de Ãguas Frias Ã© nesta sexta-feira, dia 29 de novembro, com a Noite Cultural e LanÃ§amento do Natal Iluminado 2019. Participe! ğŸ¼ğŸ’ƒğŸ…ğŸ„ Ãguas Frias 28 anos, valorizando as pessoas! ğŸ†

#ÃguasFrias #CapitaldoAbraÃ§o",,14
Ãguas Frias,SC,Post,2019-11-18 17:43:51,municipiodeaguasfrias,"A Secretaria de EducaÃ§Ã£o de Ãguas Frias informa que estÃ£o abertas as matrÃ­culas da EducaÃ§Ã£o Infantil, Creche e PrÃ©-escola e do Ensino Fundamental de 1Âº a 5Âº ano, para o ano letivo de 2020, da Rede Municipal de Ensino. Mais informaÃ§Ãµes pelo fone 3332 0120. ğŸ“ğŸ’ğŸ“š",,8
Ãguas Frias,SC,Post,2019-11-18 14:22:30,municipiodeaguasfrias,"ÃGUAS FRIAS PREPARA PROGRAMAÃ‡ÃƒO DE ANIVERSÃRIO

O Governo de Ãguas Frias lanÃ§ou uma programaÃ§Ã£o de festividades para comemorar o aniversÃ¡rio de 28 anos em dezembro. A programaÃ§Ã£o inicia no dia 29 de novembro com a Noite Cultural e o lanÃ§amento do Natal Iluminado 2019. O destaque da programaÃ§Ã£o acontece no dia 12 de dezembro, dia do aniversÃ¡rio, com almoÃ§o gratuito aos munÃ­cipes e show nacional com Matogrosso e Mathias, entrada gratuita. 
O prefeito Ricardo Rolim de Moura convida toda a populaÃ§Ã£o para participar dos eventos. ""Preparamos uma programaÃ§Ã£o com a ajuda de entidades para comemorar com o nosso povo os 28 anos da Capital do AbraÃ§o. Os aguasfrienses sÃ£o trabalhadores e merecem tambÃ©m esses momentos especiais que estamos proporcionando. Esperamos a participaÃ§Ã£o e o sucesso dos eventos"", ressalta o prefeito de Ãguas Frias. ğŸ‚ğŸ‰ğŸ† #ÃguasFrias28Anos #CapitaldoAbraÃ§o",,52
Ãguas Frias,SC,Post,2019-11-12 19:37:01,municipiodeaguasfrias,"Em 2019, o Governo de Ãguas Frias jÃ¡ concluiu obras importantes para a populaÃ§Ã£o, entre elas, a pavimentaÃ§Ã£o asfÃ¡ltica no acesso ao Bairro Bem Viver, valorizando os moradores e melhorando a trafegabilidade na avenida Anita Boaro. Obra concluÃ­da e inaugurada na Capital do AbraÃ§o! âœ…ğŸ‘ #GovernodeÃguasFrias #ValorizandoasPessoas",,38
Ãguas Frias,SC,Post,2019-11-12 11:38:59,municipiodeaguasfrias,"Programa de RecuperaÃ§Ã£o Fiscal de Ãguas Frias vai atÃ© dia 30 de novembro

A Prefeitura de Ãguas Frias lanÃ§ou o Programa de RecuperaÃ§Ã£o Fiscal (PREFIAG) para negociaÃ§Ã£o de dÃ©bitos de contribuintes com a AdministraÃ§Ã£o Municipal, adquiridos atÃ© 31 de marÃ§o de 2019. O programa foi instituÃ­do para diminuir a dÃ­vida ativa de contribuintes com o municÃ­pio.

Se a dÃ­vida for paga em parcela Ãºnica, o desconto dos juros e multas Ã© de 100%, jÃ¡ com 90% de desconto, para quem optar pelo pagamento em atÃ© seis parcelas. O contribuinte pode obter mais informaÃ§Ãµes na Secretaria de AdministraÃ§Ã£o, FinanÃ§as e Planejamento na Prefeitura de Ãguas Frias. 
Fique em dia com o seu municÃ­pio! ğŸ“ˆ",,4
Ãguas Frias,SC,Post,2019-11-11 13:16:25,municipiodeaguasfrias,"DEFINIDOS OS CAMPEÃ•ES DO FUTSAL 2019 DE ÃGUAS FRIAS

No Ãºltimo sÃ¡bado (09), no GinÃ¡sio da Escola Sete de Setembro, foram definidos os campeÃµes do Campeonato Municipal de Futsal de Ãguas Frias, ediÃ§Ã£o 2019. Na decisÃ£o do livre masculino, o Viracopos venceu a Bio Base por 6 a 1. No feminino, As Menininhas venceram o Botafogo/Josefina pelo placar de 2 a 1. JÃ¡ na final do veteranos, a Venci conquistou o tÃ­tulo apÃ³s vencer a Josefina por 6 a 4. PremiaÃ§Ãµes por categoria:

FORÃ‡A LIVRE MASCULINO

CampeÃ£o: Viracopos
Vice-campeÃ£o: Bio Base
3Âº lugar: Ousados
Artilheiro: Luiz Eduardo Daga (11 gols)
Goleiro menos vazado: Ã‰rico Zago (11 gols sofridos)

FORÃ‡A LIVRE FEMININO

CampeÃ£o: As menininhas
Vice-campeÃ£o: Botafogo/Josefina
3Âº lugar: Lageadense
Artilheira: Gisele Cassol (12 gols)
Goleira menos vazada: Julia Tedesco (7 gols sofridos)

VETERANOS

CampeÃ£o: Venci
Vice-campeÃ£o: Josefina
3Âº lugar: TarumÃ£zinho
Artilheiro: Evandro de Oliveira (11 gols)
Goleiro menos vazado: Gilberto Terribele (11 gols sofridos)

Mais fotos no Facebook do MunicÃ­pio de Ãguas Frias ğŸ“¸

#Futsal2019 #ÃguasFrias #CapitaldoAbraÃ§o ğŸ‘âš½ğŸ†",,79
Ãguas Frias,SC,Post,2019-11-08 14:23:51,municipiodeaguasfrias,"A Capital do AbraÃ§o agradece todos os participantes do 4Âº MutirÃ£o da Limpeza contra o mosquito da dengue, realizado na manhÃ£ desta sexta-feira (08). Vamos manter e cuidar do nosso MunicÃ­pio todos os dias, pois Ã© o melhor lugar para se viver! ğŸ‘ğŸ‘ğŸ’ªğŸ’ªâ¤ Mais fotos no Facebook ğŸ“¸

#EuAmoÃguasFrias #CapitaldoAbraÃ§o",,67
Ãguas Frias,SC,Post,2019-11-07 18:13:57,municipiodeaguasfrias,Participe e ajude a manter a cidade limpa e livre da dengue. NÃ³s somos a Capital do AbraÃ§o! ğŸ’ª,,7
Ãguas Frias,SC,Post,2019-11-06 14:47:29,municipiodeaguasfrias,Venha prestigiar mais uma grande final do esporte aguasfriense! âš½ğŸ†,,30
Ãguas Frias,SC,Post,2019-11-05 17:17:42,municipiodeaguasfrias,"Alguns registros da Palestra Outubro Rosa/Novembro Azul, realizada no Ãºltimo dia 1Âº de novembro no Clube Ipiranga, com o palestrante Beto Grasel. O evento foi promovido pela Secretaria de SaÃºde! ğŸ’—ğŸ’™ Acesse o Facebook do MunicÃ­pio de Ãguas Frias e veja + fotos! ğŸ“¸

#ÃguasFrias #CapitaldoAbraÃ§o",,33
Ãguas Frias,SC,Post,2019-11-04 17:03:19,municipiodeaguasfrias,,,9
Ãguas Frias,SC,Post,2019-11-04 14:45:37,municipiodeaguasfrias,,,69
Ãguas Frias,SC,Post,2019-10-31 14:38:01,municipiodeaguasfrias,"A Escola Integral do Campo de Linha TarumÃ£zinho recebendo melhorias e pinturas, trabalho que estÃ¡ embelezando o ambiente escolar! ğŸ‘",,41
Ãguas Frias,SC,Comentario,2019-11-21 03:04:26,ednasenczkowski,,@juliacristin650,
Ãguas Frias,SC,Post,2019-10-31 12:26:56,municipiodeaguasfrias,,,8
Ãguas Frias,SC,Post,2019-10-29 17:37:16,municipiodeaguasfrias,,,18
Ãguas Frias,SC,Post,2019-10-27 12:50:11,municipiodeaguasfrias,"DRYKA NOVAIS Ã‰ BICAMPEÃƒ DO CANTA ÃGUAS FRIAS

1Â° - Dryka Novais - Bom Jesus do Oeste/SC
(PrÃªmio: R$ 2.000,00)

2Â° - Jeferson e Edson - Ãguas Frias/SC
(PrÃªmio: R$ 1.000,00)

3Â° - Ezequiel e Monalisa - Passos Maia/SC
(PrÃªmio: R$ 700,00)

4Â° - Sebastian e Jhan Carla - ChapecÃ³/SC
(PrÃªmio: R$ 400,00)

5Â° - Manuelito e Roselei - Saudades/SC
(PrÃªmio: R$ 300,00)

6Â° - Edenilson Alves - UniÃ£o da VitÃ³ria/PR
(PrÃªmio: R$ 200,00)

7Â° - Bruno Alves - General Carneiro/PR
(PrÃªmio: R$ 100,00)

8Â° - Josmi e Gesiel - UniÃ£o do Oeste/SC
(PrÃªmio: R$ 100,00)

9Â° - Juliano Oliveira - Ãguas Frias/SC
(PrÃªmio: R$ 100,00)

Foram mais de 40 participantes no 3Âº Canta Ãguas Frias - Festival da MÃºsica Sertaneja e Nativista. ParabÃ©ns a todos! ğŸ¼ğŸ¤ğŸ‘",,52
Ãguas Frias,SC,Post,2019-10-26 12:58:22,municipiodeaguasfrias,"Classificados para a final do 3Â° Canta Ãguas Frias

Dryka Novais
Juliano Oliveira
Jeferson e Edson
Ezequiel e Monalisa
Manuelito e Roselei
Adailton e Ruhan
Josmi e Gesiel
Edenilson Alves
Sebastian e Jhan Carla 
Teilor e Anderson

Adquira sua mesa ou ingresso, Ã© IMPERDÃVEL âœ…",,19
Ãguas Frias,SC,Post,2019-10-24 11:58:51,municipiodeaguasfrias,,,14
Ãguas Frias,SC,Post,2019-10-23 11:47:21,municipiodeaguasfrias,,,14
Ãguas Frias,SC,Post,2019-10-22 13:07:12,municipiodeaguasfrias,,,21
Ãguas Frias,SC,Post,2019-10-21 12:53:35,municipiodeaguasfrias,,,14
Ãguas Frias,SC,Post,2019-10-16 13:18:58,municipiodeaguasfrias,A Capital do AbraÃ§o recebe os tradicionalistas de toda a RegiÃ£o para mais um grande evento! ğŸ‘,,17
Ãguas Frias,SC,Post,2019-10-11 17:01:28,municipiodeaguasfrias,,,9
Ãguas Frias,SC,Post,2019-10-11 13:35:08,municipiodeaguasfrias,"CAMPEÃƒS !

Agora hÃ¡ pouco, as meninas de Ãguas Frias venceram Nova Erechim nos pÃªnaltis por 4 a 2 (tempo normal empate 2x2) e conquistaram o tÃ­tulo da etapa microrregional do Moleque Bom de Bola. Os jogos foram realizados no MunicÃ­pio de Cordilheira Alta. As atletas representaram a Escola Estadual Sete de Setembro e a Capital do AbraÃ§o. PARABÃ‰NS MENINAS AGUASFRIENSES! âš½ğŸ†ğŸ’–",,77
Ãguas Frias,SC,Comentario,2019-10-11 14:52:43,sarardaga,,ParabÃ©ns ğŸ‘ğŸ‘ğŸ‘ğŸ‘,
Ãguas Frias,SC,Comentario,2019-10-11 17:03:44,maiquelevicente,,ğŸ‘ğŸ‘,
Ãguas Frias,SC,Post,2019-10-11 12:26:02,municipiodeaguasfrias,"CONFIRMADO!
A dupla mais romÃ¢ntica do Brasil estÃ¡ confirmada no aniversÃ¡rio de 28 anos da CAPITAL DO ABRAÃ‡O! ğŸ¼ğŸ‰",,39
Ãguas Frias,SC,Comentario,2019-10-11 14:56:43,deizigalleazzi,,@kati_galleazzi â¤ï¸,
Ãguas Frias,SC,Post,2019-10-09 14:13:53,municipiodeaguasfrias,"Os cuidados com a saÃºde dos homens e mulheres abordados de uma forma muito descontraÃ­da com mÃºsica, humor e reflexÃ£o. Participe! ğŸ’–ğŸ’™",,13
Ãguas Frias,SC,Comentario,2019-10-09 16:04:37,alieteantoniak,,ğŸ‘ğŸ‘ğŸ‘,
Ãguas Frias,SC,Post,2019-10-09 11:42:12,municipiodeaguasfrias,"CAMPANHA NACIONAL DE VACINAÃ‡ÃƒO CONTRA O SARAMPO

A Secretaria de SaÃºde de Ãguas Frias informa que a campanha serÃ¡ em duas etapas, sendo que do dia 07 a 25 de outubro serÃ¡ para as crianÃ§as de 6 meses a menores de 5 anos que nÃ£o ainda foram vacinadas contra o sarampo e para atualizaÃ§Ã£o da caderneta de vacinaÃ§Ã£o. 
O dia D serÃ¡ no SÃ¡bado dia 19/10 e o posto de saÃºde estarÃ¡ aberto das 8h da manhÃ£ atÃ© as 16h. Os pais devem trazer a caderneta de vacinaÃ§Ã£o dos seus filhos e as suas tambÃ©m que na oportunidade serÃ¡ atualizada a caderneta de vacinaÃ§Ã£o dos adultos. 
E a segunda etapa serÃ¡ atÃ© o dia 30 de novembro para vacinaÃ§Ã£o de todos os adultos de 20 a 49 anos que ainda nÃ£o foram vacinados contra o sarampo e para atualizaÃ§Ã£o da caderneta. Sendo o dia D para adultos no sÃ¡bado dia 30 de novembro. ğŸ’‰",,2
Ãguas Frias,SC,Post,2019-10-08 11:48:32,municipiodeaguasfrias,,,9
Ãguas Frias,SC,Post,2019-10-07 14:48:16,municipiodeaguasfrias,"ENCERRAMENTO DOS JOGOS ABERTOS DE ÃGUAS FRIAS

No Ãºltimo sÃ¡bado (05), foi encerrada a dÃ©cima ediÃ§Ã£o dos Jogos Abertos de Ãguas Frias (JAFRI), no GinÃ¡sio da Escola 7 de Setembro. A competiÃ§Ã£o promovida pela ComissÃ£o Municipal de Esportes (CME) iniciou no mÃªs de setembro e contou a participaÃ§Ã£o de oito equipes em 17 modalidades esportivas. A cerimÃ´nia de encerramento teve a participaÃ§Ã£o do Departamento de Cultura do MunicÃ­pio de Nova Erechim, com apresentaÃ§Ãµes de patinaÃ§Ã£o artÃ­stica e ballet, fogo simbÃ³lico e entrega da premiaÃ§Ã£o. A Escola conquistou o trofÃ©u de campeÃ£ geral e a equipe da Josefina/Lageado campeÃ£ do interior.

CLASSIFICAÃ‡ÃƒO GERAL

1Âº - Escola: 107 pontos
2Âº - ComÃ©rcio: 81 pontos
3Âº - Josefina/Lageado: 63 pontos
4Âº - Santo A./XV/Venci: 58 pontos
5Âº - PrestaÃ§Ã£o: 45 pontos
6Âº - TarumÃ£zinho: 43 pontos
7Âº - IndÃºstria/Porto: 20 pontos
8Âº - SÃ£o JoÃ£o/Alto: 01 ponto + fotos no Facebook do MunicÃ­pio de Ãguas Frias ğŸ“¸

#JAFRI2019 #ÃguasFrias #CapitaldoAbraÃ§o
âš½ğŸ€ğŸ±ğŸƒâ€â™€ğŸš´â€â™‚ğŸƒğŸ†",,57
Ãguas Frias,SC,Comentario,2019-10-07 15:45:02,juucassol,,ğŸ‘ğŸ‘ğŸ‘ğŸ‘ğŸ‘ğŸ‘,
Ãguas Frias,SC,Post,2019-10-07 12:59:53,municipiodeaguasfrias,"O Dia das CrianÃ§as na Capital do AbraÃ§o foi super animado! ğŸ‰ğŸ˜œ + Fotos no Facebook do MunicÃ­pio de Ãguas Frias ğŸ“¸

#ÃguasFrias #CapitaldoAbraÃ§o",,39
Ãguas Frias,SC,Comentario,2019-10-07 19:49:19,edmassessoria,,ğŸ˜‰ğŸ™ŒğŸ‰ğŸ‘ğŸ‘ğŸ‘ğŸ‘ğŸ‘ğŸ‘,
Ãguas Frias,SC,Post,2019-10-03 12:57:44,municipiodeaguasfrias,,,24
Ãguas Frias,SC,Post,2019-10-02 13:29:50,municipiodeaguasfrias,,,15
Ãguas Frias,SC,Post,2019-10-01 19:47:49,municipiodeaguasfrias,"ConheÃ§a as candidatas: Escolha das Soberanas 2019 ğŸŒ¹

Acesse a pÃ¡gina do MunicÃ­pio de Ãguas Frias no Facebook e assista as apresentaÃ§Ãµes. ğŸ“¹ 
Dias 25 e 26 de outubro, acontece o 3Âº Canta Ãguas Frias, Festival Regional da MÃºsica Sertaneja e Nativista e Escolha das Soberanas 2019 de Ãguas Frias.ğŸ’ƒğŸ¼ Participe e torÃ§a pela sua candidata! 
#ÃguasFrias #CapitaldoAbraÃ§o #ABelezadaMulherAguasfriense",,98
Ãguas Frias,SC,Comentario,2019-10-01 23:10:42,instagammer003,,@kamillyfaiber se fosse p escolher seria a kamillyğŸ˜,
Ãguas Frias,SC,Comentario,2019-10-02 03:29:54,brenocoleti,,@kamillyfaiber â¤,
Ãguas Frias,SC,Comentario,2019-10-02 12:56:55,borillegabriel_05,,@kamillyfaiber na torcida!ğŸ’•,
Ãguas Frias,SC,Comentario,2019-10-03 10:00:21,alee_simon02,,@kamillyfaiber torÃ§o por tiâ¤ï¸,
Ãguas Frias,SC,Post,2019-10-01 14:43:40,municipiodeaguasfrias,"PREFEITO RICARDO REASSUME GOVERNO DE ÃGUAS FRIAS APÃ“S CIRURGIA

O prefeito Ricardo Rolim de Moura reassumiu o Governo de Ãguas Frias na manhÃ£ desta terÃ§a-feira, dia 01 de outubro, em ato de transmissÃ£o do cargo realizado no Centro Administrativo. Nos Ãºltimos 60 dias, a vice-prefeita Janete Daga esteve Ã  frente do executivo municipal. O prefeito Ricardo passou por cirurgia no coraÃ§Ã£o no mÃªs de agosto e esteve em recuperaÃ§Ã£o no perÃ­odo.

Janete avaliou positivamente o trabalho realizado na Capital do AbraÃ§o. ""Temos muitas obras em andamento e nesses de 60 dias, a gente continuou as obras e os serviÃ§os prestados aos nossos munÃ­cipes. AgradeÃ§o a todos que trabalharam incansavelmente neste perÃ­odo e desejamos muita saÃºde ao prefeito Ricardo para que ele continue conduzindo o nosso municÃ­pio da melhor maneira possÃ­vel"", destaca Janete.

De volta ao trabalho, Ricardo afirmou voltar com energias renovadas. ""Ã‰ com alegria que hoje retomamos o cargo de prefeito, depois de passar por uma cirurgia e um momento muito difÃ­cil. Agora, graÃ§as a Deus, estamos felizes em poder contribuir em prol do MunicÃ­pio de Ãguas Frias. Quero agradecer a Janete por toda a dedicaÃ§Ã£o e parceria, o presidente da CÃ¢mara Lauro, que tambÃ©m assumiu por sete dias e se dedicou a fazer sua parte, aos vereadores, servidores, enfim, todas as pessoas que entenderam a minha situaÃ§Ã£o e continuaram o trabalho neste perÃ­odo. Deixamos um abraÃ§o a todos que torceram por mim e dizer que voltamos com muita forÃ§a e energia, para continuar a nossa missÃ£o de valorizar as pessoas e fazer o melhor para Ãguas Frias"", concluiu o prefeito.

#ÃguasFrias #CapitaldoAbraÃ§o",,54
Ãguas Frias,SC,Post,2019-09-23 18:11:41,municipiodeaguasfrias,,,3
Ãguas Frias,SC,Post,2019-09-23 17:00:04,municipiodeaguasfrias,"DEPUTADO PEDRO UCZAI ENTREGA RETROESCAVADEIRA PARA ÃGUAS FRIAS

Acompanhado de lideranÃ§as municipais, o deputado federal Pedro Uczai (PT) entregou oficialmente no Ãºltimo sÃ¡bado (21), uma nova retroescavadeira para o MunicÃ­pio de Ãguas Frias. A mÃ¡quina foi adquirida atravÃ©s de emenda parlamentar no valor de R$ 156.555,77 e mais R$ 43.444,23 de contrapartida do MunicÃ­pio. A prefeita em exercÃ­cio Janete Daga e lideranÃ§as agradeceram a visita e o empenho do deputado em mais um recurso entregue para a Capital do AbraÃ§o. ğŸ‘ğŸšœ #ÃguasFrias #CapitaldoAbraÃ§o #ValorizandoasPessoas",,22
Ãguas Frias,SC,Post,2019-09-19 12:31:00,municipiodeaguasfrias,"X CONFERÃŠNCIA MUNICIPAL DE ASSISTÃŠNCIA SOCIAL

Ontem (18), foi realizada a X ConferÃªncia Municipal de AssistÃªncia Social na sala do serviÃ§o de vÃ­nculos, anexo ao CRAS de Ãguas Frias. A temÃ¡tica AssistÃªncia Social: Direito do povo, com financiamento pÃºblico e participaÃ§Ã£o social foi debatida entre os participantes, que buscam aÃ§Ãµes e alternativas para o fortalecimento das polÃ­ticas pÃºblicas, que posteriormente serÃ£o discutidas a nÃ­vel estadual e federal. O evento Ã© promovido pela Secretaria de AssistÃªncia Social atravÃ©s do Conselho Municipal de AssistÃªncia Social (CMAS). ğŸ‘

#AssistÃªnciaSocial #ÃguasFrias #CapitaldoAbraÃ§o",,22
Ãguas Frias,SC,Comentario,2019-09-19 21:27:16,sarasegalacardozo,,ğŸ‘ğŸ‘ğŸ‘ğŸ‘ğŸ‘ğŸ‘,
Ãguas Frias,SC,Post,2019-09-18 20:24:14,municipiodeaguasfrias,"A prefeita em exercÃ­cio Janete Daga, o prefeito licenciado Ricardo Rolim de Moura, que se recupera pÃ³s-cirurgia no coraÃ§Ã£o e a primeira dama Dete, visitaram na tarde desta quarta-feira (18) alguns serviÃ§os e obras na Capital do AbraÃ§o! 
#ÃguasFrias #CapitaldoAbraÃ§o",,25
Ãguas Frias,SC,Post,2019-09-17 17:05:38,municipiodeaguasfrias,,,6
Ãguas Frias,SC,Post,2019-09-16 19:58:37,municipiodeaguasfrias,"VAI COMEÃ‡AR O JAFRI 2019

A competiÃ§Ã£o mais importante da Capital do AbraÃ§o vai comeÃ§ar neste dia 20 de setembro, a dÃ©cima ediÃ§Ã£o dos Jogos Abertos de Ãguas Frias (JAFRI) com diversas modalidades em disputa.

Equipes:

ComÃ©rcio
Escolas
IndÃºstria/Porto
Josefina/Lageado
PrestaÃ§Ã£o de ServiÃ§o
SÃ£o JoÃ£o/Alto TarumÃ£zinho
TarumÃ£zinho
XV de Novembro/Santo A. do Pinhal/Venci

O objetivo do JAFRI Ã© fortalecer amizades, unir entidades, comunidades e principalmente, promover lazer e saÃºde para as pessoas atravÃ©s da prÃ¡tica esportiva.

#JAFRI2019 #ÃguasFrias #CapitaldoAbraÃ§o
âš½ğŸ€ğŸ±ğŸƒâ€â™€ğŸš´â€â™‚ğŸƒğŸ†",,13
Ãguas Frias,SC,Post,2019-09-16 18:45:48,municipiodeaguasfrias,"Na Linha Josefina, a prefeita em exercÃ­cio Janete Daga e o secretÃ¡rio de Infraestrutura JoÃ£o Carlos Peres, acompanharam mais um serviÃ§o concluÃ­do pela equipe do DMER, um novo trecho de estrada que vai receber a sequÃªncia do calÃ§amento nesta semana! ğŸš§ğŸ‘ #Obras #ÃguasFrias #CapitaldoAbraÃ§o",,19
Ãguas Frias,SC,Post,2019-09-12 17:32:00,municipiodeaguasfrias,"SECRETARIA DE AGRICULTURA INTENSIFICA LIMPEZA E ABERTURA DE FONTES DE ÃGUA

Nas Ãºltimas semanas, a Secretaria de Agricultura de Ãguas Frias intensificou a limpeza e abertura de fontes de Ã¡gua nas propriedades rurais. Foram mais de 20 serviÃ§os realizados e a equipe trabalha para atender os demais agricultores inscritos. Devido a baixa quantidade de chuva dos Ãºltimos meses, esse serviÃ§o passa a ser prioridade, visando manter e garantir o abastecimento de Ã¡gua das famÃ­lias. O secretÃ¡rio de Agricultura e Meio Ambiente, Marcos da Silva, acompanha a execuÃ§Ã£o nas comunidades. 
#Agricultura #ÃguasFrias #CapitaldoAbraÃ§o ğŸŒ¾ğŸš°ğŸšœ",,18
Ãguas Frias,SC,Post,2019-09-12 17:02:57,municipiodeaguasfrias,,,9
Ãguas Frias,SC,Post,2019-09-12 14:13:21,municipiodeaguasfrias,"ÃGUAS FRIAS RECEBE NOVA RETROESCAVADEIRA DO DEPUTADO PEDRO UCZAI

O MunicÃ­pio de Ãguas Frias recebeu nesta semana uma nova retroescavadeira para realizar serviÃ§os pela Secretaria de Agricultura. A mÃ¡quina foi adquirida atravÃ©s de emenda parlamentar do deputado federal Pedro Uczai, no valor de R$ 156.555,77 e mais R$ 43.444,23 de contrapartida do MunicÃ­pio. A prefeita em exercÃ­cio Janete Daga e os secretÃ¡rios Marcos da Silva e JoÃ£o Carlos Peres receberam a nova mÃ¡quina. A Capital do AbraÃ§o agradece o deputado pelo recurso e o comprometimento com o povo aguasfriense. ğŸ‘ğŸšœ #ÃguasFrias #CapitaldoAbraÃ§o #ValorizandoasPessoas",,42
Ãguas Frias,SC,Post,2019-09-12 13:03:27,municipiodeaguasfrias,"Foi lanÃ§ado ontem (11), no auditÃ³rio da Secretaria de Agricultura de Ãguas Frias, o Censo DemogrÃ¡fico 2020 do Instituto Brasileiro de Geografia e EstatÃ­stica (IBGE). A reuniÃ£o foi presidida pela representante do IBGE, acompanhada pela prefeita em exercÃ­cio Janete Daga e membros da comissÃ£o. Em 2020, o IBGE vai realizar o Censo DemogrÃ¡fico em todo territÃ³rio nacional: um grande retrato da populaÃ§Ã£o brasileira e das suas caracterÃ­sticas socioeconÃ´micas. Retrato extenso e profundo, que fornecerÃ¡ informaÃ§Ãµes para o planejamento pÃºblico e privado da prÃ³xima dÃ©cada. Os futuros recursos pÃºblicos dependerÃ£o dessas informaÃ§Ãµes que a populaÃ§Ã£o fornecerÃ¡ ao recenseador (pessoa designada para coletar informaÃ§Ãµes do censo), por isso, Ã© importante fornecer os dados corretos. ğŸ“‹âœ… #ÃguasFrias #CapitaldoAbraÃ§o",,21
Ãguas Frias,SC,Post,2019-09-12 12:07:48,municipiodeaguasfrias,"Nesta manhÃ£ (12), acontece AudiÃªncia PÃºblica na CÃ¢mara de Vereadores, para avaliaÃ§Ã£o do 2Âº quadrimestre de 2019 e elaboraÃ§Ã£o da Lei OrÃ§amentÃ¡ria Anual (LOA) para o ano de 2020, entre outros assuntos importantes relativos a AdministraÃ§Ã£o Municipal de Ãguas Frias. ğŸ“ˆğŸ“¢ #ÃguasFrias #CapitaldoAbraÃ§o",,20
Ãguas Frias,SC,Post,2019-09-11 14:28:29,municipiodeaguasfrias,"Participe!

#ÃguasFrias #CapitaldoAbraÃ§o",,3
Ãguas Frias,SC,Post,2019-09-10 19:26:47,municipiodeaguasfrias,"SECRETARIA DE EDUCAÃ‡ÃƒO ENTREGA UTENSÃLIOS PARA ESCOLAS

A Secretaria Municipal de EducaÃ§Ã£o de Ãguas Frias realizou a entrega de utensÃ­lios de cozinha nas escolas da Rede Municipal de Ensino. A entrega aconteceu na tarde desta terÃ§a-feira (10), nos NÃºcleos de Ensino TarumÃ£zinho, Professora Irene Fillippi TomÃ© de Moura e o CMEI Aquarela, pela prefeita em exercÃ­cio Janete Daga, o secretÃ¡rio Sedinei Lemes da Silva, professores e servidores. Foram distribuÃ­dos itens como: panelas, pratos, talheres, copos, bacias, chaleiras, dentre outros utensÃ­lios. O objetivo Ã© oferecer melhores condiÃ§Ãµes de trabalho Ã s merendeiras e tambÃ©m facilitar o preparo diÃ¡rio da alimentaÃ§Ã£o escolar dos alunos aguasfrienses. ğŸ´ğŸµğŸœ #ÃguasFrias #CapitaldoAbraÃ§o",,28
Ãguas Frias,SC,Post,2019-09-10 13:39:14,municipiodeaguasfrias,"Setembro Amarelo Ã© uma campanha brasileira de prevenÃ§Ã£o ao suicÃ­dio, iniciada em 2015. Ã‰ uma iniciativa do Centro de ValorizaÃ§Ã£o da Vida (CVV), do Conselho Federal de Medicina (CFM) e da AssociaÃ§Ã£o Brasileira de Psiquiatria (ABP). O mÃªs de setembro foi escolhido para a campanha porque, desde 2003, o dia 10 de setembro Ã© o Dia Mundial de PrevenÃ§Ã£o do SuicÃ­dio. 
Ãguas Frias apoia esta causa! ğŸ’›

#SetembroAmarelo #ValorizaÃ§Ã£odaVida #ÃguasFrias #CapitaldoAbraÃ§o",,11
Ãguas Frias,SC,Post,2019-09-09 12:45:33,municipiodeaguasfrias,"CAMINHADA DA PAZ E ATO CÃVICO

No Ãºltimo sÃ¡bado, 7 de setembro, data histÃ³rica e de comemoraÃ§Ãµes pela IndependÃªncia do Brasil (1822), o MunicÃ­pio de Ãguas Frias realizou a Caminhada da Paz e o Ato CÃ­vico na PraÃ§a Armando Zanella, com a participaÃ§Ã£o do Governo Municipal, Escolas Municipais e Estadual, entidades e a comunidade aguasfriense. O ato contou com a participaÃ§Ã£o da prefeita em exercÃ­cio Janete Daga, vereadores, secretÃ¡rios e a visita do deputado estadual Fabiano da Luz. Os professores e alunos das escolas realizaram apresentaÃ§Ãµes com o tema principal: PAZ, alÃ©m do hasteamento das bandeiras e a execuÃ§Ã£o do Hino Nacional Brasileiro, Hino da IndependÃªncia e o Hino Municipal. 
VIVA O BRASIL ğŸ‡§ğŸ‡· #7deSetembro #VivaoBrasil #ÃguasFrias #CapitaldoAbraÃ§o",,40
Ãguas Frias,SC,Post,2019-09-05 14:25:30,municipiodeaguasfrias,,,4
Ãguas Frias,SC,Post,2019-09-04 12:34:05,municipiodeaguasfrias,,,8
Ãguas Frias,SC,Post,2019-09-03 13:09:39,municipiodeaguasfrias,Participe e demonstre seu amor pela nossa PÃ¡tria Amada BRASIL ğŸ’™ğŸ’šğŸ’› #SemanadaPÃ¡tria #ÃguasFrias #CapitaldoAbraÃ§o,,13
Ãguas Frias,SC,Post,2019-09-02 18:44:12,municipiodeaguasfrias,"ABERTURA DA SEMANA DA PÃTRIA

Na manhÃ£ desta segunda-feira (02), foi realizada a abertura da Semana da PÃ¡tria na PraÃ§a Municipal de Ãguas Frias. Na ocasiÃ£o, valorizando o patriotismo, as bandas de fanfarra dos MunicÃ­pios de Coronel Freitas, Marema e JardinÃ³polis se apresentaram aos alunos, professores, lideranÃ§as municipais e a comunidade. O Governo Municipal convida a populaÃ§Ã£o para a Caminhada da Paz, no prÃ³ximo sÃ¡bado, dia 07 de setembro, Dia da IndependÃªncia do Brasil, com saÃ­da Ã¡s 07h30 em frente a Unidade BÃ¡sica de SaÃºde. Diariamente, as atividades da Semana da PÃ¡tria, terÃ£o inÃ­cio Ã s 08h00, com o hasteamento e, Ã s 16h45, o arriamento da Bandeira Nacional. ğŸ·

Todos os clicks do evento estÃ£o no Facebook do MunicÃ­pio de Ãguas Frias! ğŸ“¸ğŸ˜‰ #SemanadaPÃ¡tria #ÃguasFrias #CapitaldoAbraÃ§o",,43
Ãguas Frias,SC,Post,2019-08-29 17:22:09,municipiodeaguasfrias,"INSCRIÃ‡Ã•ES ABERTAS PARA A ESCOLHA DAS SOBERANAS DE ÃGUAS FRIAS ğŸ’ƒ

Acesse: www.aguasfrias.sc.gov.br, veja os requisitos para participar do processo de escolha.

Participe e venha representar a beleza da mulher aguasfriense! ğŸ’ğŸŒº #Soberanas #ÃguasFrias #CapitaldoAbraÃ§o",,45
Ãguas Frias,SC,Post,2019-08-28 17:57:40,municipiodeaguasfrias,"A Secretaria de SaÃºde de Ãguas Frias informa que a partir de segunda-feira, dia 02 de setembro, todas as crianÃ§as de 6 a 11 meses devem receber uma dose da vacina contra o sarampo. A chamada ""dose zero"" que serÃ¡ aplicada, busca proteger esse grupo que Ã© mais vulnerÃ¡vel ao vÃ­rus e tem mais risco de ter complicaÃ§Ãµes causadas pela doenÃ§a. Atualmente, 11 estados do Brasil estÃ£o com surto ativo da doenÃ§a.

Ao completar 12 meses, essas crianÃ§as devem retornar ao posto de vacinaÃ§Ã£o para comeÃ§ar o esquema vacinal, respeitando o prazo de 30 dias entre as doses. A segunda dose deve ser aplicada aos 15 meses. Vale lembrar que quem jÃ¡ estÃ¡ vacinado nÃ£o precisa receber a vacina novamente. ğŸ’‰ğŸ‘¶ #SaÃºde #ÃguasFrias #CapitaldoAbraÃ§o",,7
Ãguas Frias,SC,Post,2019-08-28 13:44:26,municipiodeaguasfrias,"Vem aÃ­ o III Canta Ãguas Frias â€“ Festival da MÃºsica Sertaneja e Nativista, dias 25 e 26 de outubro no SalÃ£o ComunitÃ¡rio de Ãguas Frias ğŸ¤ğŸ¸ğŸ¼ â¡ R$ 5 mil em premiaÃ§Ã£o â¡ Escolha das novas Soberanas â¡ Baile com a Banda EssÃªncia da Lua 
FaÃ§a sua inscriÃ§Ã£o atÃ© o dia 18 de outubro!

Regulamento e formulÃ¡rio disponÃ­veis no site: www.aguasfrias.sc.gov.br.

Mais informaÃ§Ãµes: (49) 3332-0019

#CantaÃguasFrias #CapitaldoAbraÃ§o",,10
Ãguas Frias,SC,Post,2019-08-27 16:54:08,municipiodeaguasfrias,"De volta ao executivo aguasfriense, a prefeita em exercÃ­cio Janete Daga acompanha a obra do calÃ§amento entre as comunidades de TarumÃ£zinho e Josefina! ğŸ‘

#ÃguasFrias #CapitaldoAbraÃ§o #ValorizandoasPessoas",,31
Ãguas Frias,SC,Post,2019-08-27 13:37:36,municipiodeaguasfrias,Participe e demonstre seu amor pela nossa PÃ¡tria Amada BRASIL ğŸ’™ğŸ’šğŸ’› #SemanadaPÃ¡tria #ÃguasFrias #CapitaldoAbraÃ§o,,5
Ãguas Frias,SC,Post,2019-08-27 13:14:21,municipiodeaguasfrias,,,13
Ãguas Frias,SC,Post,2019-08-27 11:51:49,municipiodeaguasfrias,Os alunos da Escola Integral de Linha TarumÃ£zinho receberam tarde de ontem (26) os colchonetes doados pela empresa NewSonno ColchÃµes de Ãguas Frias. Muito obrigado! ğŸ˜ƒğŸ‘ #ÃguasFrias #CapitaldoAbraÃ§o,,27
Ãguas Frias,SC,Post,2019-08-26 20:02:02,municipiodeaguasfrias,"Nesta segunda-feira (26), o prefeito em exercÃ­cio Lauro acompanhou o trabalho da equipe do DMER no pÃ¡tio da escolinha de Lageado FelÃ­cio! ğŸ‘ 
#ÃguasFrias #CapitaldoAbraÃ§o #ValorizandoasPessoas",,6
Ãguas Frias,SC,Post,2019-08-26 19:51:43,municipiodeaguasfrias,"Incentivando a suinocultura, a Secretaria de Agricultura de Ãguas Frias trabalha na terraplanagem para construÃ§Ã£o de mais uma pocilga na propriedade da famÃ­lia de Paulo PÃ¢nis em Linha SÃ£o JoÃ£o. Mais de 20 parcerias entre o poder pÃºblico, empresas e agricultores jÃ¡ foram construÃ­das em Ãguas Frias, melhorando a renda do agricultor e o crescimento econÃ´mico do nosso MunicÃ­pio. O prefeito em exercÃ­cio Lauro GonÃ§alves da Silva, os secretÃ¡rios de Agricultura Marcos da Silva e AdministraÃ§Ã£o Cezar Gollo acompanharam o inÃ­cio dos serviÃ§os! ğŸ‘¨ğŸŒ¾ğŸšœ #ÃguasFrias #CapitaldoAbraÃ§o #ValorizandoasPessoas",,11
Ãguas Frias,SC,Post,2019-08-26 19:42:18,municipiodeaguasfrias,"Linha Josefina com calÃ§amento e agora tambÃ©m com 1 km de asfalto, o Governo de Ãguas Frias valoriza as propriedades rurais e o homem do campo. O prefeito em exercÃ­cio Lauro GonÃ§alves da Silva, os vereadores ClÃ³vis Alves e Derli de Conto e o secretÃ¡rio Cezar Gollo acompanham as obras na comunidade! ğŸ‘âœ… #ÃguasFrias #CapitaldoAbraÃ§o #ValorizandoasPessoas",,23
Ãguas Frias,SC,Post,2019-08-26 13:35:13,municipiodeaguasfrias,"O Governo de Ãguas Frias agradece a empresa NewSonno ColchÃµes pela doaÃ§Ã£o de 50 colchonetes para utilizaÃ§Ã£o na Escola Integral em Linha TarumÃ£zinho. O projeto iniciou no Ãºltimo dia 19 de agosto. O prefeito licenciado Ricardo Rolim de Moura, o prefeito em exercÃ­cio Lauro GonÃ§alves da Silva e o secretÃ¡rio de AdministraÃ§Ã£o Cezar Gollo visitaram a empresa, acompanhados do sÃ³cio-proprietÃ¡rio Cezar Lopes, para agradecer a belÃ­ssima aÃ§Ã£o em prol das crianÃ§as da Capital do AbraÃ§o! ğŸ‘ğŸ‘ğŸ‘ğŸ‘ #ÃguasFrias #CapitaldoAbraÃ§o",,40
Ãguas Frias,SC,Post,2019-08-26 12:31:32,municipiodeaguasfrias,"CMEI AQUARELA REALIZA DIA DA FAMÃLIA NA ESCOLA

No Ãºltimo sÃ¡bado, dia 24 de agosto, foi realizado o â€œDia da FamÃ­lia na Escolaâ€ no Centro Municipal de EducaÃ§Ã£o Infantil Aquarela de Ãguas Frias. Os pais assistiram algumas apresentaÃ§Ãµes e conheceram um pouco das atividades no dia a dia dos seus filhos na escola. O evento contou com a presenÃ§a do prefeito em exercÃ­cio Lauro GonÃ§alves da Silva. 
Mais fotos no Facebook do MunicÃ­pio de Ãguas Frias! ğŸ“¸ğŸ˜‰ #DiadaFamÃ­lianaEscola #ÃguasFrias #CapitaldoAbraÃ§o ğŸ‘ğŸ“šğŸ¨âœ¨ğŸ‰",,29
Ãguas Frias,SC,Post,2019-08-23 20:14:34,municipiodeaguasfrias,"O prefeito em exercÃ­cio de Ãguas Frias, Lauro GonÃ§alves da Silva, e o vereador JosÃ© Vicente Barbosa, visitaram a obra da ponte sobre o rio Burro Branco, na divisa entre os MunicÃ­pios de UniÃ£o do Oeste, Pinhalzinho e Ãguas Frias. Conforme a empresa responsÃ¡vel pela obra, que Ã© particular e nÃ£o pÃºblica, a conclusÃ£o deverÃ¡ ser feita dentro de 10 dias. Este acesso Ã© importante tambÃ©m aos aguasfrienses que moram prÃ³ximos a localidade. ğŸ‘",,18
Ãguas Frias,SC,Post,2019-08-23 19:38:13,municipiodeaguasfrias,"ASFALTO CONCLUÃDO

Na tarde desta sexta-feira (23), as equipes do CIDIR e DMER concluÃ­ram a pavimentaÃ§Ã£o asfÃ¡ltica na Linha Josefina. A pavimentaÃ§Ã£o de 1 km teve investimento de R$ 330 mil com recursos prÃ³prios do Governo de Ãguas Frias. O prefeito em exercÃ­cio Lauro GonÃ§alves da Silva, o vereador JosÃ© Vicente Barbosa e o secretÃ¡rio JoÃ£o Carlos Peres estiveram em mais uma obra concluÃ­da, que irÃ¡ melhorar o trÃ¡fego e valorizar as propriedades rurais. AlÃ©m do asfalto, segue em andamento a pavimentaÃ§Ã£o com pedras irregulares que ligarÃ¡ as comunidades de TarumÃ£zinho e Josefina. ğŸ‘âœ… #ÃguasFrias #CapitaldoAbraÃ§o #ValorizandoasPessoas",,30
Ãguas Frias,SC,Comentario,2019-08-25 09:35:39,denisdionata,,ğŸ‘ğŸ‘ğŸ‘ğŸ‘,
Ãguas Frias,SC,Post,2019-08-23 12:35:11,municipiodeaguasfrias,"Ontem (22), na sequÃªncia da pavimentaÃ§Ã£o asfÃ¡ltica em Linha Josefina, a equipe de trabalho recebeu a visita do prefeito licenciado Ricardo Rolim de Moura, que se recupera de cirurgia no coraÃ§Ã£o, acompanhado do prefeito em exercÃ­cio Lauro GonÃ§alves da Silva e os secretÃ¡rios Cezar Gollo e JoÃ£o Carlos Peres. A obra encerra nesta sexta-feira! ğŸ‘

#ÃguasFrias #CapitaldoAbraÃ§o #ValorizandoasPessoas",,24
Ãguas Frias,SC,Post,2019-08-22 12:28:10,municipiodeaguasfrias,"Na Ãºltima terÃ§a-feira (20), os novos uniformes do Governo de Ãguas Frias foram entregues aos alunos do NÃºcleo Municipal de Ensino TarumÃ£zinho. O prefeito em exercÃ­cio Lauro GonÃ§alves da Silva, os secretÃ¡rios Sedinei Lemes e Cezar Gollo e os vereadores Derli de Conto e ClÃ³vis Alves participaram do ato de entrega para mais turmas da Rede Municipal de Ensino! ğŸ‘ğŸ˜€ #ÃguasFrias #CapitaldoAbraÃ§o #ValorizandoasPessoas",,34
Ãguas Frias,SC,Post,2019-08-21 18:48:22,municipiodeaguasfrias,,,16
Ãguas Frias,SC,Post,2019-08-19 21:02:17,municipiodeaguasfrias,"Presidente da CÃ¢mara de Ãguas Frias assume prefeitura por sete dias

O presidente da CÃ¢mara de Ãguas Frias, o vereador Lauro GonÃ§alves assume interinamente o comando da Prefeitura da Capital do AbraÃ§o, a partir desta terÃ§a-feira (20) atÃ© a segunda-feira (26). O prefeito Ricardo Rolim de Moura se recupera apÃ³s cirurgia no coraÃ§Ã£o. JÃ¡ a vice-prefeita Janete Daga, que tambÃ©m estarÃ¡ ausente neste perÃ­do, devido a uma viagem de ordem pessoal, transmitiu o cargo ao chefe do Poder Legislativo Municipal. ""Estou muito feliz pela oportunidade e podem ter certeza que vamos seguir o trabalho a frente do Governo de Ãguas Frias"", afirmou o prefeito em exercÃ­cio, durante ato de transmissÃ£o do cargo. 
#ÃguasFrias #CapitaldoAbraÃ§o",,44
Ãguas Frias,SC,Comentario,2019-08-19 21:04:56,jaquelmac,,ğŸ‘‹,
Ãguas Frias,SC,Post,2019-08-19 17:05:24,municipiodeaguasfrias,"Mais 13 aguasfrienses receberam auxÃ­lios cirÃºrgicos pelo Governo de Ãguas Frias, na manhÃ£ desta segunda-feira (19), no gabinete do Centro Administrativo. A prefeita em exercÃ­cio Janete Daga e os secretÃ¡rios Gilmar GonÃ§alves (SaÃºde) e Cezar Gollo (AdministraÃ§Ã£o), entregaram os auxÃ­lios aos pacientes da Capital do AbraÃ§o! ğŸ‘

#ÃguasFrias #CapitaldoAbraÃ§o #ValorizandoasPessoas",,25
Ãguas Frias,SC,Post,2019-08-19 12:24:57,municipiodeaguasfrias,"JOSEFINA CONQUISTA O TÃTULO DA BOCHA ROLADA EM TRIOS

No Ãºltimo sÃ¡bado (17), aconteceu as finais do Campeonato Municipal de Bocha Rolada em Trios na categoria feminino. A decisÃ£o foi realizada no Clube de Idosos da sede de Ãguas Frias. A Josefina A conquistou o tÃ­tulo da competiÃ§Ã£o, as Idosas ficaram com o segundo lugar e na terceira posiÃ§Ã£o a Josefina B. A prefeita em exercÃ­cio Janete Daga prestigiou as finais da competiÃ§Ã£o promovida pela ComissÃ£o Municipal de Esportes. 
#ÃguasFrias #CapitaldoAbraÃ§o ğŸ†",,30
Ãguas Frias,SC,Post,2019-08-16 12:08:34,municipiodeaguasfrias,Jogos deste fim de semana! âš½,,22
Ãguas Frias,SC,Post,2019-08-15 19:33:22,municipiodeaguasfrias,"Jovens alistados no ServiÃ§o Militar fazem juramento Ã  Bandeira em Ãguas Frias

Nesta quinta-feira, dia 15 de agosto, 22 jovens aguasfrienses participaram do juramento Ã  Bandeira e receberam o Certificado de Dispensa de IncorporaÃ§Ã£o (CDI). A solenidade, realizada na AssociaÃ§Ã£o dos Servidores PÃºblicos de Ãguas Frias (Aspafri), foi presidida pela SecretÃ¡ria da Junta Militar de Ãguas Frias, Cristiane Pesavento, contando com a presenÃ§a da prefeita em exercÃ­cio Janete Daga, vereador ClÃ³vis Alves, secretÃ¡rios municipais Cezar Gollo (AdministraÃ§Ã£o), Sedinei Lemes da Silva (EducaÃ§Ã£o) e Gilmar GonÃ§alves (SaÃºde) e o 2Âº sargento da PolÃ­cia Militar Pedro AntÃ´nio Ferrarin.

O Juramento Ã  Bandeira, seguido do Hino Nacional, Ã© uma maneira dos dispensados jurarem honra e defender a PÃ¡tria com sua prÃ³pria vida - Ã© um ato de cidadania e compromisso. Por ser um dever cÃ­vico, estÃ¡ regulamentado pelo Decreto nÂº 57.654, no artigo 217, que determina a obrigatoriedade do alistamento. Os jovens que nÃ£o realizarem o alistamento ficam impedidos de tirar passaporte, assumir cargos no serviÃ§o pÃºblico e se matricular em faculdades, entre outras sanÃ§Ãµes previstas no Regulamento do ServiÃ§o Militar. O ServiÃ§o Militar no Brasil Ã© prestado dos 18 aos 45 anos.

#ÃguasFrias #CapitaldoAbraÃ§o",,41
Ãguas Frias,SC,Post,2019-08-14 17:34:21,municipiodeaguasfrias,,,10
Ãguas Frias,SC,Post,2019-08-13 19:55:24,municipiodeaguasfrias,"A equipe do DMER de Ãguas Frias trabalha na abertura e limpeza do acesso a Ciclovia e Pista de Caminhada. A prefeita em exercÃ­cio Janete e os secretÃ¡rios Cezar e Peres, acompanham a construÃ§Ã£o da obra. AlÃ©m de aproximadamente 1km de pistas para caminhada e ciclismo, no local tambÃ©m terÃ¡ Ã¡rea de lazer e pÃ³rtico, o novo cartÃ£o postal da Capital do AbraÃ§o! ğŸ˜ğŸŒ´ğŸƒâ€ #ÃguasFrias #CapitaldoAbraÃ§o #ValorizandoasPessoas",,43
Ãguas Frias,SC,Comentario,2019-08-13 22:05:57,jacopzo,,TÃ¡ fincando bonito ğŸ‘ğŸ¼ ğŸ‘ŠğŸ»,
Ãguas Frias,SC,Comentario,2019-08-13 22:05:58,jacopzo,,TÃ¡ fincando bonito ğŸ‘ğŸ¼ ğŸ‘ŠğŸ»,
Ãguas Frias,SC,Post,2019-08-13 18:00:42,municipiodeaguasfrias,"A Secretaria de AdministraÃ§Ã£o convida os munÃ­cipes de Ãguas Frias para participar de AUDIÃŠNCIA PÃšBLICA para demonstrar e avaliar o cumprimento das metas fiscais estabelecidas na Lei de Diretrizes OrÃ§amentÃ¡rias â€“ LDO, Lei OrÃ§amentÃ¡ria Anual â€“ LOA, referente ao 2Âº quadrimestre de 2019, discutir metas fiscais para a elaboraÃ§Ã£o da Lei OrÃ§amentÃ¡ria Anual - LOA para o ano de 2020, e apreciaÃ§Ã£o dos relatÃ³rios quadrimestrais do Fundo Municipal de SaÃºde.

PARTICIPE! âœ… ğŸ“ˆ ğŸ“¢

#ÃguasFrias #CapitaldoAbraÃ§o",,8
Ãguas Frias,SC,Post,2019-08-13 13:53:18,municipiodeaguasfrias,"Hoje foi a vez dos pequenos alunos do CMEI Aquarela receber os novos uniformes do Governo de Ãguas Frias. A prefeita em exercÃ­cio Janete Daga, o secretÃ¡rio Sedinei Lemes e os vereadores JosÃ© Vicente Barbosa e Lido Isotton participaram do ato de entrega para mais turmas da Rede Municipal de Ensino! ğŸ‘ğŸ˜€ #ÃguasFrias #CapitaldoAbraÃ§o #ValorizandoasPessoas",,40
Ãguas Frias,SC,Post,2019-08-12 20:08:00,municipiodeaguasfrias,"ComeÃ§ou hoje, a distribuiÃ§Ã£o de agasalhos para os alunos da Rede Municipal de Ensino de Ãguas Frias. Depois de vÃ¡rios anos sem a execuÃ§Ã£o deste programa, mais de 300 alunos aguasfrienses vÃ£o receber os uniformes escolares atravÃ©s de recursos prÃ³prios do Governo Municipal. A aquisiÃ§Ã£o dos uniformes pelo Programa Ãguas Frias Bem Mais EducaÃ§Ã£o foi lanÃ§ada no primeiro semestre pela AdministraÃ§Ã£o e aprovada pela CÃ¢mara de Vereadores. A prefeita em exercÃ­cio Janete Daga e o secretÃ¡rio Sedinei Lemes da Silva entregaram os uniformes para uma das turmas do NÃºcleo de Ensino Professora Irene Fillippi TomÃ© de Moura! ğŸ‘ğŸ˜€ #ÃguasFrias #CapitaldoAbraÃ§o #ValorizandoasPessoas",,63
Ãguas Frias,SC,Post,2019-08-07 13:20:09,municipiodeaguasfrias,"ÃGUAS FRIAS RECEBE RECURSOS NA SAÃšDE

Para seguir os programas e proporcionar saÃºde de qualidade aos munÃ­cipes, a Secretaria de SaÃºde da Capital do AbraÃ§o recebeu aproximadamente R$ 393 mil atravÃ©s de emendas parlamentares. O valor depositado no Ãºltimo dia 31 de julho foi destinado pelos deputados federais JoÃ£o Rodrigues (PSD), (nÃ£o diplomado), que destinou R$ 300.000,00, e Pedro Uczai (PT), no valor de R$ 92.381,00. O MunicÃ­pio de Ãguas Frias agradece os deputados pelos recursos e o comprometimento com o povo aguasfriense! ğŸ‘ 
#ÃguasFrias #CapitaldoAbraÃ§o",,18
Ãguas Frias,SC,Post,2019-08-01 18:33:28,municipiodeaguasfrias,"A prefeita em exercÃ­cio Janete Daga e o secretÃ¡rio de Infraestrutura JoÃ£o Carlos Peres, acompanham a conclusÃ£o da pavimentaÃ§Ã£o com pedras irregulares na Ã¡rea industrial. Mais uma obra que serÃ¡ entregue ao povo aguasfriense! ğŸ‘

#ÃguasFrias #CapitaldoAbraÃ§o",,29
Ãguas Frias,SC,Comentario,2019-08-03 10:16:59,gilmar.goncalve,,ğŸ’ªğŸ’ªğŸ’ªğŸ‘ğŸ‘ğŸ‘,
