Ãlvares Machado,SP,Post,2022-09-16 17:45:08,gov.alvaresmachado,"Que tal juntar os colecionadores em um Ãºnico lugar? ğŸ†âš½ï¸

A Coordenadoria de Esportes promove amanhÃ£, dia 17, a partir das 16h, encontro para Troca de Figurinhas. 

Venha para a PraÃ§a GetÃºlio Vargas, reÃºna os seus amigos e complete a sua coleÃ§Ã£o.",,11
Ãlvares Machado,SP,Post,2022-09-13 13:44:13,gov.alvaresmachado,"ğŸš¨ Papais, mamÃ£es e
responsÃ¡veis, atenÃ§Ã£o! 

NÃ£o deixem de levar seus filhos! ğŸš¨",,12
Ãlvares Machado,SP,Post,2022-09-12 17:15:08,gov.alvaresmachado,"O Fundo Social em parceria com SEBRAE estÃ¡ com inscriÃ§Ãµes abertas para o Curso: Fabrique e venda Panetones e Doces Natalinos.

SÃ£o 16 vagas. Para se inscrever, basta comparecer no Fundo Social das 8h Ã s 16h atÃ© o dia 23/09, portando o RG e CPF.

âœ… INFORMAÃ‡Ã•ES SOBRE O CURSO
- O curso serÃ¡ realizado de 29/09 a 07/10, das 13h Ã s 17h, no Fundo Social, que fica na Rua Presidente Prudente, 241 â€“ Bairro Nossa Senhora da Paz.",,6
Ãlvares Machado,SP,Post,2022-09-07 14:19:36,gov.alvaresmachado,ğŸ‡§ğŸ‡· JÃ¡ raiou a liberdade no horizonte do Brasil.,,12
Ãlvares Machado,SP,Comentario,2022-09-07 14:22:29,ezekiel_nunes30,,Triste nÃ£o ver mais aquelas paradas festivas  parece que o civismo estÃ¡ acabando muito triste era lindo os desfiles na avenida ğŸ˜¢ğŸ˜¢ğŸ˜¢,
Ãlvares Machado,SP,Post,2022-09-06 14:15:43,gov.alvaresmachado,"CONFIRA O QUE ABRE E FECHA NESTE FERIADO 

De acordo com o Decreto NÂ° 3012/2021, o feriado nacional da IndependÃªncia do Brasil, celebrado amanhÃ£, dia 7, altera o atendimento em alguns locais pÃºblicos. Confira.

PREFEITURA: Fechada. Os atendimentos retornam na quinta-feira, dia 8 de setembro.
.
DISPENSÃRIO DE MEDICAMENTOS:
Quarta-feira (7) - Fechado
Quinta-feira (8)- Aberto
.
UNIDADES DE SAÃšDE: Fechadas; Os atendimentos retornam na quinta-feira, dia 8 de setembro.

.
SERVIÃ‡OS DE AMBULÃ‚NCIA: FuncionarÃ¡ normalmente;
.
COLETA SELETIVA:
- ItinerÃ¡rio normal.
.
COLETA DE LIXO:
- ItinerÃ¡rio normal.",,34
Ãlvares Machado,SP,Post,2022-09-06 12:53:06,gov.alvaresmachado,"ğŸš¨ Papais, mamÃ£es e responsÃ¡veis, atenÃ§Ã£o!

Ã‰ a ÃšLTIMA SEMANA da Campanha de VacinaÃ§Ã£o Contra a Poliomielite e MultivacinaÃ§Ã£o. A imunizaÃ§Ã£o serÃ¡ realizada atÃ© o dia 9 de setembro. 

ğŸ‘‰ CrianÃ§as menores de 5 anos devem ser vacinadas contra a Poliomielite.

ğŸ‘‰ JÃ¡ crianÃ§as e adolescentes entre 5 e menores de 15 anos devem manter atualizada a carteira de vacinaÃ§Ã£o com a MultivacinaÃ§Ã£o.

âœ…NÃ£o se esqueÃ§a de levar um documento e o cartÃ£o de vacina.",,6
Ãlvares Machado,SP,Post,2022-09-05 13:42:02,gov.alvaresmachado,"ğŸ—Setembro Amarelo : mÃªs de conscientizaÃ§Ã£o sobre a prevenÃ§Ã£o do suicÃ­dio.ğŸŒ» 

O governo de Ãlvares Machado, por meio da DivisÃ£o de SaÃºde do municÃ­pio, preparou uma programaÃ§Ã£o especial, com inÃ­cio nesta sexta-feira, dia 9. Todas as atividades serÃ£o realizadas no Centro de Especialidades, no Jardim Primavera. 

VocÃª Ã© nosso convidado.  Confira a programaÃ§Ã£o. ğŸ—",,40
Ãlvares Machado,SP,Post,2022-09-02 12:15:11,gov.alvaresmachado,"VEM AÃ DRIVE-THRU AMBIENTAL â™»ï¸

ReciclÃ¡veis, eletrodomÃ©sticos, eletroeletrÃ´nicos, pilhas, baterias, lÃ¢mpadas e Ã³leo de cozinha poderÃ£o ser descartados no ecoponto disponÃ­vel na Casa da Agricultura.ğŸ”‹ğŸ”ŒğŸ’¡",,29
Ãlvares Machado,SP,Post,2022-08-25 13:51:09,gov.alvaresmachado,"âœ…AGORA Ã‰ A VEZ DOS HOMENS!

Nos dias 30 e 31 de agosto, das 9h Ã s 14h, o Governo de Ãlvares Machado informa que receberÃ¡ a Unidade MÃ³vel para a realizaÃ§Ã£o de exames de PrevenÃ§Ã£o do CÃ¢ncer de PrÃ³stata. 

ğŸ‘‰Os exames serÃ£o realizados por meio da coleta de sangue (PSA). ğŸ’‰

Homens acima de 40 anos podem realizar o exame. Ã‰ gratuito. Para isso, precisam comparecer na data e local descrito na imagem portando o cartÃ£o do SUS e o CPF. 

â©AtenÃ§Ã£o para as recomendaÃ§Ãµes:
NÃ£o ter relaÃ§Ãµes sexuais e nÃ£o realizar exercÃ­cios em bicicleta ou equitaÃ§Ã£o (andar a cavalo) nas 72 horas (03 dias) antes da coleta de sangue;",,9
Ãlvares Machado,SP,Post,2022-08-23 14:06:53,gov.alvaresmachado,"ğŸš¨ COVID- 19: ATENÃ‡ÃƒO PARA O NOVO GRUPO DE VACINAÃ‡ÃƒO

- CrianÃ§as de 3 e 4 anos jÃ¡ podem tomar a primeira dose.
- Liberada a 4Âª dose para pessoas acima de 30 anos.

ğŸ‘‰Confira os horÃ¡rios e locais de vacinaÃ§Ã£o:
 ğŸ“Œ UBS Maria Maia: de segunda a sexta-feira, das 7h30 Ã s 15h;
 ğŸ“Œ ESF Parque dos Pinheiros: de segunda a sexta-feira, das 7h30 Ã s 15h;

 âœ… NÃ£o se esqueÃ§a de levar um documento e o cartÃ£o de vacina.",,56
Ãlvares Machado,SP,Post,2022-08-15 14:03:45,gov.alvaresmachado,"ğŸš¨ O DIA D DA VACINAÃ‡ÃƒO ESTÃ CHEGANDO!

ğŸ‘‰ CrianÃ§as menores de 5 anos devem ser vacinadas contra a Poliomielite.
ğŸ‘‰ JÃ¡ crianÃ§as e adolescentes entre 5 e menores de 15 anos devem manter atualizada a carteira de vacinaÃ§Ã£o com a MultivacinaÃ§Ã£o.

âœ…NÃ£o se esqueÃ§a de levar um documento  e o cartÃ£o de vacina.",,31
Ãlvares Machado,SP,Post,2022-08-10 16:21:53,gov.alvaresmachado,"Pais e responsÃ¡veis, atenÃ§Ã£o!

- CrianÃ§as menores de 5 anos devem ser vacinadas contra a Poliomielite.

- JÃ¡ crianÃ§as e adolescentes entre 5 e menores de 15 anos devem manter atualizada a carteira de vacinaÃ§Ã£o com a MultivacinaÃ§Ã£o.

 Fiquem atentos no calendÃ¡rio de vacinaÃ§Ã£o!",,18
Ãlvares Machado,SP,Post,2022-08-10 12:11:30,gov.alvaresmachado,VocÃª Ã© nosso convidado!,,3
Ãlvares Machado,SP,Post,2022-08-06 16:59:27,gov.alvaresmachado,"A DivisÃ£o de SaÃºde inicia a partir desta segunda-feira, dia 8, a Campanha Nacional de VacinaÃ§Ã£o contra a Poliomielite e MultivacinaÃ§Ã£o.

 O objetivo Ã© imunizar contra a poliomielite o pÃºblico de 1 a 4 anos e atualizar a caderneta de crianÃ§as e adolescentes de 0 a 14 anos. A campanha segue atÃ© o dia 9 de setembro. 

Confira os horÃ¡rios e locais de vacinaÃ§Ã£o:

ğŸ“Œ UBS Maria Maia: de segunda a sexta-feira, das 7h30 Ã s 15h;
ğŸ“Œ ESF Parque dos Pinheiros: de segunda a sexta-feira, das 7h30 Ã s 15h;",,11
Ãlvares Machado,SP,Post,2022-08-05 19:07:33,gov.alvaresmachado,"FACAM 2022: MAIS UMA ATRAÃ‡ÃƒO CONFIRMADA

AlÃ©m da dupla Fernando & Sorocaba, jÃ¡ temos mais uma atraÃ§Ã£o confirmada: George Henrique & Rodrigo vem aÃ­!",,405
Ãlvares Machado,SP,Comentario,2022-08-06 14:19:42,claudio.santossfc,,ğŸ™ŒğŸ™ŒğŸ™Œ,
Ãlvares Machado,SP,Comentario,2022-08-06 01:07:57,lucienedacome,,ğŸ‘ğŸ‘ğŸ‘â¤ï¸,
Ãlvares Machado,SP,Comentario,2022-08-05 22:31:34,dirce6571,,Obaaaa ğŸ‘ğŸ‘ğŸ‘ğŸ‘ğŸ‘esse Ã© nosso prefeito,
Ãlvares Machado,SP,Comentario,2022-08-06 12:15:23,jaquelinematos628,,ğŸ‘ğŸ‘ğŸ‘,
Ãlvares Machado,SP,Comentario,2022-08-06 00:51:16,guilherme_arigaoficial,,Top demais ğŸ˜ğŸ˜ğŸ˜ğŸ˜,
Ãlvares Machado,SP,Comentario,2022-08-05 20:14:49,iancapacheco,,ğŸ‘ğŸ‘,
Ãlvares Machado,SP,Comentario,2022-08-05 19:40:02,manda_tosta,,Facam vai ser melhor q expo ğŸ”¥,
Ãlvares Machado,SP,Comentario,2022-08-05 20:12:59,modapraiaemasculina1980,,Onde vai ser a faÃ§am..??,
Ãlvares Machado,SP,Post,2022-08-04 13:27:37,gov.alvaresmachado,"âœ… A data da Ãºltima AudiÃªncia PÃºblica de revisÃ£o do Plano Diretor foi alterada para a prÃ³xima quarta-feira, dia 10 de agosto, Ã s 19h, no PlenÃ¡rio da CÃ¢mara Municipal, de forma presencial.",,6
Ãlvares Machado,SP,Comentario,2022-08-05 03:05:51,lucaswillianms10,,Queria q vcs postassem um pdf de como vai ficar,
Ãlvares Machado,SP,Post,2022-07-27 21:18:41,gov.alvaresmachado,"Nesta quinta-feira, dia 28, a DivisÃ£o de SaÃºde irÃ¡ promover uma aÃ§Ã£o de testagem das hepatites B e C, das 7h Ã s 16h, em todas as unidades de saÃºde do municÃ­pio. 

O teste Ã© rÃ¡pido, sigiloso e gratuito. Para realizar o exame, basta comparecer na unidade de saÃºde mais prÃ³xima com um documento de identificaÃ§Ã£o.",,7
Ãlvares Machado,SP,Post,2022-07-27 12:01:19,gov.alvaresmachado,"âœ… AUDIÃŠNCIA PÃšBLICA DE REVISÃƒO DO PLANO DIRETOR 

O governo de Ãlvares Machado comunica que a Ãºltima AudiÃªncia PÃºblica do Processo de RevisÃ£o do Plano Diretor serÃ¡ realizada no dia 4 de agosto, Ã s 19h, no PlenÃ¡rio da CÃ¢mara Municipal, de forma presencial. 

â¡ï¸ AtÃ© lÃ¡, a populaÃ§Ã£o, tambÃ©m, pode participar da AudiÃªncia PÃºblica Digital atÃ© o dia 3 de agosto, enviando suas sugestÃµes pelo link: https://forms.gle/mR1rouRq1sKnfWkTA

â¡ï¸ Todos os materiais e informaÃ§Ãµes podem ser acessados pelo link: https://abre.ai/eLC2

Sua participaÃ§Ã£o Ã© fundamental!",,14
Ãlvares Machado,SP,Post,2022-07-15 14:05:40,gov.alvaresmachado,"O governo de Ãlvares Machado informa que as inscriÃ§Ãµes para novas vagas do Programa â€˜Bolsa do Povo/ Trabalhoâ€™ serÃ£o abertas nesta sexta-feira (15) e seguem atÃ© domingo, dia 17 de julho.  As inscriÃ§Ãµes devem ser feitas exclusivamente pelo site www.bolsadopovo.sp.gov.br.

O Programa atenderÃ¡ cidadÃ£os desempregados com bolsa-auxÃ­lio de R$ 540,00 (quinhentos e quarenta reais), alÃ©m de curso de qualificaÃ§Ã£o virtual e atividades de trabalho em Ã³rgÃ£os pÃºblicos por 4 horas diÃ¡rias, 5 dias por semana, durante 5 meses.

Para participar Ã© necessÃ¡rio preencher os seguintes requisitos:
 âœ… Maior de 18 anos;
 âœ…Desempregado;
 âœ… Morar no Estado de SÃ£o Paulo hÃ¡ mais de 2 anos;
 âœ…Renda per capta menor do que meio salÃ¡rio mÃ­nimo;",,36
Ãlvares Machado,SP,Post,2022-07-13 14:26:19,gov.alvaresmachado,"TEM PREVENÃ‡ÃƒO CHEGANDO!

 Ã‰ possÃ­vel prevenir o cÃ¢ncer de colo de Ãºtero. Para isto, de 19 a 22 de julho, das 9h Ã s 16h, o Governo de Ãlvares Machado informa que receberÃ¡ a Unidade MÃ³vel da AssociaÃ§Ã£o de Apoio ao Portador de CÃ¢ncer de Presidente Prudente para a realizaÃ§Ã£o de exames de PrevenÃ§Ã£o do CÃ¢ncer de Colo. 

Mulheres entre 25 e 65 anos podem realizar o exame gratuitamente. 

Para isso, precisam comparecer na data e local descrito na imagem portando o cartÃ£o do SUS e o CPF.",,30
Ãlvares Machado,SP,Post,2022-06-30 12:11:35,gov.alvaresmachado,"Vai rolar feira com mÃºsica ao vivo nesta quinta e sexta-feira,  bora prestigiar?",,26
Ãlvares Machado,SP,Comentario,2022-06-30 13:09:54,ezekiel_nunes30,,@mohnyk_mendes  olha eles aÃ­ canta muito ğŸ‘ğŸ‘,
Ãlvares Machado,SP,Post,2022-06-26 15:11:16,gov.alvaresmachado,"A expectativa de investimentos no passado era de R$ 4 milhÃµes, mas esse montante mudou. Querem notÃ­cia boa? Venham comigo, confira no vÃ­deo!

Governador @rodrigogarciaoficial e deputado estadual @mauro.bragato , muito obrigado pelos investimentos em Ãlvares Machado e regiÃ£o. Uma boa polÃ­tica Ã© isso, Ã© olhar com carinho para as necessidades da populaÃ§Ã£o.",,191
Ãlvares Machado,SP,Comentario,2022-06-27 02:46:34,eliaslags,,Prefeito quando vai fazer casinha no pq dos Pinheiros e panorama me avisa por favor q preciso de uma pra minha famÃ­lia pagar aluguel estÃ¡ ficando difÃ­cil muito obrigado DEUS abenÃ§oe.,
Ãlvares Machado,SP,Post,2022-06-24 12:27:06,gov.alvaresmachado,"A partir desta sexta-feira, dia 24, pessoas acima de 40 anos jÃ¡ podem receber a 4Âª dose de reforÃ§o contra COVID-19. 

Confira os locais e horÃ¡rios:
 ğŸ“Œ UBS Maria Maia: De segunda a sexta-feira, das 7h Ã s 12h e das 13h Ã s 15h.
 ğŸ“Œ ESF Parque dos Pinheiros: De segunda a sexta-feira, das 7h Ã s 12h e das 13h Ã s 15h.

Lembrando que Ã© necessÃ¡rio o uso de mÃ¡scara. ğŸ˜·",,26
Ãlvares Machado,SP,Post,2022-06-21 14:44:45,gov.alvaresmachado,"Mais um compromisso cumprido. 
Um local bem preparado para receber nossas crianÃ§as faz toda a diferenÃ§a. 

Quero agradecer ao governador @rodrigogarciaoficial  e ao Deputado Estadual @mauro.bragato pela parceria na conclusÃ£o dessa obra.",,203
Ãlvares Machado,SP,Comentario,2022-06-21 14:51:44,camilanunescmc,,@jocineynunes,
Ãlvares Machado,SP,Comentario,2022-06-21 15:22:40,valdirene_gcarvalho,,Ficou maravilhosa!!! ğŸ‘ğŸ‘ğŸ‘ğŸ™Œ,
Ãlvares Machado,SP,Comentario,2022-06-21 15:44:25,valterluciobezerra,,"ParabÃ©ns, Valdirene!",
Ãlvares Machado,SP,Comentario,2022-06-21 16:34:51,fernanda_avellaneda_adv,,A Val Ã© maravilhosa! Cuidadosa em tudo que faz! ParabÃ©ns!!!!,
Ãlvares Machado,SP,Comentario,2022-06-21 17:25:28,river_bryanzorzatto,,Que trabalho lindo!! ğŸ‘ğŸ»ğŸ‘ğŸ»ğŸ‘ğŸ»,
Ãlvares Machado,SP,Comentario,2022-06-21 18:22:22,velucia9194,,ğŸ‘ğŸ‘ğŸ‘ğŸ‘ğŸ‘ğŸ‘,
Ãlvares Machado,SP,Comentario,2022-06-21 18:31:48,taniasoarespiquione,,nossa que linda parabÃ©ns Ã  todos envolvidos...quem ganha somos todos nÃ³s machadenses ğŸ‘ğŸ‘,
Ãlvares Machado,SP,Post,2022-06-16 21:32:50,gov.alvaresmachado,"Termina nesta sexta-feira, dia 17, o prazo para inscriÃ§Ãµes no Programa Bolsa do Povo. 

Se vocÃª, machadense, ainda nÃ£o fez sua inscriÃ§Ã£o, nÃ£o perca tempo. 

  O Programa atenderÃ¡ cidadÃ£os desempregados com bolsa-auxÃ­lio de R$ 540,00 (quinhentos e quarenta), alÃ©m de curso de qualificaÃ§Ã£o virtual e atividades de trabalho em Ã³rgÃ£os pÃºblicos por 4 horas diÃ¡rias, 5 dias por semana, durante 5 meses. 

Para participar Ã© necessÃ¡rio preencher os seguintes requisitos: 
- Maior de 18 anos;
- Desempregado;
- Morar no Estado de SÃ£o Paulo hÃ¡ mais de 2 anos;
- Renda per capta menor do que meio salÃ¡rio mÃ­nimo;

INSCRIÃ‡Ã•ES
As inscriÃ§Ãµes deverÃ£o ser realizadas exclusivamente pelo portal Bolsa do Povo (www.bolsadopovo.sp.gov.br ).",,23
Ãlvares Machado,SP,Comentario,2022-06-17 03:48:01,richardwssg4,,@floriano.fabi,
Ãlvares Machado,SP,Post,2022-06-15 22:46:36,gov.alvaresmachado,Mais uma benfeitoria entregue para nossa populaÃ§Ã£o. Quero agradecer ao governador @rodrigogarciaoficial e ao deputado @mauro.bragato pelo apoio e parceria para a conclusÃ£o dessa obra.,,397
Ãlvares Machado,SP,Comentario,2022-06-15 23:06:48,p_cervellini,,ğŸ‘ğŸ‘ğŸ‘ğŸ‘,
Ãlvares Machado,SP,Comentario,2022-06-15 23:15:17,emersoncamargo6,,ğŸ‘ğŸ‘ğŸ‘,
Ãlvares Machado,SP,Comentario,2022-06-15 23:21:07,diomaziodaniel,,ğŸ‘,
Ãlvares Machado,SP,Comentario,2022-06-15 23:28:32,ianaraoficial,,ParabÃ©ns a todos. Que alegria em saber e ver a educaÃ§Ã£o de nossas crianÃ§as sendo prioridade nessa gestÃ£o. Que orgulho de vocÃªs!!!! ParabÃ©ns parabÃ©ns. ğŸ˜â¤ï¸ğŸ™,
Ãlvares Machado,SP,Comentario,2022-06-15 23:38:12,cristianehiguti,,"ParabÃ©ns prefeito, ficou tudo muito lindo as instalaÃ§Ãµes com certeza proporcionarÃ¡, muito conforto para nossas crianÃ§as e muito mais tranquilidade aos seus pais parabÃ©ns pelo excelente trabalho que estÃ¡ desenvolvendo para o nosso munÃ­cipio ğŸ‘ğŸ‘ğŸ‘",
Ãlvares Machado,SP,Comentario,2022-06-15 23:42:18,marciocristianorodriguespon,,ParabÃ©nsğŸ‘ğŸ‘ğŸ‘,
Ãlvares Machado,SP,Comentario,2022-06-15 23:49:34,artesgelatelie,,ğŸ‘ğŸ‘ğŸ‘ğŸ‘ğŸ‘muito orgulho deste Governo  Machadense.,
Ãlvares Machado,SP,Comentario,2022-06-15 23:50:05,lucienedacome,,ğŸ‘ğŸ‘ğŸ‘ğŸ™ŒğŸ™ŒğŸ™ŒğŸ™Œâ¤ï¸,
Ãlvares Machado,SP,Comentario,2022-06-15 23:52:33,rodrigo.bortoluzzi,,ParabÃ©ns prefeito e equipe da prefeitura,
Ãlvares Machado,SP,Comentario,2022-06-15 23:53:39,carla.cavalleri,,Ficou maravilhosa ğŸ‘ğŸ‘ğŸ‘,
Ãlvares Machado,SP,Comentario,2022-06-15 23:58:27,taniaalmeidasola,,ğŸ‘ğŸ‘ğŸ‘,
Ãlvares Machado,SP,Comentario,2022-06-16 00:26:19,amandab.oliv,,ğŸ‘â¤ï¸,
Ãlvares Machado,SP,Comentario,2022-06-16 00:33:38,josejlpp,,O negÃ³cio agora Ã© virar prefeito de prudente heim ğŸ˜…. Precisamos de alguÃ©m como vc! ğŸ‘ğŸ‘,
Ãlvares Machado,SP,Comentario,2022-06-16 01:08:25,laircefuruya,,"ParabÃ©ns, que lindo!ğŸ‘ğŸ‘ğŸ˜â¤ï¸",
Ãlvares Machado,SP,Comentario,2022-06-16 01:34:53,eliaslags,,ParabÃ©ns sÃ³ falta casas para pq dos Pinheiros e panorama .,
Ãlvares Machado,SP,Comentario,2022-06-16 02:40:58,river_bryanzorzatto,,Que bacana prefeito ğŸ‘ğŸ‘! Nossas crianÃ§as merecem...,
Ãlvares Machado,SP,Comentario,2022-06-16 04:16:57,renatinha5788,,ğŸ‘ğŸ‘ğŸ‘ @rogergasquess,
Ãlvares Machado,SP,Comentario,2022-06-16 11:22:49,silvasantoscicera,,ParabÃ©ns prefeito ğŸ‘ğŸ‘ğŸ‘ğŸ‘ğŸ‘,
Ãlvares Machado,SP,Post,2022-06-09 14:33:18,gov.alvaresmachado,"AmanhÃ£, alÃ©m da Feira na Avenida das AmÃ©ricas, tambÃ©m vai rolar mÃºsica ao vivo.

Ã‰ a partir das 19h.",,28
Ãlvares Machado,SP,Comentario,2022-06-09 14:38:53,verdadesditaseponto,,ğŸ‘ğŸ‘ğŸ‘ğŸ‘,
Ãlvares Machado,SP,Post,2022-06-06 17:39:58,gov.alvaresmachado,"Neste sÃ¡bado, dia 11 de junho, das 9h Ã s 12h, o Fundo Social promove o Drive-Thru SolidÃ¡rio em frente Ã  prefeitura. FaÃ§a sua doaÃ§Ã£o. Podem ser doadas roupas, calÃ§ados e cobertores em bom estado de conversaÃ§Ã£o. 

Sua colaboraÃ§Ã£o Ã© fundamental. â¤ï¸",,13
Ãlvares Machado,SP,Post,2022-06-05 12:47:17,gov.alvaresmachado,"Quando cuidamos do meio ambiente, cuidamos do futuro de todos.",,7
Ãlvares Machado,SP,Post,2022-06-02 18:33:19,gov.alvaresmachado,"Adolescentes de 12 a 17 anos jÃ¡ podem receber a dose de reforÃ§o contra COVID-19. Fique atento: Ã© necessÃ¡rio ter concluÃ­do o esquema vacinal (1Âª e 2Âª dose) hÃ¡ pelo menos 4 meses. 

Confira os locais e horÃ¡rios:
 ğŸ“Œ UBS Maria Maia: De segunda a sexta-feira, das 7h Ã s 13h. 
 ğŸ“Œ ESF Parque dos Pinheiros: De segunda a sexta-feira, das 7h Ã s 13h.

Lembrando que Ã© necessÃ¡rio o uso de mÃ¡scara. ğŸ˜·",,14
Ãlvares Machado,SP,Post,2022-05-30 14:33:10,gov.alvaresmachado,"Ã‰ uma grande alegria estar cumprindo mais esse compromisso com a nossa educaÃ§Ã£o.  Ver o sorriso das nossas crianÃ§as nos mostra que estamos no caminho certo. 

Finalizamos a entrega de 1.107 pares de tÃªnis para os alunos do infantil e 3.606 kits de material escolar para todos os estudantes da rede.  Esse Ã© nosso objetivo, proporcionar uma educaÃ§Ã£o bem estruturada para nossos alunos. Vem mais por aÃ­!",,234
Ãlvares Machado,SP,Comentario,2022-05-30 14:44:54,simone.coelho.37853,,Os alunos do Franco Montoro e da MÃ¡rcia Helena tbm vÃ£o ganhar tÃªnis ğŸ‘Ÿ?,
Ãlvares Machado,SP,Comentario,2022-05-30 14:49:17,valterluciobezerra,,Muito bom! ParabÃ©ns,
Ãlvares Machado,SP,Comentario,2022-05-30 14:56:02,jaquelinematos628,,ParabÃ©ns nossas crianÃ§as merecem ğŸ‘ğŸ‘,
Ãlvares Machado,SP,Comentario,2022-05-30 15:26:42,soniadgalante,,ParabÃ©ns pelo investimento na educaÃ§Ã£o ğŸ‘ğŸ‘ğŸ‘ğŸ‘ğŸ‘,
Ãlvares Machado,SP,Comentario,2022-05-30 15:33:16,marielegirotti,,@juragislaine,
Ãlvares Machado,SP,Comentario,2022-05-30 17:56:11,cleidematiassilva,,ğŸ‘ğŸ‘ğŸ‘ğŸ‘,
Ãlvares Machado,SP,Comentario,2022-05-31 01:31:57,fc.mello,,â¤ï¸,
Ãlvares Machado,SP,Comentario,2022-05-31 21:01:28,renatinha5788,,ğŸ‘ğŸ‘ğŸ‘ğŸ‘ uhuhuhuhu parabÃ©ns prefeito @rogergasquess,
Ãlvares Machado,SP,Post,2022-05-29 17:46:13,gov.alvaresmachado,"O governo de Ãlvares Machado, por meio da DivisÃ£o de SaÃºde, convida a todos para participarem da AUDIÃŠNCIA PÃšBLICA, dia 31 de maio (terÃ§a-feira), Ã s 9h, no PlenÃ¡rio da CÃ¢mara Municipal, objetivando a demonstraÃ§Ã£o e a avaliaÃ§Ã£o das Metas Fiscais do 1Â° quadrimestre de 2022.",,9
Ãlvares Machado,SP,Post,2022-05-27 12:51:35,gov.alvaresmachado,"Sextou! ğŸ˜

Hoje tem feira e cultura. Bora prestigiar? 
Na Avenida das AmÃ©ricas, a partir das 19h.",,5
Ãlvares Machado,SP,Post,2022-05-25 17:03:31,gov.alvaresmachado,"MORADORES DOS BAIRROS DO PARQUE DOS PINHEIROS E JARDIM PANORAMA.

Nesta quinta-feira, dia 26 de maio, vai rolar a apresentaÃ§Ã£o do Projeto Brincando de Capoeiragem durante a feira.

 VocÃª Ã© nosso principal convidado. Bora prestigiar? ğŸ˜",,13
Ãlvares Machado,SP,Post,2022-05-17 14:43:18,gov.alvaresmachado,"#PARTIUVACINAR contra a gripe.

Se vocÃª faz parte do pÃºblico-alvo e ainda nÃ£o foi tomar a vacina contra a #GRIPE, corra para o posto de vacinaÃ§Ã£o mais prÃ³ximo e proteja-se!

âœ… Ã‰ necessÃ¡rio levar a caderneta de VacinaÃ§Ã£o.

Confira os locais e horÃ¡rios:
 ğŸ“Œ - UBS Maria Maia: De segunda a sexta-feira, das 7h30 Ã s 15h. 
 ğŸ“Œ - ESF Parque dos Pinheiros: De segunda a sexta-feira, das 7h30 Ã s 15h.
 ğŸ“Œ - Coronel Goulart: TerÃ§as-feiras, das 7h30 Ã s 10h.",,5
Ãlvares Machado,SP,Post,2022-05-12 19:59:53,gov.alvaresmachado,"Hoje, 12 de maio, Ã© comemorado o Dia da ConscientizaÃ§Ã£o sobre a Fibromialgia.

A fibromialgia Ã© uma sÃ­ndrome clÃ­nica que se manifesta com dor no corpo todo, principalmente na musculatura. Junto com a dor, a fibromialgia causa sintomas de fadiga, sono nÃ£o reparador (a pessoa acorda cansada), alÃ©m de possÃ­veis alteraÃ§Ãµes de memÃ³ria e atenÃ§Ã£o, ansiedade, depressÃ£o e distÃºrbios intestinais.",,7
Ãlvares Machado,SP,Post,2022-04-28 17:41:51,gov.alvaresmachado,"Machadense, Ã© hora de se proteger! 

SÃ¡bado, dia 30 de abril, Ã© o dia D da vacinaÃ§Ã£o contra gripe e sarampo, fique atento aos grupos prioritÃ¡rios e locais.

ğŸ“Œ A imunizaÃ§Ã£o serÃ¡ realizada na UBS Maria Maia e ESF do Parque dos Pinheiros, das 8h Ã s 14h.

âœ… Procure um posto de vacinaÃ§Ã£o e leve a caderneta! 

JÃ¡ no Distrito de Coronel Goulart, a vacinaÃ§Ã£o serÃ¡ realizada Ã s terÃ§as e quintas-feiras, das 7h30 Ã s 10h30.",,18
Ãlvares Machado,SP,Post,2022-04-27 11:37:33,gov.alvaresmachado,"A Ãºltima sexta-feira do mÃªs estÃ¡ chegando. VocÃªs jÃ¡ sabem o que isso significa, nÃ©? SEXTA CULTURAL ğŸ˜.

A programaÃ§Ã£o vai contar com a apresentaÃ§Ã£o do Projeto Ritmos de DanÃ§a. Venha prestigiar conosco e conhecer um pouco mais sobre o projeto. 

ğŸ—“ï¸ Data: Dia 29 de abril
â° HorÃ¡rio: Ã€s 19h30
ğŸ“Œ Local: PraÃ§a GetÃºlio Vargas",,8
Ãlvares Machado,SP,Post,2022-04-25 21:31:40,gov.alvaresmachado,"Moradores do Parque dos Pinheiros e Jardim Panorama, atenÃ§Ã£o! 

A coleta seletiva nos bairros serÃ¡ realizada nesta terÃ§a-feira, dia 26, a partir das 13h. 

A partir desta data, o recolhimento serÃ¡ feito sempre Ã s terÃ§as-feiras, quinzenalmente, no perÃ­odo da tarde. A prÃ³xima data do itinerÃ¡rio , entÃ£o, serÃ¡ dia 10 de maio. Se programe e contribua com o meio ambiente.",,9
Ãlvares Machado,SP,Post,2022-04-20 18:40:02,gov.alvaresmachado,"Nesta sexta-feira, dia 22, Ãlvares Machado irÃ¡ sediar dois jogos da 1Âª Copa Unipontal. Ã‰ a partir das 19h30, no GinÃ¡sio de Esportes. 

A bola vai rolar entre Caiabu e Indiana. Logo em seguida, Ã s 20h30, o time de Ãlvares Machado entra em quadra contra Santo Expedito.

 Venha prestigiar. VocÃª Ã© nosso convidado!",,19
Ãlvares Machado,SP,Post,2022-04-19 14:50:31,gov.alvaresmachado,"Moradores do Parque dos Pinheiros e Jardim Panorama, VEM AÃ A INAUGURAÃ‡ÃƒO DA FEIRA LIVRE. 

Nesta quinta-feira, dia 21, feriado, a partir das 19h, na Rua ClÃ³vis Bevilacqua, defronte o estacionamento da Jandaia. 

HaverÃ¡ venda de pastel, espetinho, pÃ£o com linguiÃ§a, verduras, legumes, frutas, doces, mÃºsica ao vivo e muito mais.

 Venha prestigiar.",,23
Ãlvares Machado,SP,Post,2022-04-18 12:16:05,gov.alvaresmachado,"2Âª EdiÃ§Ã£o do Varal LiterÃ¡rioğŸ“š

Dia: 19 e 20 de abril (terÃ§a e quarta-feira)
HorÃ¡rio: 9h Ã s 18h
Local: PraÃ§a GetÃºlio Vargas

* Mais de 700 livros para crianÃ§as e adolescentes estarÃ£o disponÃ­veis durante o projeto. Quem passar pelo local poderÃ¡ escolher atÃ© dois livros para levar para casa, sem necessidade de devoluÃ§Ã£o. Vem! ğŸ˜",,17
Ãlvares Machado,SP,Post,2022-04-17 14:05:05,gov.alvaresmachado,Momento de celebrarmos o renascimento e agradecimento pela vida!,,2
Ãlvares Machado,SP,Post,2022-04-16 13:43:19,gov.alvaresmachado,"Etapa Municipal da ConferÃªncia Nacional de EducaÃ§Ã£o (CONAE) vai discutir o futuro da educaÃ§Ã£o para os prÃ³ximos anos.

Confira os horÃ¡rios que as reuniÃµes acontecerÃ£o nas unidades escolares e participe. VocÃª Ã© nosso principal convidado!",,12
Ãlvares Machado,SP,Post,2022-04-15 14:10:39,gov.alvaresmachado,"Foi a maior prova de amor por nÃ³s! â¤ï¸ğŸ™

Uma data de reflexÃ£o e homenagem Ã quele que nos ama incondicionalmente.",,9
Ãlvares Machado,SP,Post,2022-04-12 18:56:55,gov.alvaresmachado,"SAÃšDE INFORMA

A DivisÃ£o de SaÃºde recebeu um aviso da empresa Energisa sobre a interrupÃ§Ã£o de energia na UBS Maria Maia prevista para esta quarta-feira, dia 13, das 11h Ã s 17h. O objetivo, segundo a empresa, Ã© executar melhorias na rede distribuidora de energia.

âœ… Por este motivo, comunicamos que na quarta-feira (13) a UBS Maria Maia irÃ¡ atender somente atÃ© as 11h. Os casos de urgÃªncia e emergÃªncia deverÃ£o ser encaminhados para a Santa Casa, haverÃ¡ um mÃ©dico de plantÃ£o. 

Vale ressaltar que os atendimentos serÃ£o realizados normalmente nas ESFs. Agradecemos a compreensÃ£o.",,23
Ãlvares Machado,SP,Post,2022-04-11 21:59:06,gov.alvaresmachado,"Hoje, 11 de abril, Ã© o Dia Mundial de ConscientizaÃ§Ã£o da DoenÃ§a de Parkinson.

A doenÃ§a degenerativa, crÃ´nica e progressiva afeta funÃ§Ãµes primordiais do corpo. O sintoma mais conhecido Ã© o tremor, mas a doenÃ§a tambÃ©m inclui outros sintomas muitas vezes mais frequentes que auxiliam no diagnÃ³stico, como postura inclinada, diminuiÃ§Ã£o dos reflexos, movimentos lentos e problemas com o equilÃ­brio.

Denominado como Tulipa Vermelha, o tema faz parte do CalendÃ¡rio Oficial de Eventos do municÃ­pio como sendo o mÃªs destinado Ã  divulgaÃ§Ã£o, tratamento, promoÃ§Ã£o do bem-estar e qualidade de vida. 

A qualquer sinal de alerta, procure um mÃ©dico!",,4
Ãlvares Machado,SP,Post,2022-03-30 14:16:01,gov.alvaresmachado,"Olha sÃ³ o que estÃ¡ de volta! ğŸ˜
Vem aÃ­ a SEXTA CULTURAL ğŸ­ğŸ»ğŸ·ğŸ¥

E jÃ¡ Ã© nesta sexta-feira, dia 1Â°, a partir das 19h30, na PraÃ§a GetÃºlio Vargas.

Como nas outras ediÃ§Ãµes, a proposta Ã© promover a cultura e expor os projetos que acontecem no municÃ­pio. 

âœ… A programaÃ§Ã£o contarÃ¡ com a apresentaÃ§Ã£o dos alunos do Projeto Capoeira Pela Vida, que atualmente atende mais de 200 alunos, gratuitamente. 

Ã‰ nesta sexta-feira, hein! Sua presenÃ§a Ã© muito importante!",,25
Ãlvares Machado,SP,Post,2022-03-29 12:11:51,gov.alvaresmachado,"AtenÃ§Ã£o, pecuarista!

Fique atento ao prazos de vacinaÃ§Ã£o.",,9
Ãlvares Machado,SP,Post,2022-03-25 16:19:39,gov.alvaresmachado,"Nesta segunda-feira, dia 28, comeÃ§a a imunizaÃ§Ã£o contra a gripe.  Nesta primeira etapa, idosos acima de 80 anos devem ser vacinados. 

Confira os locais:
- UBS Maria Maia: segundas, terÃ§as, quintas e sextas-feiras, das 7h Ã s 15h. Com horÃ¡rio estendido Ã s quartas-feiras, das 7h Ã s 20h.

- ESF Parque dos Pinheiros: De segunda a sexta-feira, das 7h Ã s 15h.

- Unidade de Coronel Goulart: quintas-feiras, das 8h Ã s 11h.

Confira o calendÃ¡rio completo de imunizaÃ§Ã£o no site www.alvaresmachado.sp.gov.br",,12
Ãlvares Machado,SP,Post,2022-03-22 21:48:14,gov.alvaresmachado,"Dia Mundial da Ãgua. 

Evite o desperdÃ­cio, pratique essa ideia.",,15
Ãlvares Machado,SP,Post,2022-03-21 14:33:17,gov.alvaresmachado,"ğŸš¨ COVID-19: PLANTÃƒO DE VACINAÃ‡ÃƒO

Nesta quarta-feira, dia 23 de marÃ§o, vai rolar mais um plantÃ£o de vacinaÃ§Ã£o contra a Covid-19. 

AlÃ©m das crianÃ§as de 5 a 11 anos, a imunizaÃ§Ã£o tambÃ©m serÃ¡ aberta para o pÃºblico que esteja com a vacina atrasada. Idosos com 80 anos ou mais tambÃ©m jÃ¡ podem procurar a unidade de saÃºde para receber a segunda dose adicional (4Âª). 

â¡ï¸ O plantÃ£o serÃ¡ realizado das 7h Ã s 20h, na UBS Maria Maia. 

Proteja-se!",,-1
Ãlvares Machado,SP,Post,2022-03-14 17:18:07,gov.alvaresmachado,"AtÃ© o dia 28 de marÃ§o, a DivisÃ£o de SaÃºde realiza a Campanha de Busca Ativa de Casos de Tuberculose.
A aÃ§Ã£o tem como objetivo prevenir e diagnosticar precocemente a doenÃ§a.

Para realizar o teste Ã© simples, basta procurar uma unidade de saÃºde do municÃ­pio, das 7h30 Ã s 15h30. Os casos positivos serÃ£o encaminhados para tratamento. 

Proteja-se!",,2
Ãlvares Machado,SP,Post,2022-03-12 21:42:02,gov.alvaresmachado,"Vem aÃ­ a 1Âª ConferÃªncia de SaÃºde Mental de Ãlvares Machado. 

Objetivo Ã© reunir os diversos segmentos da sociedade para discutir e elaborar propostas para o fortalecimento de programas e aÃ§Ãµes.

VocÃª Ã© nosso convidado. Participe.",,-1
Ãlvares Machado,SP,Post,2022-03-08 14:30:46,gov.alvaresmachado,"Uma homenagem a todas as mulheres. VocÃªs sÃ£o exemplos de garra, amor, coragem, solidariedade e perseveranÃ§a. â¤ï¸",,-1
Ãlvares Machado,SP,Post,2022-03-03 18:04:59,gov.alvaresmachado,"PRÃTICA DE ATIVIDADES FÃSICAS âš½ï¸ğŸ¤¾â€â™€ï¸ğŸ“

EstÃ£o abertas as inscriÃ§Ãµes para a prÃ¡tica de Atividades FÃ­sicas. As datas e horÃ¡rios de cada modalidade serÃ£o definidos pela Coordenadoria de Esportes e pelos grupos assim que estes estiverem fechados.

Para informaÃ§Ãµes sobre faixa etÃ¡ria e pÃºblico de cada modalidade, entrar em contato pelo telefone: (18) 3273-1033. De segunda a Sexta, das 12h Ã s 17h.
 
âœ… MODALIDADES DISPONÃVEIS: Capoeira, danÃ§a, futsal, futebol, funcional, handebol, tÃªnis de mesa e vÃ´lei adaptado para Melhor Idade.",,-1
Ãlvares Machado,SP,Comentario,2022-03-03 18:40:33,santosgabriela_p,,@santosgabriel.m,
Ãlvares Machado,SP,Comentario,2022-03-03 18:46:31,shirley.domingos78,,Top ğŸ‘ğŸ‘ğŸ‘ğŸ‘,
Ãlvares Machado,SP,Comentario,2022-03-03 22:08:48,barbalhovanderley,,ğŸ‘,
Ãlvares Machado,SP,Comentario,2022-03-22 16:00:14,sarahsouza_dancas,,"Aulas gratuitas de danÃ§a, chamar (67) 99235-0030 para mais informaÃ§Ãµes",
Ãlvares Machado,SP,Post,2022-03-03 13:44:12,gov.alvaresmachado,"INSCRIÃ‡Ã•ES ABERTAS 

O Fundo Social de Ãlvares Machado, em parceria com Fundo Social de SÃ£o Paulo, abre inscriÃ§Ãµes para o curso de confeitaria. 

âœ… INSCRIÃ‡Ã•ES ATÃ‰ 11 DE MARÃ‡O.  SÃ£o 10 vagas, no perÃ­odo da manhÃ£, das 8h Ã s 12h.

ğŸ“Œ Para se inscrever, basta comparecer no Fundo Social de Ãlvares Machado, que fica na Rua Presidente Prudente, NÂ° 241, das 8h Ã s 16h. InformaÃ§Ãµes pelo telefone 3273-4027.

DOCUMENTOS NECESSÃRIOS: Xerox do RG e CPF.",,-1
Ãlvares Machado,SP,Comentario,2022-03-03 13:46:24,patyteodoro8,,@amanda_teodoro1,
Ãlvares Machado,SP,Comentario,2022-03-03 14:21:29,rosesilva9565,,@menina.doce2020,
Ãlvares Machado,SP,Post,2022-02-24 23:31:22,gov.alvaresmachado,"AmanhÃ£, dia 25, a Feira Ã© em clima de Carnaval.

AlÃ©m de produtos fresquinhos, vai rolar mÃºsica ao vivo com a dupla MaÃ­sa & Di Ferrer.

E aÃ­, bora? Esperamos por vocÃªs!",,-1
Ãlvares Machado,SP,Post,2022-02-24 12:58:08,gov.alvaresmachado,"Nesta sexta-feira, 25/02, Ã s 9h, serÃ¡ realizada a AudiÃªncia PÃºblica sobre as Receitas x Despesas e AÃ§Ãµes de SaÃºde do 3Â° quadrimestre de 2021. 

A reuniÃ£o, que serÃ¡ realizada na CÃ¢mara Municipal, Ã© aberta Ã  populaÃ§Ã£o. 

Vale lembrar que Ã© obrigatÃ³rio o uso de mÃ¡scara. ğŸ˜·",,-1
Ãlvares Machado,SP,Post,2022-02-24 11:18:50,gov.alvaresmachado,"Ãšltimas vagas para o curso Bordando e Tecendo a Arte no Meio Rural.

ğŸ“Œ VocÃª nÃ£o vai ficar de fora dessa, nÃ©? InscriÃ§Ãµes das 8h Ã s 16h, no Fundo Social de Ãlvares Machado - Rua Presidente Prudente, nÂ° 241. 

âœ… Documentos necessÃ¡rios: CÃ³pia do RG, CPF ou CNH. 

* MÃ“DULOS
- Executar bainhas abertas;
- Acabamentos e transferÃªncia de riscos;
- TÃ©cnicas de desfiar tecidos;
- Ponto ajour;
- Agrupamento de fios;
- FixaÃ§Ã£o de desenhos no tecido e uso de papel carbono;

INFORMAÃ‡Ã•ES: (18) 3273-4027",,-1
Ãlvares Machado,SP,Comentario,2022-02-24 21:13:41,lopes8597,,LegalğŸ‘ğŸ‘ğŸ‘ğŸ‘,
Ãlvares Machado,SP,Post,2022-02-22 14:46:42,gov.alvaresmachado,"A vacinaÃ§Ã£o para proteger os pequenos contra a covid-19 continua. E amanhÃ£, dia 23, essa imunizaÃ§Ã£o ganha um reforÃ§o no horÃ¡rio.

â¡ï¸ O plantÃ£o serÃ¡ realizado das 7h Ã s 20h, na UBS Maria Maia. AlÃ©m das crianÃ§as de 5 a 11 anos, a imunizaÃ§Ã£o tambÃ©m serÃ¡ aberta para o pÃºblico que esteja com a vacina atrasada. 

Proteja-se!",,15
Ãlvares Machado,SP,Post,2022-02-14 17:49:23,gov.alvaresmachado,"â¡ï¸ O PROJETO DANÃ‡A COMIGO estÃ¡ com inscriÃ§Ãµes abertas.

ğŸ“Œ Interessados em participar devem fazer a inscriÃ§Ã£o na prÃ³xima terÃ§a-feira, dia 15, na Rua Vicente Dias Garcia, 184. 

- Vagas para o Polo Central: aulas no perÃ­odo da tarde, das 15h Ã s 18h;

- Vagas para alunos da EMEIF Ãlvares Machado (perÃ­odo da tarde);

- Vagas para a EMEIF Governador  Franco Montoro;

- Vagas para EMEIF Prof. MÃ¡rcia Helena F. de AraÃºjo;

â¡ï¸ Para mais informaÃ§Ãµes, entre em contato pelo WhatsApp: 18 99813-5367.",,4
Ãlvares Machado,SP,Post,2022-02-11 18:27:37,gov.alvaresmachado,"Hoje Ã© dia de Feira! ğŸ§…ğŸ¥•ğŸ…ğŸ‡ğŸ¥¥ğŸ¥œ
 
E aÃ­, bora?!

Lembrando que aos sÃ¡bados a feira tambÃ©m acontece na Rua Presidente Prudente, no bairro Nossa Senhora da Paz, a partir das 13h.

Prestigie.",,-1
Ãlvares Machado,SP,Post,2022-02-09 18:23:36,gov.alvaresmachado,"Tem vaga de estÃ¡gio na Ã¡rea! ğŸƒğŸƒâ€â™€ï¸ğŸš€

- A DECEL precisa de estagiÃ¡rios(as) que estejam cursando o ensino superior na Ã¡rea de EducaÃ§Ã£o e InformÃ¡tica.  Os interessados, devem levar o currÃ­culo na DivisÃ£o de EducaÃ§Ã£o (Rua Vicente Dias Garcia, 222), de segunda a sexta-feira, das 8h Ã s 16h. 

- Outra oportunidade Ã© na Ã¡rea da ComunicaÃ§Ã£o. Superior cursando Fotografia, Jornalismo, Publicidade ou Marketing a partir do 2Â° termo. Enviar currÃ­culo no e-mail: imprensa@alvaresmachado.sp.gov.br

Os estÃ¡gios sÃ£o remunerados.",,10
Ãlvares Machado,SP,Post,2022-02-08 21:59:38,gov.alvaresmachado,"InscriÃ§Ãµes atÃ© 11 de fevereiro somente pelo link  https://www.bolsadopovo.sp.gov.br/

Tem duraÃ§Ã£o de 5 meses e atenderÃ¡ 60 machadenses desempregados com bolsa-auxÃ­lio de R$ 540 alÃ©m de curso de qualificaÃ§Ã£o virtual, seguro de acidentes e atividades de trabalho em Ã³rgÃ£os pÃºblicos por 4 horas diÃ¡rias, 5 dias por semana. 

Para participar Ã© necessÃ¡rio:
- Ser maior de 18 anos
- Estar desempregado
- Morador do Estado de SP a mais de 2 anos
- Renda per capita menor do que meio salÃ¡rio mÃ­nimo

MAIS INFORMAÃ‡Ã•ES: Telefone: 3273-1915 ou procurar a DivisÃ£o de AssistÃªncia Social ou o CRAS de seu territÃ³rio.",,18
Ãlvares Machado,SP,Comentario,2022-02-09 02:19:13,flaviacastrocadette,,@luhcadette foi prorrogado,
Ãlvares Machado,SP,Post,2022-02-03 23:32:27,gov.alvaresmachado,"PLANTÃƒO DE VACINAÃ‡ÃƒO PARA CRIANÃ‡AS E ADULTOS SERÃ REALIZADO  NESTE SÃBADO

Neste sÃ¡bado, dia 5 de fevereiro, serÃ¡ realizado plantÃ£o de vacinaÃ§Ã£o contra a COVID-19 para crianÃ§as de 5 a 11 anos e adultos com ou sem comorbidades. 

Confira os locais e horÃ¡rios de vacinaÃ§Ã£o:

 ğŸ“Œ UBS Maria Maia e ESF do Parque dos Pinheiros;
 - Somente no perÃ­odo da manhÃ£, das 7h Ã s 13h;

 * Lembrete importante: Ã© necessÃ¡rio apresentar o CPF.

Proteja-se!",,24
Ãlvares Machado,SP,Post,2021-12-28 14:14:46,gov.alvaresmachado,"QUARTA Ã‰ DIA DE FEIRA, mas sÃ³ neste fim de ano.
ğŸ“ğŸ‰ğŸŠğŸ§…ğŸ ğŸŒ¶ï¸ğŸ¥•ğŸ¥¬ğŸ¥’ğŸ«‘ğŸ†ğŸ§„ğŸ¥”

Devido Ã s festas de Ano Novo, a feira livre da Avenida das AmÃ©ricas acontecerÃ¡ nesta quarta-feira, dia 29. 

Vale lembrar que a feira da Rua Presidente Prudente (que ocorre normalmente no sÃ¡bado) sÃ³ volta em janeiro.

E aÃ­, bora pra feira amanhÃ£?ğŸ˜ğŸ¤¤",,70
Ãlvares Machado,SP,Post,2021-12-24 22:19:11,gov.alvaresmachado,"O Governo de Ãlvares Machado deseja a todos um Feliz Natal. 

Muita paz, saÃºde e prosperidade. ğŸ™",,10
Ãlvares Machado,SP,Post,2021-12-21 11:47:59,gov.alvaresmachado,"QUARTA Ã‰ DIA DE FEIRA, mas sÃ³ neste fim de ano.

ğŸ“ğŸ‰ğŸŠğŸ§…ğŸ ğŸŒ¶ï¸ğŸ¥•ğŸ¥¬ğŸ¥’ğŸ«‘ğŸ†ğŸ§„ğŸ¥”

Devido Ã s festas de Natal e Ano Novo, nas prÃ³ximas duas semanas a feira livre da Avenida das AmÃ©ricas acontecerÃ¡ na quarta-feira e a feira da Rua Presidente Prudente (que ocorre normalmente no sÃ¡bado) sÃ³ volta em janeiro.

EntÃ£o, fique de olho nas DATAS:

Feira da Avenida das AmÃ©ricas:

22/12 (quarta-feira) â€“ AMANHÃƒ 
29/12 (quarta-feira)",,52
Ãlvares Machado,SP,Post,2021-12-16 17:34:46,gov.alvaresmachado,"AtÃ© dia 24 de dezembro, os times de futsal de Ãlvares Machado (compostos somente de atletas da cidade) poderÃ£o se inscrever na III Copa de Futsal ""Gustavo Bortoluzzi Cabrera"".

O campeonato ocorrerÃ¡ em quatro categorias> Sub 15 (nascidos em 2009, 2008 e 2007), Sub 18 (nascidos em 2006, 2005, 2004), Sub 21 (nascidos 2003,2002, 2001) e Sub 23 (nascidos em 2000 e 1999). 

As inscriÃ§Ãµes devem ser feitas por telefone nos seguintes contatos: (18) 98821-4235 e (18) 99608-0343.",,28
Ãlvares Machado,SP,Post,2021-12-08 11:25:28,gov.alvaresmachado,"CAMPANHA DO LIXO ELETRÃ”NICO ACONTECE NESTE SÃBADO â™»ï¸

Pilhas, equipamentos digitais, aparelhos de telefonia, tudo o que for lixo eletrÃ´nico poderÃ¡ serÃ¡ ser depositado, neste sÃ¡bado (11), na Casa da Agricultura, das 9h Ã s 14h.

  Lembrando que a Casa da Agricultura fica na Rua Pedro Mazzaro, em frente Ã  agÃªncia dos Correios. 

Ajude a cuidar do Meio Ambiente, participe!",,15
Ãlvares Machado,SP,Comentario,2021-12-08 12:32:18,sy_rocha,,@fel_ipe_fefo precisamos levar aqueles lixos eletrÃ´nicos!,
Ãlvares Machado,SP,Post,2021-12-07 11:31:18,gov.alvaresmachado,"Nesta quarta-feira, 8 de dezembro, das 7h Ã s 20h, a Secretaria de SaÃºde realiza mobilizaÃ§Ã£o para vacinaÃ§Ã£o contra a covid-19 (1Âª, 2Âª e dose adicional) e realizaÃ§Ã£o de testagem rÃ¡pida de HIV/Aids, sÃ­filis e Hepatites B e C. 

A aÃ§Ã£o serÃ¡ realizada na UBS Maria Maia.

 Previna-se!",,26
Ãlvares Machado,SP,Post,2021-12-06 17:55:25,gov.alvaresmachado,"O Bom velhinho vem aÃ­! Ho.Ho.Ho ğŸ…

Nesta sexta-feira (10), Ã s 19h30, o Papai Noel chega Ã  PraÃ§a GetÃºlio Vargas para uma noite muito especial. Traga toda a sua famÃ­lia para participar e prestigiar essa noite mÃ¡gica.",,44
Ãlvares Machado,SP,Post,2021-11-30 17:37:15,gov.alvaresmachado,"Ãlvares Machado tem rosto. 

Falamos da face de nossos pioneiros, aqueles que ainda estÃ£o entre nÃ³s e aqueles que jÃ¡ se foram.

Do rosto dos nossos trabalhadores, que dia apÃ³s dia consagram a frase que dÃ¡ inÃ­cio ao hino: â€œVamos, machadenses, trabalhar pelo bem estar de nossa cidadeâ€!

Da face de nossas crianÃ§as que enfeitam de pureza o presente e nos dÃ£o esperanÃ§a de um futuro ainda melhor.

Em 77 anos de emancipaÃ§Ã£o, Machado tem todos os rostos: Ã© nenÃ©m, crianÃ§a, Ã© adulta, idosa, Ã© lembranÃ§a. 
Nossa cidade tem a cara do nosso povo e Ã© isso que mais nos orgulha.

ParabÃ©ns, Ãlvares Machado.",,121
Ãlvares Machado,SP,Comentario,2021-11-30 21:38:11,paulohairdesign,,ParabÃ©ns a nossa cidade querida ğŸ‘ğŸ‘ğŸ‘ğŸ‘,
Ãlvares Machado,SP,Post,2021-11-23 10:23:07,gov.alvaresmachado,Vem aÃ­ 3 dias recheados de apresentaÃ§Ãµes culturais em homenagem aos 77 anos do municÃ­pio.,,10
Ãlvares Machado,SP,Post,2021-11-23 10:22:43,gov.alvaresmachado,Vem aÃ­ 3 dias recheados de apresentaÃ§Ãµes culturais em homenagem aos 77 anos do municÃ­pio.,,109
Ãlvares Machado,SP,Comentario,2021-11-23 11:16:19,niltonjunior_f,,ğŸ‘ğŸ»ğŸ‘ğŸ»ğŸ‘ğŸ»ğŸ‘ğŸ»,
Ãlvares Machado,SP,Post,2021-11-23 10:21:42,gov.alvaresmachado,Vem aÃ­ 3 dias recheados de apresentaÃ§Ãµes culturais em homenagem aos 77 anos do municÃ­pio.,,33
Ãlvares Machado,SP,Post,2021-09-01 14:40:24,gov.alvaresmachado,Uma conquista que se tornou realidade para os moradores de Coronel Goulart.,,48
Ãlvares Machado,SP,Post,2021-06-17 17:08:53,gov.alvaresmachado,Mais uma conquista em benefÃ­cio da populaÃ§Ã£o machadense.,,77
Ãlvares Machado,SP,Comentario,2021-06-17 23:50:25,edmilsonlorca,,ğŸ‘ğŸ‘ğŸ‘ğŸ‘,
Ãlvares Machado,SP,Comentario,2021-06-19 01:28:21,andresinvaldo,,ParabÃ©ns mais uma conquista,
Ãlvares Machado,SP,Post,2021-06-12 16:05:15,gov.alvaresmachado,"SÃ³ este ano, o Programa Asfalto Novo conta com um investimento de mais de 4 milhÃµes. A melhoria irÃ¡ abranger diversos bairros da cidade.

Recentemente, concluÃ­mos o recape em ruas do Jardim das Rosas, Vila Fernandes e Nossa Senhora da Paz. E tem muito mais vindo por aÃ­.

Confira no vÃ­deo as prÃ³ximas melhorias, entre elas, trecho da Avenida JosÃ© de Alencar,  infraestrutura (drenagem) no bairro Arthur Boigues e muito mais!",,49
Ãlvares Machado,SP,Comentario,2021-06-14 09:38:03,hellenfernandacosta,,"Essa cidade sÃ³ vive de asfalto, Ã© a Ãºnica ocupaÃ§Ã£o da prefeitura fazer asfaltoğŸ™„",
Ãlvares Machado,SP,Post,2020-11-30 23:56:53,gov.alvaresmachado,,,70
Ãlvares Machado,SP,Comentario,2021-02-20 05:32:17,hiagosouzasp,,Que continue crescendo ğŸ™Œ,
